Plate	Inplatecount	Sample	FcR3A_N	FcR3A_zebra	FcR3A_Eadp501	FcR3A_RBD wuhan	FcR3A_AMA1	FcR3A_MSP1	FcR3A_HRPII	FcR3A_FL spike	FcR3A_pp28	FcR3A_EBNA1	FcR3A_VCA	FcR3A_BSA	FcR3A_CelTos	FcR3A_CSP
PLATE1	1	BACKGROUND0	24	48.5	28.5	98.5	59.5	79	82.5	32.5	29	76.5	52	89.5	101.5	141.5
PLATE1	1	AF-MIX-S1	214.5	3914	31	81	8146	21003	4699	47.5	1896	7104.5	5622	151	307	917
PLATE1	1	AF-MIX-S2	379.5	10461.5	100	143.5	24069.5	53119.5	13393.5	60	4581.5	28724.5	18798.5	142.5	313.5	1070.5
PLATE1	1	AF-MIX-S3	117	1782	31	36.5	5842	17076	3504	18.5	566	9246	5877.5	123	124.5	261.5
PLATE1	1	AF-MIX-S4	59.5	943	22.5	66.5	2314.5	11564.5	854.5	5.5	187.5	7246	3355.5	147.5	100.5	298.5
PLATE1	1	AF-MIX-S5	53.5	395	36.5	64	574.5	4220.5	235.5	34.5	88.5	2556.5	1269.5	122.5	66	201.5
PLATE1	1	AF-MIX-S6	52	174.5	14	46.5	275.5	1354.5	127	29	77	1085	607.5	131	68	111
PLATE1	1	AF-MIX-S7	72	92	25	47	106.5	159.5	79	27.5	22	184.5	113.5	118	103	117
PLATE1	2	BACKGROUND0	59	58.5	26.5	26	149	145	88.5	27	30	215	138.5	169	49.5	136
PLATE1	2	AF-MIX-S1	259.5	2713.5	66.5	76.5	4612	17882.5	4464.5	36.5	2076	6564.5	4366.5	145.5	391.5	720.5
PLATE1	2	AF-MIX-S2	308	5100	53	79	12637	33681	7417.5	30	2255.5	18757	10006	161	257	758
PLATE1	2	AF-MIX-S3	174	3337	45	48	7737.5	20316	4214	30	864	12853.5	8344	131	138	427
PLATE1	2	AF-MIX-S4	101	1195	63.5	46	3387	14591	1413	55	219	8155	5243.5	138	83	352.5
PLATE1	2	AF-MIX-S5	61.5	327.5	43	43	424	2847	202	34	77	2065	981	101	101	165.5
PLATE1	2	AF-MIX-S6	57	170.5	30	57	243	1469	145	9.5	52.5	1336.5	600.5	155	56	164
PLATE1	2	AF-MIX-S7	55.5	59.5	17	7	73	172	79	11	28	153	97.5	147	44.5	97.5
PLATE1	3	BACKGROUND0	30	3	-16.5	3033	154.5	813	39	164	4	1123	63	164	47	95.5
PLATE1	1	POST-VACC-S1	47805	3160	-42	19485.5	-157.5	26377	212	26103.5	-47	11236	13559	482	6219	-120
PLATE1	1	POST-VACC-S2	37095	340	-0.5	63349.5	76	12242.5	512	34562	59.5	55613	16762	216	1924.5	79
PLATE1	1	POST-VACC-S3	831.5	54.5	59.5	26899.5	79.5	95.5	73.5	6386.5	58.5	9671.5	605.5	142.5	122	139.5
PLATE1	1	POST-VACC-S4	37.5	42	9	9518.5	77	181	70	648	24.5	1757	109	119	71	100.5
PLATE1	1	POST-VACC-S5	35.5	14	5.5	964	75	50.5	50	70	18.5	235	92.5	136	73.5	86.5
PLATE1	1	POST-VACC-S6	-10.5	-9	-9	26	73.5	-1	39	-9	-15	45.5	50	195	8.5	68.5
PLATE1	1	POST-VACC-S7	74	25.5	23.5	25.5	53.5	43.5	71.5	8	9	1.5	-7.5	154.5	82	96
PLATE1	4	BACKGROUND0	40	30	11	134	307.5	126	118	33	34.5	79	107	152	66	123
PLATE1	2	POST-VACC-S1	64568	5119	7.5	33167.5	9920.5	35951.5	2713.5	41189	1	22088.5	20160.5	537.5	7145	-144.5
PLATE1	2	POST-VACC-S2	38078	346.5	-19	51336	86	8505	47	28516.5	19	46019	12667	374	2172	25
PLATE1	2	POST-VACC-S3	652	14	15.5	22460	122	111	98	5701	9	8081	659.5	212	106.5	95
PLATE1	2	POST-VACC-S4	39	6	-17.5	6836	92	48	-22	404	17	2439	111	312	-71.5	55
PLATE1	2	POST-VACC-S5	52.5	32	29.5	349.5	38.5	42.5	66.5	64.5	34.5	111.5	26.5	147.5	54.5	103.5
PLATE1	2	POST-VACC-S6	40	33.5	44	74	59	21	69	7	37	38	28	128	64.5	125
PLATE1	2	POST-VACC-S7	17.5	13.5	13.5	18.5	27	331.5	33.5	-23	-19.5	34.5	32	121.5	49.5	106.5
PLATE1	1	HC-001K	1862	247	167	131.5	9681.5	29856	2911	35	3775	8787	3485	198	865	1015.5
PLATE1	1	HC-002K	139.5	6913	49	258	7384.5	24263.5	7168	248	1140	10233.5	3066.5	131	331.5	3959
PLATE1	1	HC-003K	432.5	491	396.5	808.5	9541	32505	11556	142	933	13551	7551	139	687	5815
PLATE1	1	HC-004K	45.5	3536.5	41	56	857.5	23305.5	282.5	52.5	1219.5	11203	6086.5	107.5	286.5	119
PLATE1	1	HC-005K	1073.5	92	64	1129	1168	29450	539	69.5	6635	124	1144.5	136	265	112
PLATE1	1	HC-006K	14207	88.5	81	9152	4169	17719.5	1109	7519	72	7273	5082	149	525.5	302
PLATE1	1	HC-007K	4083.5	670.5	191.5	6209.5	4869	8621.5	3453.5	2581.5	1737.5	3069.5	2360.5	259.5	486.5	406.5
PLATE1	1	HC-008K	3556.5	1111.5	412	4172	4670	4659	1412	2123	699	2474.5	1294	218	1556	476.5
PLATE1	1	HC-009K	231.5	1431.5	33	275	6632	24848	2902	-8	6869.5	7563	4725.5	208	1328	175.5
PLATE1	1	HC-010K	1209	4555	1739.5	1826	8949	12209.5	13520.5	594	3692	3626	3570.5	181	9174	4446
PLATE1	1	HC-011K	3885.5	348	186	1931	8110	24368	4902.5	2882	1760	17556.5	6616	323	390.5	2409
PLATE1	1	HC-012K	3887	96	97	527	11120	19041	11676.5	2234	9777	7171	5975.5	242	368.5	2751
PLATE1	1	HC-013K	2383.5	72.5	52.5	6308.5	2333.5	17902.5	677.5	6775.5	94.5	7851.5	5803.5	376.5	201.5	331.5
PLATE1	1	HC-014K	890	66.5	52.5	134.5	8291.5	27093	827	29	786	15091	6464.5	177	363	2064
PLATE1	1	HC-015K	8657.5	6124	637.5	429.5	6498.5	16269.5	6625.5	-57	4840	10154.5	5602.5	366.5	5554.5	1646.5
PLATE1	1	HC-016K	6028.5	175	24	7451.5	2122	9876	419	5105.5	1869.5	6773	2252.5	262	127	222
PLATE1	1	HC-017K	10543	90.5	-1	1730.5	11616	44365	3656	1889	3542	17586	2198.5	214	684	3838
PLATE1	1	HC-018K	261	180	126	63	7424.5	37332	1016	25	595	30577.5	7191	321	397.5	405
PLATE1	1	HC-019K	5839	11920	406.5	14360.5	16022	43600.5	15843	7522	15967	24774	10868	214	1273	168
PLATE1	1	HC-020K	4847	225	153	2564	8151	15889	10517	1597.5	5630	12420	3407	185	780	140.5
PLATE1	1	HC-021K	48069	361	217.5	55143	6585.5	48354	1678	40093.5	1735.5	43254	17182	218	659.5	180
PLATE1	1	HC-022K	1384	1539	1178	239	15191	68236	17050.5	23	5829	34554	15110.5	247	2902	14269
PLATE1	1	HC-023K	977	180.5	222	419	36807	101513.5	6487	15	5710	48799	29585	743	322.5	3865
PLATE1	1	HC-024K	6440.5	285	146	1421	8751.5	26994	1464	3099.5	1097	12698	8869	230	1290.5	306
PLATE1	1	HC-025K	9184	298.5	173.5	16947	2160	25094	1454.5	6876	3539	8730	5487	259	215	2143
PLATE1	1	HC-026K	8009	190	168.5	40313	13153.5	58272	1407	32691	1500.5	27328	21748.5	193	1511	605.5
PLATE1	1	HC-027K	4013	746	177.5	13953	11148	38971	592.5	5934	1710	14621	13158	120	191	3834.5
PLATE1	1	HC-028K	26622	461.5	89	28539	4959.5	40999	7725.5	14426	121	15884	9219	123	119	155
PLATE1	1	HC-029K	244	92	163	127.5	6644	67748	1948	11	21675	36222.5	9417	164	789.5	92.5
PLATE1	1	HC-030K	231.5	138	71	308.5	14439	35726.5	3707.5	69	4036	14139.5	7823	135	568	841
PLATE1	1	HC-031K	69	83	13	17214	40422	65410	53520	64	36519.5	4875	4779	175	991.5	20409
PLATE1	1	HC-032K	11309	27.5	-6.5	16857.5	317.5	29522.5	152.5	6318.5	265	-25.5	63	143.5	281	44.5
PLATE1	1	HC-033K	4980	41.5	37.5	2123.5	9228.5	22070.5	10872	1361	7465.5	8555	6469	293.5	369	300.5
PLATE1	1	HC-035K	1625	98	59	2784	724	43636	542	1837	230.5	22858	9292.5	167	140	1111.5
PLATE1	1	HC-036K	7199	108	96.5	16333	6255	32536	2762	7856	3735	14177	5995	234	273	4360.5
PLATE1	1	HC-037K	7439	40	43.5	3223	2508.5	20832	201.5	90	707	11756	2854	185	92	113.5
PLATE1	1	HC-038K	134	336.5	57.5	323.5	2755	51699.5	634.5	81.5	9108.5	11558	12267.5	216.5	2092.5	205.5
PLATE1	1	HC-039K	1913.5	1270.5	132	1075.5	2587	37350	1035	229	9006	31440	11094.5	223	1751	519.5
PLATE1	1	HC-040K	212	384.5	285.5	288	3078.5	38600	2369.5	41.5	5665.5	20389	10660	217	108.5	777
PLATE1	1	HC-041K	14509	1844	77	13444	4264	17834	4189.5	10652	1133	8242	4802	194	1466.5	272
PLATE1	1	HC-042K	15267	128	70	15811	2553	26089	1032	6278	1974	11468.5	5158	234	185	960
PLATE1	1	HC-043K	9979	149.5	76.5	14473.5	5149.5	22782	2726.5	7170.5	5716.5	21.5	1004	197.5	108.5	698.5
PLATE1	1	HC-045K	8707	72	85.5	5378.5	3709	21243	393	5615	1543	166.5	29	185	165	294.5
PLATE1	1	HC-047K	2110.5	2603	681.5	11757	4233.5	22458	3671.5	7696.5	1516.5	9806	3927.5	190.5	356.5	4240.5
PLATE1	1	HC-048K	1825.5	88	85.5	6736	4026	11268.5	1104.5	3618.5	4427.5	7202	2308.5	137.5	416	1283.5
PLATE1	1	HC-049K	176.5	2700	167.5	231.5	9543.5	42081.5	2417	30.5	2738.5	13801	13212	124.5	356	346.5
PLATE1	1	HC-050K	306	1518	1236.5	181.5	17914.5	35429	4839.5	215	2595	18885	8185	170	734	3060.5
PLATE1	1	HC-051K	16454	121.5	55	1670	303.5	12807	186	848	1041	13859.5	7363	92	104	132
PLATE1	1	HC-052K	7561.5	95.5	57	61784	32642.5	95466	14346.5	41371	591.5	37047	22784.5	161	343	274.5
PLATE1	1	HC-053K	165.5	99.5	63.5	475	1588.5	32156.5	507.5	137.5	25196.5	688	739.5	270.5	608.5	238
PLATE1	1	HC-054K	28830.5	17203.5	339.5	25442	16179	60197	2251.5	16135.5	12270	24871	19326	208	235.5	770
PLATE1	1	HC-055K	10498.5	3656	73	13031	3226	22365	749	10195	3460	9669	4939	181	166	151
PLATE1	1	HC-056K	12282	201	194.5	13758	5147	25218	2113	7959.5	1346	7339	4705	865	891	1201
PLATE1	1	HC-057K	11663.5	135.5	136	34867.5	10573	51834.5	2818.5	16862.5	4753.5	23526.5	12649.5	571.5	12	151.5
PLATE1	1	HC-058K	25490.5	321	69.5	11971	9323	27030	1710	15256	1484	13399	7056	422	984	1907
PLATE1	1	HC-059K	4929	87	154	8331	570.5	14848	420	1967.5	809.5	10575.5	9707.5	340	100	86.5
PLATE1	1	HC-060K	255	112	119	761	15838.5	49886	7338.5	36.5	931	28584	12524	432	418	8266
PLATE1	1	HC-061K	3545.5	3476.5	702.5	2474	26508	49716	23610	4033	9251	25846	18144.5	237	752	6823.5
PLATE1	1	HC-062K	16127.5	145	103	26236.5	622.5	38103	946	14495	358	233	14983	166	215	108
PLATE1	1	HC-063K	14342.5	5107.5	78	15937	301	34274	232	7541	2255	65	5728	139	593	144
PLATE1	1	HC-064K	138	495	57	180	8611	48090	10447	22	768	19930	9543.5	163	7953	2798.5
PLATE1	1	HC-065K	2723	12558	1398.5	1778.5	1069.5	19248.5	265.5	1828.5	11521.5	14088.5	8105.5	216.5	348.5	183
PLATE1	1	HC-066K	484	114	57	131	6129.5	28027	470	51	3162.5	10493	6620	156	244	939
PLATE1	1	HC-067K	8323.5	396	109	5358.5	12176.5	31244	3724	6794	433	11736.5	7709.5	111	440.5	994
PLATE1	1	HC-068K	1321	89	50.5	18915.5	2660	37651	2142.5	8996	7982	15088	8624	139	134	311
PLATE1	1	HC-069K	7703.5	211	66.5	8878.5	3702.5	14186	970.5	4663	463.5	4885.5	4400.5	151.5	172.5	138.5
PLATE1	1	HC-070K	15032	3799	369	22129	13292	44469.5	16835	16310	6072	11745.5	7456	189	22676.5	2509
PLATE1	1	HC-071K	6263	167	42.5	3643	319.5	11786	237.5	4928.5	4828	7110.5	5457.5	234.5	205.5	83.5
PLATE1	1	HC-072K	1514	415.5	352.5	6426.5	5710.5	24682	1118.5	1916.5	8735	13778.5	6089.5	305.5	439.5	2948.5
PLATE1	1	HC-073K	4407	116	134.5	4020	3466.5	35096	1900	2794	4552	14514	7304	412	704	1737
PLATE1	1	HC-074K	265.5	208	143	1864	11457	36447	11065	58	855.5	801	11668	270	245	4599.5
PLATE1	1	HC-075K	5314.5	871	223	3412.5	7466.5	17558	9480	1303	2560	5260	3118	230	2123	714
PLATE1	1	HC-076K	4128.5	275.5	88.5	1253	10751.5	36134.5	14039.5	3010.5	1265	13436.5	10445.5	217.5	516	143.5
PLATE1	1	HC-077K	4189.5	68	30	12640.5	252	15653.5	128.5	7103.5	1857	12402.5	6757	173	81	69.5
PLATE1	1	HC-078K	5810.5	1203	88	2554.5	7423.5	35887.5	3961.5	985.5	3746	16225	7365	179.5	290	95.5
PLATE1	1	HC-079K	3427	68	70	14332	9766	30715	4890	4600	628	8338	5222	149	269	316.5
PLATE1	1	HC-080K	5884.5	3930.5	89	10021.5	292.5	23054	196	5121.5	1954.5	15083.5	6923.5	165.5	286	156.5
PLATE1	1	HC-081K	7901	2439.5	66.5	14912.5	4634	26012.5	230.5	5701.5	203	13781.5	6699.5	173.5	135.5	1288.5
PLATE1	1	HC-082K	6716	6331.5	85	3646	18512	23988.5	240	3064	3464	20246	20041	132	134	177
PLATE1	1	HC-083K	164.5	15935	145	340	2128.5	20881.5	470.5	-11.5	187	4357.5	5792	181	80.5	105.5
PLATE1	1	HC-084K	304.5	91	63	20024	7533	41246	2349	15824	2399.5	5881	6716	172	495	1561
PLATE1	1	HC-085K	104	103	23	472.5	7154	45642	3059	126.5	2115	12482	7231.5	181	588.5	204
PLATE1	1	HC-086K	279.5	2259.5	189	150.5	11855	47320	2172	48	21738	27306.5	6601	260	436.5	586
PLATE1	1	HC-087K	2581	12070	661	50655	33609	105503	40237.5	27173	21149	46547	29775	302	4431.5	3208
PLATE1	1	HC-088K	4517.5	15838.5	76.5	13987	23745	48368.5	10945	13931	5829	28092.5	22970	284	612	13452
PLATE1	1	HC-089K	4807.5	5144	285.5	7708	9548.5	53005	5464	2025	2823	31987	9724	303	626	211
PLATE1	1	HC-090K	143	80	55.5	4437.5	10900.5	67464.5	2067	1338	4449.5	31614	16941	197	189	82
PLATE1	1	HC-091K	253	4850	164	7097	7597.5	24681.5	4008	2861	564	11600	13033	238	732	196
PLATE1	1	HC-092K	1171	165	98	16476	11160	32279.5	1511	7589	1495	14361	10689	365	187	690
PLATE1	1	HC-093K	4412	8195.5	133	21079.5	20327	54808	13198	13098	4434	41811.5	10554	314	374	1296
PLATE1	1	HC-094K	3195	99	62	5523.5	7446	25466	3356	6070	1812.5	10943	3178	275	645	458.5
PLATE1	1	HC-095K	80	43.5	47	67	156	7470.5	103	15	77	1797	121.5	170	98.5	126.5
PLATE1	1	HC-096K	11906	663.5	540	6311.5	13342.5	55126.5	11167.5	11616.5	4035.5	23817.5	13998	166.5	681.5	3554.5
PLATE1	1	HC-097K	39145	251.5	78	30964	19394.5	80392.5	12196.5	20056.5	1342.5	35938.5	20273	162.5	915	14831.5
PLATE1	1	HC-098K	18883.5	763	99	12065	6524	26734	5149	13521	8589	11802.5	6427.5	171	1240	1789.5
PLATE1	1	HC-099K	13123	172.5	98	3209	376.5	19870	263.5	579	101.5	17086	1412.5	189	99	141.5
PLATE1	1	HC-100K	5224.5	752.5	354.5	7475.5	6388.5	18651.5	1777.5	3999.5	1651.5	11722	3658.5	289.5	285.5	1119.5
PLATE1	1	HC19-KC005	638	252	1547	96	7867	37480	3167	66	4750	1014	6043	264	291	459
PLATE1	1	HC19-KC006	465.5	4381	189	225.5	11040	37589	1442.5	42	9804	16709	11558	201	309.5	2190.5
PLATE1	1	HC19-KC007	124.5	3988	160	240	9330.5	27100	7469.5	42.5	116	12284	7539	238	135	2852.5
PLATE1	1	HC19-KC008	129	69	95	106	14324	55328	2587	48	168	19090	2376	284	175.5	146
PLATE1	1	HC19-KC012	188.5	83.5	89.5	338.5	8124	22666.5	7006	20.5	5577.5	8636.5	5491	644	228.5	290
PLATE1	1	HC19-KC015	6426	2885	3957	1530.5	20298	23846	24200.5	713	13173.5	11823	9834	434	3098	10515
PLATE1	1	HC19-KC016	1518	360	186	306	11612	23079	14025	42	1586.5	11349.5	4356	186	2063.5	2450
PLATE1	1	HC19-KC017	3587	1065	1225	1732.5	8645	22588	3134	232	3413.5	7903	4913	300	5851	4449.5
PLATE1	1	HC19-KC019	174	90	92.5	72.5	11847.5	32676.5	3772.5	46.5	141.5	4549.5	513	275.5	39.5	200
PLATE1	1	HC19-KC021	5722	541	795	247	23026	40973.5	4862.5	98	7802	17548.5	3463	228	362	12224
PLATE1	1	HC19-KC022	1626	3492.5	2443	789.5	7214	21137	14240.5	122	5642	8070	6318	177	1345.5	10010
PLATE1	1	HC19-KC024	88	699	310.5	1159.5	12821	33301.5	12005.5	20	10688	1081.5	869.5	243.5	925.5	4438
PLATE1	1	HC19-KC025	1246	1640	1889	490.5	6354	22861	17692.5	200.5	3950.5	8730.5	4652	164	2133	1090
PLATE1	1	HC19-KC026	3734	771.5	182	895	6882	22811	24545	129	3405	8544.5	7677	192	1987	8030
PLATE1	1	HC19-KC027	98	185	137.5	53	4178	17026.5	12655	33	448	10602	5699.5	100	283.5	2082.5
PLATE1	1	HC19-KC028	2656	760	527	4554	33560.5	81106	3062	296	557	40270	12846	190	3194.5	10782
PLATE1	1	HC19-KC029	613	13101	194	154	7092	19917	4258	0.5	2789	12855	5579.5	165	1083.5	5599.5
PLATE1	1	HC19-KC030	560	710	399.5	461.5	24265	70680.5	5525.5	18	3052.5	26010.5	17007.5	175.5	1380.5	6444.5
PLATE1	1	HC19-KC033	118	213	78.5	20	7017	31498	4181	-9	5015	14380	4015	176	260.5	516
PLATE1	1	HC19-KC035	206	660.5	125.5	99	24613	87368.5	13599	5	18475	51358.5	16078	215	592	919.5
PLATE1	1	HC19-KC036	17348	10290	1099	170	14657	39118.5	8450	86	2393	17668	3827	269	1668	14138
PLATE1	1	HC19-KC038	25282	14696	2578	538	38073	106989	40948	122	12900	44508	31911	242	413.5	4959
PLATE1	1	HC19-KC039	7297	1631	475	467	8689	25057	2992.5	232	952	9163	4334	216	971.5	1531
PLATE1	1	HC19-KC040	275	278	1804.5	257.5	8027	54723	1929.5	336	5862.5	20504.5	20904	250	1481.5	870
PLATE1	1	HC19-KC041	4247.5	1652	1847	243	21463	39034	6931	37	3979	20071	15112.5	216	3960	1394
PLATE1	1	HC19-KC047	349	352.5	218.5	351.5	19690.5	51946.5	11298.5	-21.5	1408.5	18766	14941	265.5	9013	2317.5
PLATE1	1	HC19-KC048	193	6284	142.5	221.5	14324	45149.5	8617	267	9154	11852.5	5511	171	2533.5	6700.5
PLATE1	1	HC19-KC049	3041.5	17770.5	2954.5	1557.5	24993.5	21365	58276.5	335	6655.5	11118.5	18272.5	462.5	1808.5	25381
PLATE1	1	HC19-KC050	11307	1127.5	619.5	7041	6419.5	10122.5	14873.5	713.5	4003.5	3941.5	4645.5	142.5	841.5	3715.5
PLATE1	1	HC19-KC051	498.5	652.5	126.5	798.5	16828	37491.5	17239	483.5	3996.5	15980	10711.5	150	88.5	11365
PLATE1	1	HC19-KC057	64.5	208.5	142.5	184.5	10255	9895.5	29943.5	9.5	3831.5	7875	6781	110.5	2027.5	516.5
PLATE1	1	HC19-KC058	2567.5	16205.5	5065	2088	10077	12880	19834.5	-58	7572	10570	7294	738	1337	11633.5
PLATE1	1	HC19-KC059	6469	15984	1130	255	9709.5	17679	17417	78	2245	8610	3631.5	394	781.5	7767.5
PLATE1	1	HC19-KC060	12	987	8455	318	14390	34965	18752	270.5	1838	9531	12156	440	660	10049
PLATE1	1	HC19-KC063	2740.5	3622	858	206	9713	22248	11614	62.5	4013	4585.5	9384	287	4026	9528
PLATE1	1	HC19-KC064	2616	17219	4117	449	19455	23746	24750	99	8679.5	11149	11795	261	2651.5	2886
PLATE1	1	HC19-KC065	1832	490	213	394.5	11436	24538.5	20476.5	70	775	11947.5	4922	335	2442	6161
PLATE1	1	HC19-KC066	274	5823	178	357	14912.5	21187	28855	248	5123	14556	9876	218	326	8059
PLATE1	1	HC19-KC067	1902	11101.5	109.5	65.5	9600.5	31948	800	24	4228.5	12356.5	6353.5	205.5	642.5	4177
PLATE1	1	HC19-KC068	306	247	94.5	836.5	12557	45933.5	2269	25	802	25635.5	9236.5	220	119	316
PLATE1	1	HC19-KC069	417	436	340	210	6828.5	37690.5	6017	1297	960.5	12513.5	5162	168	680	5116
PLATE1	1	HC19-KC070	1190	4749.5	1516.5	434	22731	37061.5	21122.5	357.5	2317.5	11181	9491.5	351.5	1659.5	6371.5
PLATE1	1	HC19-KC071	586.5	6624	446	500	13698	27217	7565	70	1160	11047	8782	167	728	6277
PLATE1	1	HC19-KC072	869.5	125.5	46.5	211	10170.5	45278	6004.5	70	13140.5	12709.5	12221.5	133.5	187.5	1263.5
PLATE1	1	HC19-KC073	594	6787	472.5	210	6731	23155.5	12557.5	122.5	3643.5	9458.5	5533.5	120.5	3908	2772.5
PLATE1	1	HC19-KC074	886.5	1888	2151.5	1331	15084	45603	2795	58	10187.5	20273	11476	128	1134.5	8166
PLATE1	1	HC19-KC075	74	24	41	115.5	3185	22087.5	205.5	13.5	416	8558	2353	322	304	615
PLATE1	1	HC19-KC076	183	250	100	110	14555	37617	8870	-10	7601	12548	8558	173	351.5	7209.5
PLATE1	1	HC19-KC077	6425	1262	886	3955.5	21984.5	52004	27792.5	1010	21699	15179.5	15217	208	1736	28808
PLATE1	1	HC19-KC078	293	256	217.5	690.5	13058	22687	10249.5	57.5	3768.5	7987	8638.5	201.5	990.5	5173.5
PLATE1	1	HC19-KC081	528	3083	741	305	11316	35465	2491	155	5892	12520	7359.5	203	2400.5	11500.5
PLATE1	1	HC19-KC082	3688.5	1922	5439.5	288.5	17399.5	35153.5	1781.5	39.5	384.5	19499	18380.5	194.5	335.5	2190.5
PLATE1	1	HC19-KC083	202	11116	514.5	155.5	28927.5	91009	7048.5	-19	2079.5	47411.5	4496	419.5	475.5	27626.5
PLATE1	1	HC19-KC084	13965	455	661	1861.5	49641	91652	22645	231.5	17716	46549	22838.5	335	10445	13173.5
PLATE1	1	HC19-KC086	2828	231	534.5	2003.5	18221	44258.5	10137	109	5817	17239.5	9636.5	332	4410	11494.5
PLATE1	1	HC19-KC087	1792	1230.5	640.5	713	12105	30799.5	15651	468.5	4859.5	12906	4558.5	350	1122	12017.5
PLATE1	1	HC19-KC088	129.5	124.5	71.5	141.5	33202	37400.5	2288	57.5	99	9069	497	184	173.5	355
PLATE1	1	HC19-KC089	1486	7140	608	709	7358	15588	8075	622	3304	6428	2908	215	4619	7321.5
PLATE1	1	HC19-KC090	1147.5	1798	468	126	1406	77224	4812	24.5	21976.5	34984	27385	159	288.5	162.5
PLATE1	1	HC19-KC091	6284	11.5	-73.5	2438.5	19368.5	49080.5	9284.5	-249	7005.5	27241.5	8697.5	644.5	1527.5	7910.5
PLATE1	1	HC19-KC092	3203.5	435.5	196.5	173.5	15303.5	40491	16997.5	134.5	7921.5	11609.5	14007	185.5	15425.5	7583.5
PLATE1	1	HC19-KC093	85	3526.5	74	62	16229	63825	4323.5	36	2699.5	26023.5	18915	94	335	5404
PLATE1	1	HC19-KC094	1071	1276	1941	833	8205	27547.5	12094	339.5	7499	9133	4409	190	1704	5768.5
PLATE1	1	HC19-KC095	5745	2269.5	316	82.5	10580	17235.5	15548	7.5	3524.5	5206.5	9277	187.5	405	857
PLATE1	1	HC19-KC096	812.5	3086.5	700.5	112.5	14021.5	26974	13212.5	303.5	1362.5	11766.5	6011	227.5	678	4411.5
PLATE1	1	HC19-KC097	341.5	481.5	687	3284	15064	60569.5	32820.5	85.5	3616.5	15241.5	13418.5	108.5	7232.5	2047
PLATE1	1	HC19-NM031	360	46	31	49.5	1204.5	41331	407.5	19.5	740	21101	4896	156	1923.5	180.5
PLATE1	1	HC19-NM032	77.5	17	2	-35	1732.5	29154	209	-35	943	25686	6573	329	-12	40
PLATE1	1	HC19-NM033	107	73.5	98	67.5	3006.5	22355	380.5	-24	66	2490	643.5	305	69	131
PLATE1	1	HC19-NM034	147.5	192.5	53.5	339.5	8546.5	24325	708	41.5	5329.5	13779.5	13226	275	120.5	224
PLATE1	1	HC19-NM035	138	-6	33.5	67	8059.5	16635	724	-14	32	10182	2980	252	63	72
PLATE1	1	HC19-NM036	124.5	54	39.5	102	2236.5	25564	244	-6	895.5	13732.5	10161	245	146	413.5
PLATE1	1	HC19-NM037	108	122	388	1616	1565	37717	709.5	41	9376.5	25177	11059.5	176	112	168
PLATE1	1	HC19-NM038	11522.5	63.5	42.5	46	195	37755	730	3	1321	19065	9411	149	154.5	117
PLATE1	1	HC19-NM039	341.5	15	63	88	8011	30184	2275	0	117	8581	3812	486	27	38.5
PLATE1	1	HC19-NM040	141.5	8292	86	54	896	44881	508	24	245.5	19391	11305	166	210.5	111
PLATE1	1	HC19-NM041	67	37	25	9144	3194.5	31944	305	9.5	530	1477.5	149.5	164	431	80.5
PLATE1	1	HC19-NM042	152.5	1606	81.5	95	323	23126	234	31	829	12536	12401	276	270	85
PLATE1	1	HC19-NM043	35	3517.5	7	18	3885	13554	138	-30	3288	10878	7801	243	52.5	52.5
PLATE1	1	HC19-NM044	179	3600	33	75	8839.5	71156	1932	34.5	31129.5	47138	32042.5	111	352	146
PLATE1	1	HC19-NM045	342.5	596.5	445	57.5	386.5	45114.5	314.5	55	35.5	18517.5	21553	183.5	285	144.5
PLATE1	1	HC19-NM046	1729	29109.5	84	72	2745	45026	483	99.5	1060	46487	33137	180	286	280
PLATE1	1	HC19-NM047	84.5	3481	28	72	421	33374	155	20	20892	28445.5	15951.5	171	173.5	125
PLATE1	1	HC19-NM048	370.5	216	183	126	289.5	67685	860	60.5	11144.5	49566	5034	159	276	119.5
PLATE1	1	HC19-NM049	70.5	37	81.5	103	567	31547	170	-36.5	6955	20148.5	4959	264	61	191
PLATE1	1	HC19-NM050	2512	3411	1801	195	2165	63244.5	4229	43	3590	53512	11104	252	295.5	478.5
PLATE1	1	HC19-NM051	11999	2046	131.5	769	5737.5	13086	8693.5	177	706	7566.5	3422	224	4159	4671
PLATE1	1	HC19-NM052	510	1136	422	245	15523	52075	29939.5	131	3293	15854	10712	183	5955	3037
PLATE1	1	HC19-NM053	1018	259	296	465	22256	75837	18696	147	7222	24287	12327	199	4727	1757
PLATE1	1	HC19-NM054	195	697.5	65	184.5	892.5	66414.5	864	31.5	21368.5	37125.5	21413.5	219.5	292.5	157.5
PLATE1	1	HC19-NM055	230.5	53.5	66	1170.5	3781	39184	623	32.5	3730	21498.5	15467.5	294.5	483.5	201.5
PLATE1	1	HC19-NM056	-3564.5	-699	-3774	3547	-2287	59579	-3526	3037	25976	34842	22838	4249	370.5	-1827.5
PLATE1	1	HC-201K	379.5	10.5	65.5	39131.5	1412.5	51009	265.5	16973	25576	619	379.5	233.5	150	99.5
PLATE1	1	HC-202K	17971.5	52406.5	-27	29449.5	1376.5	41305	378.5	16659.5	35154.5	31446.5	38726	421.5	1406	606
PLATE1	1	HC-203K	108	28	12	23.5	338	37813	178	3	4818	29700.5	22216	148	133.5	118
PLATE1	1	HC-204K	20389	9414.5	27.5	10525	352.5	10579	162.5	4200	194	9152	6441.5	195	105	104
PLATE1	1	HC-205K	5334.5	73.5	-40	8080.5	350.5	18439.5	40.5	5028.5	15997.5	14793.5	10478.5	227.5	273	161.5
PLATE1	1	HC-206K	136	14043	3	954.5	118.5	43480.5	247	294.5	16735.5	34478	12245	208	98	87
PLATE1	1	HC-207K	53.5	44.5	60	109	166	37410	5508	33	6758	109	120.5	175	166	85
PLATE1	1	HC-208K	1197.5	59.5	55	20824	954	31298	366.5	11562	5119	21463	10831	216	780	95
PLATE1	1	HC-209K	1462	29745	36.5	1645	194.5	23458	147	2893	6252	20218	9521	206	85	91
PLATE1	1	HC-210K	1809.5	177.5	58.5	513	100	20612.5	171.5	2465.5	9957.5	23875.5	19871	176.5	132.5	117
PLATE1	1	HC-211K	14071	166	44	13130	164	21367.5	227	7023.5	5739	12345	14106.5	163	137	43
PLATE1	1	HC-212K	48397.5	502.5	4.5	20854	794.5	22360.5	121	22543	4997.5	13251.5	13137.5	231.5	550	395.5
PLATE1	1	HC-213K	260	144	26	5498	346.5	23290	174	3292	573	18749	9957	123	307.5	146.5
PLATE1	1	HC-214K	18021	53.5	38.5	25620	124	34737	233	17085.5	4954	22323	13163.5	155	123	100
PLATE1	1	HC-215K	206	9148	31.5	19899.5	209.5	53365	463	10766.5	472.5	21634	12677.5	136.5	8429	190.5
PLATE1	1	HC-216K	934	92	67.5	15869	656	20927.5	211	7654	168	13220	4845	158	103.5	75
PLATE1	1	HC-217K	31656.5	5286	33	16379	100.5	16014	136	7715.5	5787	13903	7768	143	99.5	108
PLATE1	1	HC-218K	3683	79	114	5471	252.5	15093	128.5	2738	2251	15528	7829.5	332	182.5	199
PLATE1	1	HC-219K	16544.5	318	5.5	14744.5	201	24360.5	162.5	1697	3998.5	19921.5	9278	217	35	40
PLATE1	1	HC-220K	542	57	51.5	82.5	336	14126	99	143	47	5580.5	654	179	92	134.5
PLATE1	1	HC-221K	13735.5	49	58	14103.5	121	44022	228.5	4606	2300	30855	7646	294	48.5	84
PLATE1	1	HC-222K	156.5	-6.5	20	6	22.5	191	66.5	7	14.5	68	50	170	62.5	32
PLATE1	1	HC-223K	235.5	55.5	55.5	52	56.5	158.5	102.5	41.5	58.5	132.5	76	133.5	79.5	148.5
PLATE1	1	HC-224K	79521	42	24.5	52844	309.5	62086.5	240.5	30366.5	54	40156.5	35615	212.5	821.5	85
PLATE1	1	HC-225K	214.5	1318	38	451	184	32501	343	36	1174	21159	15568	360	87	191.5
PLATE1	1	HC-226K	25425	9489.5	-76	37097.5	69	58674	83	20462	21306	26863	45119	407	923	407.5
PLATE1	1	HC-227K	15701	27.5	71	39342.5	922.5	88520	642	20790	8722	30294.5	27350.5	250	1596	138
PLATE1	1	HC-228K	14575	273	9	30718	275	54017	316	18794.5	19444.5	36856	12269	386	140	175
PLATE1	1	HC-229K	10240.5	261	65	1902	112	20717	142	754.5	1045	27985	10766	175	79.5	123
PLATE1	1	HC-230K	22476.5	4821.5	101	53090	220	46026.5	399.5	30475	10169	37903	19692.5	218	307	106
PLATE1	1	HC-231K	163	2808	201.5	106	203.5	37101	229	47	282	16996.5	26797.5	187	758.5	175
PLATE1	1	HC-232K	17853	115.5	65.5	11315.5	143.5	60857.5	332.5	6367.5	97.5	45202.5	16814.5	163.5	5570.5	118.5
PLATE1	1	HC-233K	14002	40.5	37.5	25528.5	105.5	16446	91	11383	1211	18363	14112	167	1093.5	49
PLATE1	1	HC-234K	362	31	-2	6821.5	153.5	35989	115	2948	38.5	34073	16912	89	132	102
PLATE1	1	HC-235K	10026	56.5	12.5	17226.5	191.5	11108.5	66	9487	424.5	12589.5	5767	71.5	96.5	104
PLATE1	1	HC-236K	22038.5	56.5	49.5	16915.5	389.5	14274.5	184.5	9870.5	1684.5	13433	7604.5	142.5	154	130
PLATE1	1	HC-237K	5456	57.5	30.5	10551	456	23394.5	186.5	6282.5	58.5	14631.5	11401	132.5	149	2904.5
PLATE1	1	HC-238K	29753	-56	-57.5	29593	84	33324.5	2	9700	766	25805	2901.5	278	303	94
PLATE1	1	HC-239K	15082	33.5	-2	9182	72	29571	127	3771	951.5	23752	7471	209	160	333
PLATE1	1	HC-240K	49762	3959	42	22561	87.5	35317	320	14842	4110	25938	12614	145	765	149.5
PLATE1	1	HC-241K	2989	410.5	28	19391.5	122	23899	111	10222	4513	10858	5622.5	222	173	147.5
PLATE1	1	HC-242K	260	-16	28.5	186	327	41453	207	65	348	27704	13364.5	273	229	78
PLATE1	1	HC-243K	14263	350	25.5	13203	72	23599.5	115	8277	4214.5	22299	14106	270	269.5	77
PLATE1	1	HC-245K	18852.5	2799.5	4	18533	101	25435.5	209	9070	13820	13525	8483.5	248	93.5	117
PLATE1	1	HC-246K	2878.5	2173.5	13.5	18301.5	226.5	26539.5	302.5	5498	3737	21987	8591.5	114.5	84	81
PLATE1	1	HC-247K	36733	59	58	15969.5	362	26886.5	223	8633.5	1455.5	17747	10826	121	157	138
PLATE1	1	HC-248K	8328	314	328	19456	367.5	26439	927	10925	2996	16798	10043	169	244	124
PLATE1	1	HC-249K	35104.5	22.5	47.5	20659	173.5	30597	249	22713	5949	20283	13767.5	301	229	64.5
PLATE1	1	HC-250K	7310.5	157	41.5	19179	88.5	14058.5	137	10397	42	12120	9149	172	101.5	109
PLATE1	5	BACKGROUND0	57	22	128	58	48.5	367	207	62	78.5	-29	521	167	77.5	191.5
PLATE1	1	MBL-125	166.5	2400	6290.5	128.5	345.5	13156.5	267.5	203.5	12049.5	6094.5	14593	107.5	266.5	258.5
PLATE1	1	MBL-126	349	37102.5	155	25315.5	277.5	55324.5	385	18.5	13919.5	30028	34227	242.5	157	153.5
PLATE1	1	MBL-127	135	23	85	171	525	32522	418	7	1649.5	12112	11676.5	179	5038	95
PLATE1	1	MBL-128	665	109	85	587	10311.5	64873	702	15	756	24960.5	28498	187	10932	191.5
PLATE1	1	MBL-129	925	13196	-320.5	393.5	688	35603	-179	64	814	42380.5	20679	521	491.5	124.5
PLATE1	1	MBL-130	269	645	1825	128.5	113	46157	111	35.5	729	63329.5	23269	293	101	124
PLATE1	1	MBL-131	307.5	51243.5	187	121	30283	92947	5023	34.5	10011.5	39731	29576	250	1902	7010.5
PLATE1	1	MBL-132	89	259	28.5	125.5	9001	57995	335	-16	6765	50875.5	23525.5	287	776	78.5
PLATE1	1	MBL-133	269	800	109	110	275	14423	192	20.5	5488	18530	11009	319	330	105
PLATE1	1	MBL-134	1237	3762	355.5	326.5	22115	38944.5	1054.5	40	1103	16124	22890.5	169	307	4017
PLATE1	1	MBL-135	187	188	66	453	11255	54632	823	57	22923.5	30739	22684	159	574.5	99
PLATE1	1	MBL-136	43	20451	9	42	169.5	45747	160	-25	19413	27993	23669	144	38	3654.5
PLATE1	1	MBL-137	72.5	7605.5	61.5	35.5	122.5	23951	153.5	20.5	6957	14642	9351	101.5	100.5	917
PLATE1	1	MBL-138	1014.5	48568.5	29.5	387.5	1165.5	25953.5	232.5	57.5	1104.5	34374.5	24687	243.5	685.5	112.5
PLATE1	1	MBL-139	84	51	21	19.5	25647	38723	5200	-2.5	17204	18	4705	185	289.5	1048.5
PLATE1	6	BACKGROUND0	64.5	71	56	51	64.5	52	152.5	32	62	-3	62	93	76	152
PLATE1	7	BACKGROUND0	-6	0.5	9.5	0.5	-3.5	9.5	37	-13.5	-11.5	-26	-18.5	99.5	34	85.5
PLATE1	8	BACKGROUND0	85.5	67.5	66.5	59	62	115.5	73.5	20.5	47.5	799	171.5	144.5	93.5	152.5
PLATE1	9	BACKGROUND0	62	57	30	36	114.5	504	83	34	23	4605	102	108	84.5	99.5
PLATE1	10	BACKGROUND0	14	7.5	22	18	21	13.5	57	5	-0.5	-6	11.5	104	72.5	90
PLATE1	11	BACKGROUND0	29.5	40.5	29	32.5	30.5	32	53	-4.5	7.5	-29.5	20	178.5	104.5	93
PLATE1	12	BACKGROUND0	37	27	26	15.5	68	86	65.5	8	41	404.5	251.5	97	78	136
PLATE1	13	BACKGROUND0	61.5	33	22	38	72	228	75	-3	31	348	337.5	141	52.5	111
PLATE1	14	BACKGROUND0	49	5	29	28.5	20	238.5	43	-4	25	122	92.5	148	70.5	97.5
PLATE1	15	BACKGROUND0	28	41	18.5	16.5	30	64.5	72	-17	18	15.5	35.5	133	77.5	99.5
PLATE1	16	BACKGROUND0	15	36	-7	14	-10	-8	33.5	-11	-2.5	2.5	2	101	85	103
PLATE1	1	MBL-151	244.5	-53.5	-65	821	140	21652	477	250	17054	25509	9846.5	255	10	-40.5
PLATE1	1	MBL-152	1675	14337	83.5	10894.5	18012	63218.5	35754.5	2107	6913.5	19541	19872	107	2461	1163.5
PLATE1	1	MBL-153	1756	11924	175.5	1020	15508	29121	15004.5	95	2351	11345.5	7976	111	2598	911
PLATE1	1	MBL-154	589.5	1581.5	312.5	1175.5	17820.5	59261.5	29527.5	62.5	19578	29390.5	12697	138.5	905.5	2407
PLATE1	1	MBL-156	4531.5	425	231.5	14823.5	9185	38041.5	21108.5	17868.5	12839	9884	4065	182.5	1358.5	12096.5
PLATE1	1	MBL-157	7211	80.5	35	17797	12837	34912	8722.5	17728.5	1456	2022	6895	117	474	887
PLATE1	1	MBL-158	78.5	4302.5	234.5	36.5	10460	18455.5	3780.5	32	153.5	15563	6335.5	74.5	145	133
PLATE1	1	MBL-159	15681.5	45	33.5	13065	2113.5	64876	376.5	2423	7739	22545	36876	138	568.5	514
PLATE1	1	MBL-160	9	16027	-10	22.5	4087	51260.5	329.5	-7	23146	23420	10646	153	165	36
PLATE1	1	MBL-161	13665	8509	3.5	16268	41096	99458	31158	3100	1944	47154.5	30245	151	209	210
PLATE1	1	MBL-162	16120	278	96.5	11673.5	524	23673	342.5	1454.5	9495	18014	7695	105	261	97
PLATE1	1	MBL-163	256	113	72.5	282	19532.5	55542.5	18893.5	13.5	4890.5	19943.5	7126.5	92.5	702.5	6852.5
PLATE1	1	BL763	82	7381	71	25.5	13535.5	23918	174.5	16	370	21351	14146	100	155	105.5
PLATE1	1	BL764	42.5	24160.5	22152.5	110.5	375.5	79088.5	1178	141	4573	66080.5	34327	188.5	337	245
PLATE1	1	BL765	126	89	68	68	920	32369	841	18.5	11463	26299	3079	81	526	307
PLATE1	1	BL766	3215	221	117	15191	35239.5	68431	5942	56.5	10116	52161	27024.5	257	4978	1988
PLATE1	1	BL767	1129	3008	944	64.5	10014	52074.5	49211	119	616.5	1569	44213	149	668	3665.5
PLATE1	1	BL768	1321	37600.5	438	432	31941	85260	19025	146.5	34086.5	36619	24000	121	2722	4973.5
PLATE1	1	BL769	444.5	3437	14	45	18963.5	41281	3055	19.5	5482	17149	23755.5	137	306	12038
PLATE1	1	BL770	29	44354	210	5160.5	33583	80021	9836	71	30593	113	23998	168	916	18795.5
PLATE1	1	MBL-059	-257	-418	-409	680	18736	36901	10441.5	890	4821	16978.5	8755	684	540.5	1049
PLATE1	1	MBL-108	49	17851	25	27	16122	56702.5	1363.5	30	4286	25701.5	17292.5	108	102	108.5
PLATE1	1	BL739	2792.5	12569.5	2391.5	593	12507	29871.5	6926	-12.5	4939.5	13506.5	9800.5	136.5	2380	2263
PLATE1	1	BL654	700	20831	516	214	21949	39269	20831	114	1851	5934	12714	141	1661	20294.5
PLATE1	1	BL671	4500	883.5	11.5	80	12260.5	40176.5	15175	54.5	9619.5	15350	4461	101	256	6228
PLATE1	1	BL683	804	846	526	461	11081	36885	3330	172	3480	14783	21116	129	12466.5	5705
PLATE1	1	BL701	6083	2862	714.5	158	29505	79321	39397.5	152	3373	23572	17387.5	138	1311	3643
PLATE1	1	EBV-MALE-NEG	144.5	95	81	109	283.5	43864	223	56	628.5	1122	264	110	6436.5	222
PLATE1	2	EBV-MALE-NEG	146.5	60.5	79	78	183	38519	184	85.5	462.5	14	209.5	115	5145.5	221
PLATE1	1	EBV-FEMALE-NEG	39	27	19	28	68	1465	69.5	14	15854.5	6	121	119	105	503
PLATE1	2	EBV-FEMALE-NEG	35.5	22	21	49.5	102.5	4434	95.5	25.5	20309	27.5	98.5	103.5	102.5	1078.5
