Plate	Inplatecount	Sample	IgA2_RBD alpha	IgA2_N	IgA2_RBD beta	IgA2_RBD omicron	IgA2_RBD lambda	IgA2_RBD gamma	IgA2_zebra	IgA2_Eadp501	IgA2_RBD delta	IgA2_RBD wuhan	IgA2_AMA1	IgA2_MSP1	IgA2_HRPII	IgA2_Tetanus	IgA2_HCoV-229E	IgA2_HCoV-NL63	IgA2_HCoV-OC43	IgA2_pp28	IgA2_pp65	IgA2_EBNA1	IgA2_VCA	IgA2_FL spike	IgA2_BSA	IgA2_CelTos	IgA2_CSP	IgA2_HCoV-HKU1
PLATE2	1	BACKGROUND0	30	11	35.5	25	19	44	29	11	36	39	48	16	46	7.5	49	76.5	46	22.5	22	12	8	18	49	100	36	10
PLATE2	1	AF-MIX-S1	-429	-370	-553	-560.5	-542	-507	-539	-557.5	-407	125	107.5	-485	-511.5	-548	89.5	180	308	150	-259	86	207	-153	654	155	-405	-22
PLATE2	1	AF-MIX-S2	-259	-241	-352	-335	-331	-291	-328	-339.5	-249	56	102.5	-297	-294.5	-331	64	134	229.5	64	-114.5	51	150	-114	433	114.5	-248	14
PLATE2	1	AF-MIX-S3	-44	-34	-61	-58	-55	-22.5	-38.5	-61	-29	37	33	-47.5	-23	-56	80.5	91	90.5	28.5	20	30	43	-24	130	112.5	-14	10
PLATE2	1	AF-MIX-S4	-12.5	-13	-26	-17.5	-17	7.5	-4	-19	9	15	31	-8	14.5	-33	49.5	73.5	45.5	4	-8.5	5	16	-12	92	86	8	-9.5
PLATE2	1	AF-MIX-S5	4	-9	8.5	-4.5	-9	24.5	18	-4	19	19.5	27	-1	38	-15	56	91.5	36.5	10.5	12	7	9	3	71	122.5	17	6.5
PLATE2	1	AF-MIX-S6	-3.5	-0.5	-1	-5	-6	15	14	-8	20.5	10	17.5	-1	33	-8.5	43	74	47.5	14	6.5	-9	-9	-2.5	71	93	17	-10
PLATE2	1	AF-MIX-S7	11	3.5	10.5	12	9	32	28	-3	22	14	40	-2	47.5	-11	54	71	37	3	8	-1	3	-2	63	100	20	2
PLATE2	2	BACKGROUND0	4	2	11	5	11	34	32	3	31.5	19	39	9	55	-10	48	73	38	9	26.5	-1	0	7	59	100	22	6
PLATE2	2	AF-MIX-S1	-474.5	-433	-662	-643	-644.5	-591.5	-647	-663	-502.5	204.5	114.5	-589.5	-607.5	-646.5	77.5	188.5	307	93	-293.5	93.5	258.5	-154.5	760.5	85.5	-499.5	-20.5
PLATE2	2	AF-MIX-S2	-116	-96.5	-158	-143.5	-134.5	-111	-129.5	-154.5	-96	53.5	65	-132.5	-109	-158	47	88	128	41	-3	33	63.5	-42	233	109	-86.5	-7.5
PLATE2	2	AF-MIX-S3	-78.5	-57.5	-94	-95	-101.5	-54	-89	-98	-52.5	39.5	68.5	-82	-39.5	-96	89.5	101	117	48	-10	41.5	24	-27	171	120	-27	4
PLATE2	2	AF-MIX-S4	10	9	-4	-12	-5.5	25.5	10	-20	20	26.5	35	-5.5	36	-21	44	79	61	17	17	-5	6	-12	77	90	16.5	-7
PLATE2	2	AF-MIX-S5	8.5	7	1	6	22	33.5	23	-6	24	13	34.5	-2	43	-7	50	87.5	54	17	24	11	0.5	7.5	63	117	25	4
PLATE2	2	AF-MIX-S6	10	12	6	9	9	34	18	-3.5	32	26	34.5	1	48	-9.5	52	71	50	19	16	11	-0.5	5	61	92	27.5	10
PLATE2	2	AF-MIX-S7	-6	-6	7	3.5	6	22	29	-12	19	4	25.5	-4.5	45	-21	44	58	31	6	10	-9	0	-2.5	67	89	19	1
PLATE2	3	BACKGROUND0	16.5	-7	15	15.5	0.5	38	22	-3	27	45.5	37	7	43	-9	41.5	100	27	24.5	26	9	-8	24	64	131.5	29	1
PLATE2	1	POST-VACC-S1	-445	-601	-505.5	-641.5	-503	-498	-637	-658.5	-437	90	121.5	-648.5	-608	-673	-235	347	177.5	38	-356	-55.5	-94	-176	764	221	-446	-263
PLATE2	1	POST-VACC-S2	-12	-71.5	-42.5	-66	-26.5	-13.5	-66.5	-76.5	29.5	54.5	42.5	-68.5	-38.5	-92.5	20.5	124.5	115	24.5	-25.5	1.5	-3	-9.5	153.5	105.5	-22	-12.5
PLATE2	1	POST-VACC-S3	27	7	20	13	15	43.5	21	-4.5	46.5	34	39	10	46.5	-12	55	90	62	20	10.5	7.5	4	3	67	105.5	16	3
PLATE2	1	POST-VACC-S4	22.5	6	23	8	23	40	41	9	45	35.5	19	1	55	-4	55	77	41	23.5	28	6	-0.5	6.5	54	102	23	5
PLATE2	1	POST-VACC-S5	9	6	7	6	6.5	35	35.5	-2	28.5	11.5	20	-4	57	-3.5	42	83	29	3.5	15	-2.5	-14	5	63	100	12.5	-6.5
PLATE2	1	POST-VACC-S6	31	19	17	21	24.5	43	35	18	29	22	39	24	61	7	55	83.5	51	28.5	30	5	7	13	49	126	29.5	7.5
PLATE2	1	POST-VACC-S7	0	-5	5	2	7	27.5	18.5	-8	26	3.5	17	1	38	-11	32.5	64	22	22	5	-1	-6	-7	64	105	21.5	-6
PLATE2	4	BACKGROUND0	-5	-2.5	-4.5	8.5	5	25	9	-18	12	17	12	-9	35	-13	28	53	20.5	-8	9	-5	-25.5	-14	72	92	15	-15
PLATE2	2	POST-VACC-S1	-635	-820	-720	-852	-693	-709	-837	-884.5	-675	45	145.5	-844	-831	-881	-415	227	-25	51	-428	-174	-257	-255	984	238.5	-590.5	-429
PLATE2	2	POST-VACC-S2	-41.5	-104.5	-80	-110.5	-73	-51	-94.5	-136	-14	35	31	-115.5	-70	-139	17	121.5	102	5	-39	-3	-21	-53	194	126	-37.5	-48.5
PLATE2	2	POST-VACC-S3	2	-24.5	3	-13	-5	25	13	-32	28.5	22	27	-22	16	-25	42	91	37	17.5	7	2	-15	-9	82	87	18	-3
PLATE2	2	POST-VACC-S4	16	13	15	19	18	46	36.5	13	39	24	40	14.5	47	-3	55	73	32.5	5	19	8	-6	3	57	106.5	20	6.5
PLATE2	2	POST-VACC-S5	-1	-3	9	19	11.5	35	17	-9	27	14	26	-2	45	-9	33.5	68	26.5	3	15	-4.5	-11	-2	64	90	11	-7
PLATE2	2	POST-VACC-S6	7	-7.5	12	0	8.5	29	22	-6	29	4	22	11	45	-3	44	75	24	6	26.5	-2	-11	-4	61	102.5	19	-7.5
PLATE2	2	POST-VACC-S7	9	-5	2.5	14.5	4.5	29.5	17	-8	25.5	2	30	-4.5	34.5	-14	32	53.5	22	0.5	7	-3	-18	-4.5	67	85.5	15	-6
PLATE2	5	BACKGROUND0	13	9	8	22	16.5	37.5	34.5	-4	34	13	30	13	48	-4	44	71	51	27	17.5	3	6	5	57	113.5	20.5	1
PLATE2	1	HCAM-002-S1	-406	-416.5	-423	-437.5	-422	-381	-427	-457	-389	23	61.5	-420	-404	-460	1	151	20	175	-142	8.5	58	-123.5	537	170	-300	-126.5
PLATE2	1	HCAM-002-S2	-65.5	-73	-80	-76	-86	-46	-56.5	-95	-56.5	26	11	-87	-43.5	-88.5	19	64	49.5	26	-21	-15	-7	-32	161	70	-26	-36
PLATE2	1	HCAM-002-S3	4	12.5	1.5	7.5	8.5	35.5	22	-8	29.5	24.5	50	-4.5	40	-10	49	81.5	46.5	28.5	21.5	-1	5.5	-2.5	67.5	104.5	23.5	-1.5
PLATE2	1	HCAM-002-S4	8.5	3	6	8.5	17	30	22	-9	26.5	16	15	13	41	-7	47	66	40	9.5	18	-3	-4.5	-4	65	98	25	4
PLATE2	1	HCAM-002-S5	14	21	5	17	10	42	32.5	0	30	9	32	13	49	-5	43	76	28	26	25	-7.5	3	6	57	119	31	-6
PLATE2	1	HCAM-002-S6	3.5	-3.5	12	9.5	8	37	18	-9	29.5	18	23	9	44	-5	38	67.5	40	0	7	-9.5	-5	-1.5	66	94	14	3
PLATE2	1	HCAM-002-S7	5	0	14.5	10	6	34	20	-4	27	6	14	-5	44	-11	38.5	63.5	33	6.5	16	-7	-6.5	11.5	63	107.5	13.5	-6
PLATE2	6	BACKGROUND0	17	-6	6	14	13	31	41.5	4	28	20	27	2	52	-10	49	70	31.5	11	15.5	2	-3	2	59	101	21.5	1.5
PLATE2	2	HCAM-002-S1	-814	-806	-810	-792	-810.5	-772.5	-807	-847	-775	-167	113	-753	-799	-846	-95	117.5	-42	674.5	-194.5	-67	57	-191	932	173	-595	-230
PLATE2	2	HCAM-002-S2	-50	-54.5	-58	-66	-57	-30.5	-47.5	-84	-27	38	53.5	-56	-19.5	-79.5	42	76	43	40.5	-14	4	-4	-4.5	141	101.5	14	-18
PLATE2	2	HCAM-002-S3	3	-6	1	9.5	9	24.5	25	-8	20.5	23	31.5	4	40	-13.5	55	94.5	43	20	19	3.5	-5.5	11	70	102.5	31	5.5
PLATE2	2	HCAM-002-S4	14	2	15.5	20.5	22.5	37	34	0	39	27	42	20	63	-2	53	77	37	27	20.5	-2	6.5	14	56	109.5	38	5
PLATE2	2	HCAM-002-S5	9.5	1.5	3.5	10	11.5	26.5	26.5	-7.5	30.5	6	31	-0.5	38.5	-9.5	36.5	71.5	30	6.5	8.5	3.5	-5.5	2	64.5	92.5	19.5	-5.5
PLATE2	2	HCAM-002-S6	-6	-7	-1	11.5	7	31	16.5	-10	17.5	7	16	-10	53	-5	34	47	25	5	18	-12.5	-13	-2.5	70	103.5	17.5	-6
PLATE2	2	HCAM-002-S7	8	8	2.5	14	12	44	23	6	25	14.5	18	4	58	-0.5	38.5	68.5	38	15	18	1.5	-1	1	61	109	25	-2
PLATE2	1	HC-101K	-516.5	-789	-678.5	-801.5	-633	-710.5	-823	-845	145	434.5	136	-800	-790	-841	258	108	11758	189	-490	-29.5	241	-81	937	86	-755.5	2529.5
PLATE2	1	HC-102K	-28	-193.5	-150.5	-154.5	-172	-113.5	-189.5	-208	65.5	131.5	156.5	-148.5	-147.5	-205	292.5	356.5	480.5	52.5	-0.5	-0.5	32	-27.5	308.5	179.5	-114.5	151
PLATE2	1	HC-103K	-440.5	-516	-513	-507	-514.5	-485	-523	-547	-332.5	326	77.5	-511.5	-487	-562.5	-446	92	-12	-185.5	-450	147.5	344	-158	636	438.5	-445	-488
PLATE2	1	HC-104K	-352	-480.5	-476.5	-450.5	-471	-423.5	-479.5	-512.5	-264.5	82.5	205.5	-501.5	-468.5	-526	-423.5	-24	-324.5	-20	-373.5	137.5	-280.5	-154.5	610.5	625	-170.5	-478.5
PLATE2	1	HC-105K	-45	-183	-147	-114	-147	-123	-178	-206	106	144	71.5	21	-155	-209	-29	116	125.5	32	-94.5	26	38	-14	292	200	-141	-13
PLATE2	1	HC-106K	-48	135	-64.5	-157.5	-154	-36	-172.5	-203	100.5	62.5	63.5	-151.5	-143.5	-195.5	53.5	303.5	84.5	93.5	-87.5	-17.5	115.5	-49.5	281.5	146.5	75	137.5
PLATE2	1	HC-107K	27	-188	-84	-158	-47	-41	-197	-213	254	155	41.5	-169	-168.5	-217	40.5	83	47	79.5	-119	0	96	-61	295	168	233	-52
PLATE2	1	HC-108K	-299	-356.5	-363	13468	-350.5	-314	-383	-415.5	-278	84	208	-308	-351.5	-410	-271	72	-135	108	-188	232	-102	-107.5	521	158	-318	-281
PLATE2	1	HC-109K	626.5	-240.5	-13.5	-246	382.5	-17	-244	-277.5	643.5	413.5	-11.5	-250	-216	-268	-131.5	99.5	74.5	32	-162.5	29.5	337.5	1	343.5	237.5	-197	-158.5
PLATE2	1	HC-110K	-2917.5	-2981.5	-2963	-2943	-2970.5	-2955.5	-2963	-2982.5	-2869.5	367	614.5	-2882.5	-2963.5	-3002.5	-2807	-72.5	-2734	8048.5	-2828	-521	728.5	-1613	3076.5	1330	-2951.5	-2887.5
PLATE2	1	HC-111K	-77	-259	320	-185	-202.5	22	-260	-270.5	105.5	64.5	93	-218	-239	-295	-49	108	-45.5	791	249	-41	100	-51	371	116.5	-240	-90.5
PLATE2	1	HC-112K	524	-155	-203	-252	201	-157	-254	-286	1843	401	175	-201.5	-241	-269.5	-71	88	636	52	4	-8	28	1.5	379	205.5	140	-132
PLATE2	1	HC-113K	73.5	-252.5	-185.5	-220.5	-149.5	-117.5	-237	-257.5	-146.5	157	106	-163.5	-224.5	-252.5	13	110	412	399	-141.5	15.5	107	-67.5	350.5	160.5	-152.5	-48.5
PLATE2	1	HC-114K	0.5	-57.5	-60.5	-51.5	-69.5	7.5	-71.5	-96.5	49.5	21.5	31	-48.5	-45.5	-104	-22.5	46.5	20.5	-6.5	-27.5	21.5	3.5	-30	165.5	125	-51.5	-87.5
PLATE2	1	HC-115K	-79	-317	-279.5	-320	-268	-216	-331	-294.5	127.5	128	142	-280	-297	-348	-173.5	49	58	1469	-182	104	28	-64.5	451	147	-201	-210
PLATE2	1	HC-116K	-245	-267	-396	-364.5	-336	-340	-391.5	-375	-155	186.5	85	-361	-365	-417	-238	117	-189	-147	-341	-12.5	558.5	-170	499	393	-336	-344
PLATE2	1	HC-117K	-84	1553.5	-101	-100	-114	-70	-105	-122	-71	60.5	30	-110	-79	-132	129	129	374	49	-28	18.5	98	-23	204	147	-96	62
PLATE2	1	HC-118K	59	-150.5	-164.5	-163	-116	-70.5	-182	-206	599	64	-32	-178.5	-160.5	-211	-29.5	60.5	32	32.5	-138	-45	27	-50.5	285	156	-138	-57
PLATE2	1	HC-119K	-81.5	-200.5	-223.5	-218.5	-189.5	-157.5	-196.5	-232.5	46.5	248.5	57.5	-198.5	-173.5	-226.5	-86	35.5	1441.5	-17.5	-154.5	-42.5	113.5	-55	311.5	290.5	-209	-132.5
PLATE2	1	HC-120K	-215	-250	-219	-182.5	-220	-202.5	-260	-290.5	-197.5	174	97	-270	-255.5	-308	-93	218	252	-0.5	-183.5	42	578	-36.5	380	211.5	-222.5	-19
PLATE2	1	HC-121K	-63	-107	-103	-104.5	-105	-53	-90.5	-123	-69	33.5	62	-86.5	-79.5	-130	59	106.5	161	9	-36	6	-15	-30	194	123	-98	39.5
PLATE2	1	HC-122K	96.5	-61	-21	-37	-37	-5	-47	-72	19	157	71	-53	-26	-75.5	90	114.5	91	42	-5	8.5	4	-20	149	134	-41.5	-11
PLATE2	1	HC-123K	-433	-492.5	-483.5	-484.5	-481.5	-437	-469	-504	-404.5	139.5	97	-486.5	-447.5	-516.5	-315.5	66.5	191.5	-201	-353.5	-41	95.5	-165.5	581.5	340.5	-425.5	-355.5
PLATE2	1	HC-124K	1465	-269	-141	-263.5	-282	-117.5	-269	-305	-188	72	108	-266	-265.5	-294	-67.5	235	1610	12	-164	47.5	-15.5	-78	387	364.5	-237	-120
PLATE2	1	HC-125K	-393.5	-457	-465.5	-443.5	-440	-408.5	-477.5	-477	-278	305.5	105	-449	-458.5	-501.5	-317.5	139	-243.5	6.5	-290.5	94	149.5	-88.5	589.5	380.5	-296.5	-375.5
PLATE2	1	HC-126K	3	32.5	-19.5	-25	-26.5	4	-15	-33	18.5	17.5	48	-7.5	12.5	-43	30	56	126	26.5	0.5	-0.5	42.5	-7	105	117	-12	-17
PLATE2	1	HC-127K	3435.5	-334	-221	-353	-223	-196	-372	-377	4576	1157.5	52	-371	-365	-399	-156	149	76	262	-263	4455	124	-42	485	188	-327	-186
PLATE2	1	HC-129K	45.5	-49	-46	-63	-12	-6.5	-66	-81	224.5	134	63	-67	-43	-94.5	-23	84	15.5	-4	-32.5	47.5	177.5	-16	156	160	-21	-58.5
PLATE2	1	HC-130K	64	-115.5	-109	-31	-102	-77	-100.5	-131	193	73	78	-78	-82.5	-132	16	104	45.5	73.5	-54.5	3	26	-37.5	207	161	-85	-58.5
PLATE2	1	HC-131K	-84	-105	-115	-106	-97.5	-81	-95	-139	101	29.5	29	-84	-84	-135	-17	32	81	0	-59	23	82	-54	200	171	-86.5	-56
PLATE2	1	HC-132K	3920	-384	-112.5	-373.5	420	-96	-372	-408.5	3563	2295.5	164	-352	-360	-422	-134	1941	3834	-128.5	829.5	38	252	77	487	308	-358	-350
PLATE2	1	HC-133K	-298	-326	-333.5	-330.5	-315.5	-299.5	-325	-354	-227	64.5	-29.5	-208.5	-297.5	-362.5	-182	19.5	-45.5	87.5	-191.5	70.5	-153.5	-113	435.5	302.5	-181.5	-250.5
PLATE2	1	HC-134K	318.5	-147	-61	-123.5	-84	8	-135	-161	746.5	180	40.5	-149.5	-119.5	78	-70	77	2216	-40	-93	0	-11.5	-70	241	176	-128	-133
PLATE2	1	HC-135K	-167.5	-223	-203	-217	-210	-168.5	-213.5	-242	-135	114	63	-217	-195	-243	-137	95	-58.5	-66.5	-174	30	1174	-48.5	310	276.5	-191	-198
PLATE2	1	HC-136K	-36	4	-82	-44.5	-56	1	-74	-85.5	-30.5	51.5	76	-82	-64	-121	104.5	192	222	62	-15	12	153	-12	183	141	-61	0
PLATE2	1	HC-137K	-892.5	-1114	-1126	-1130.5	-1127	-1104	-1135	-1162	-1028.5	61	-68	-1071	-1110	-1164	-563	187.5	309	-251	-625.5	-166.5	128	-400.5	1241	802	-1036	-392.5
PLATE2	1	HC-138K	-225.5	317.5	-298.5	-232.5	-287.5	-249.5	-268.5	-275.5	581	142.5	61	-287.5	-261	-301.5	-164.5	102.5	4592.5	6.5	-177	63.5	190.5	-41.5	390.5	308	-182	-223.5
PLATE2	1	HC-139K	-20.5	-180.5	-179	-179.5	-159.5	-116.5	-161	-194	-74	84	19.5	-170.5	-145.5	-206	-76	65	-40	18	-97.5	-18	-12	-62	281	182	-142	-133
PLATE2	1	HC-140K	330	-428	-264.5	-406	-111.5	-228	-475	-509	900	722	44	-433	-444	-522	-206	-16	3152	-64.5	-307	30	1529	-39	602	369.5	-387	-225.5
PLATE2	1	HC-141K	132	-78	-82.5	-101	73	-45	-97	-128.5	755	191.5	5.5	-81	-62.5	-130.5	11	59	965	149	-49	3785	32	-6	194	118.5	-81	-52.5
PLATE2	1	HC-142K	-93.5	-161.5	-181	-153.5	-153.5	-133.5	-151	-178.5	-106.5	81	33.5	-153.5	-131.5	-186.5	-59.5	68.5	578	-28	-122.5	446.5	46	-56	252.5	184.5	-122.5	-123.5
PLATE2	1	HC-143K	18.5	-53.5	-25	-60	-31	-9.5	-49.5	-64	22	84.5	55	-50.5	-31.5	-78.5	14.5	62.5	237.5	12.5	-11.5	10	115.5	-10.5	144.5	147	-24.5	-13
PLATE2	1	HC-144K	294	-482	-251.5	-449	-172	-257	-480	-505	449	565.5	465	-428	-456	-509	303.5	412	259	100	-290	18	751.5	44	598	276.5	-412	-235
PLATE2	1	HC-145K	-118	-239	-241.5	-247	-196.5	-139	-263.5	-287	-174.5	198	43	-244	-239	-299.5	-126	44.5	-77	-68	-203	61	306.5	-78	372	297	-242	-207
PLATE2	1	HC-146K	424	-151.5	-393	250	23.5	-299	-470	-501	1407.5	465	372.5	-453	-477	-536	-173.5	81	282	368.5	62	259	152	2	648	270	-111.5	-261
PLATE2	1	HC-147K	-537	-721	-711	-710	-697	-702	-714.5	-752.5	-293	441.5	318	-617.5	-713.5	-751.5	-371	33	492	343	-482	50	435	-29	832	475.5	-513.5	-299
PLATE2	1	HC-148K	-234	-266	-297	-268	-280	-259.5	-286	-295	-210	71	55	-289	-276	-306	173	52	818	-6.5	-115.5	-28	248.5	-100	385	109	-291	167
PLATE2	1	HC-149K	-79	-127.5	-119	-128	-139	-84	-124.5	-149	36	16	42.5	-125	-104	-157	-50	66.5	37.5	10	80	0.5	-5.5	-32	222	147	-99	-91
PLATE2	1	HC-150K	-174	-168	-213	-219.5	-168	-164	-211.5	-252	2	114	5.5	-198	-204	-243	-44	58	-54	6	-113	32.5	124	-44.5	325	300	-136.5	-170
PLATE2	1	HC-151K	-28.5	-156	-159	-131	-163	-115.5	-150	-182	-90.5	96	81	-152	-121	-178.5	249	554	547.5	69.5	-80	12	58.5	-36	255	131	-131	-76
PLATE2	1	HC-152K	-351	-274.5	-486	-469.5	-346	-213	-331	-309.5	-335	156	181	661.5	78	-109.5	-76	141	1516.5	247	-102	15	269.5	-110	599	389	-439	-260
PLATE2	1	HC-153K	75.5	-409.5	-398.5	-412	-168.5	-360	-422	-419.5	675.5	463.5	233.5	-251.5	-363.5	-454.5	-276.5	99.5	1224	-88.5	0.5	32.5	435.5	-84	546.5	400.5	-173.5	-331
PLATE2	1	HC-154K	-179	-292	-290	-302	-268	-233	-302	-310	-188	139.5	283.5	-140	-266	-326	-74	70.5	221	4	-180	20	147	-84	404	264	-228	-120.5
PLATE2	1	HC-155K	-229	-431	-431.5	-426	-388	-365	-432	-473	-183	96	160	-210	-418	-486	-200	94	-65	153.5	-262	-11	930	-70	562	264	-376	-210
PLATE2	1	HC-156K	-608.5	-653.5	-737	-723.5	-731	-654	-750	-758	-518	110	481	-607	-725	-780.5	-345.5	-98	-209.5	116.5	-496	-172	131	-151	866	91	-657	-410
PLATE2	1	HC-157K	-227	-183	-283	-283.5	-272.5	-259	-284	-322	-182.5	59.5	41	-241	-262.5	-323	-107	17.5	18	24	-200	-105	581	-84.5	397	159	-217.5	-43.5
PLATE2	1	HC-176K	865	-337	-161.5	-224.5	308.5	-128	-345	-371	2156	583	99.5	-324	-327.5	-374.5	-31	100.5	-28	-56	-145	-40.5	530	-30	462	198.5	-224	-145
PLATE2	1	HC-177K	-62	-108.5	-123	-59.5	-101.5	-72	-102	-127.5	-52	41.5	-1	-130	-74	-138.5	-31	3999	-4	23	-55.5	-27	9	-30.5	208	142	-60	-89
PLATE2	1	HC-178K	733.5	-184.5	50.5	-198.5	40.5	83.5	-180.5	-218.5	513.5	301.5	47.5	-196.5	-176.5	-215.5	-93.5	84.5	-56	143	-110	-11.5	-6.5	-28.5	290.5	157.5	-132.5	-137.5
PLATE2	1	HC-179K	128.5	-149.5	-166	-147.5	-143.5	-111	-149	-152	-43	112	121	-138	-128	-183	-4.5	110	46	59	-86	35.5	206.5	-40	268	279	-57.5	-134
PLATE2	1	HC-180K	-47	-146.5	-158.5	-140	-133.5	-121	-136.5	-162.5	78.5	46.5	-7.5	-138.5	-126.5	-188.5	289.5	234.5	1031.5	0.5	-95	-34	-43.5	-66.5	247.5	172	-9	-53.5
PLATE2	1	HC-181K	-97.5	-396	-343	-388	-269	-296	-377.5	-418	958.5	256	144	-339	-371.5	-419	-217	54	26	-18	-290.5	-11	74.5	-119	491	172	-350.5	-238
PLATE2	1	HC-182K	-91.5	-227.5	-224	-229	-199	-161	-238.5	-264	-2.5	131	80.5	-195	-227.5	-254	18.5	260.5	319.5	-74.5	-149.5	2.5	1467	-58.5	348.5	265.5	-184.5	-166.5
PLATE2	1	HC-183K	-415	-475	-469.5	-476.5	-470	-434.5	-464	-492	-412.5	89.5	141.5	-424	-440	-509.5	-80	83	560	-3.5	-274	-9	32.5	-122	571	182	-442.5	-72
PLATE2	1	HC-167K	-125.5	-126.5	-177.5	-158.5	-138.5	-113.5	-142.5	-194	-50.5	79.5	40.5	-136	-129.5	-186.5	-24.5	93.5	1387.5	22	-91.5	39.5	59.5	-65.5	269.5	189.5	-74.5	-79
PLATE2	1	HC-168K	2	-261	-142	-84	-162	-210	-285	-292	180	180	-11	-279	-250	-300.5	29	198	204	22	-174.5	-16	53.5	-60.5	383	139	-211.5	-125
PLATE2	1	HC-169K	-5.5	-89.5	-182	-171.5	-2.5	-31	-106.5	-145.5	1574	148.5	76.5	131.5	8.5	-93	-29.5	99	934	238.5	-8.5	-40	99	-32.5	294.5	180.5	-106.5	-95.5
PLATE2	1	HC-170K	-38	-240	-233	-224	-154.5	-213	-256	-246	521	130.5	54	-124	-215	-274	-134	56	1148.5	-43.5	-117.5	108.5	166	-97	364	247	-201	-221
PLATE2	1	HC-171K	-63	-240	-242	-250	-224	-194	-235	-244	-101.5	59	4	-223	-211.5	-265	-63	1104	3783.5	44	36	-16.5	39.5	-83	336	130	-200	-46
PLATE2	1	HC-172K	73	-190	-191	-197	-182.5	-168.5	-190.5	-213	57	128	121	-181.5	-165	-214	-46	110	-51	57	-84	25	390	-63	296	217.5	-153	-126
PLATE2	1	HC-173K	-204.5	-348.5	-303.5	-346.5	-332.5	-274	-322.5	-361.5	-252	145.5	120.5	-337.5	-316.5	-373.5	-177.5	187	7	-114.5	-237	-18.5	229.5	-149.5	445.5	355.5	-302	-201
PLATE2	1	HC-174K	-31	-186	-138.5	-223.5	-231	-117	-236.5	-274	-32	94	-4	-271.5	-216.5	-256	-18	86.5	1893.5	43	-83	-70.5	437	-17	352	333.5	-164	66
PLATE2	1	HC-159K	364	-113	-70	-96	52.5	-55.5	-105	-134	9980	719.5	288	771.5	-75.5	-137	-37	106.5	3212.5	19.5	-69	291.5	366	20.5	216	180.5	71	-102
PLATE2	1	HC-160K	-2000	-2083.5	-2124	-2112	-2119.5	-2085.5	-2120.5	-2149	-1537.5	755.5	-160.5	-2121.5	-2088.5	-2145.5	-1941.5	339.5	-1850	-1082	-1940	136	1028.5	-904.5	2244.5	1266	-1989	-1979.5
PLATE2	1	HC-161K	-191	-288	-310	-275.5	-289	-248	-277	-327	-132	186.5	97	-286	-279.5	-333	-196	110	137	-87	-222	38	2139	-122	400	313	-270.5	-220.5
PLATE2	1	HC-162K	742.5	-14.5	123.5	5.5	229.5	113.5	-12.5	-18	1988.5	362.5	79.5	-1.5	5.5	-43	4942	4562.5	5521.5	58	16.5	18.5	75.5	25.5	121.5	139.5	8.5	1.5
PLATE2	1	HC-163K	-60	-249	-185	-223	-146	-108	-243	-261.5	417.5	88	28	-247.5	-231	-276.5	-126	97.5	298	-50	-146	-44	187	-96	353	227.5	-208	32
PLATE2	1	HC-164K	-2018.5	-2035	-2067.5	-2064	-2053	-2017.5	-2048	-2072	-1975	419	-91.5	-1954	-2012.5	-2076	-1853	-223.5	-1732	-1151	-1767	-214	488	-701.5	2157	750	-1866	-1938
PLATE2	1	HC-165K	418	-91	2.5	-76	-14	-5.5	-109.5	-122.5	2036	347	73	-22.5	-89	-140	68	216	4992	1139	-52	41	104.5	-26	219	176	-80	-96.5
PLATE2	1	HC-166K	-116.5	-163	-164	-143.5	-145.5	-120.5	-140.5	-180.5	-91.5	150.5	92	-148.5	-125	-180	-54.5	283.5	26	24	296.5	13.5	130.5	-41.5	247.5	151.5	-136.5	-120.5
PLATE2	1	HC-184K	-79	-226	-185	-226.5	-152	-134	-219	-241	-28	30	237.5	-213	-199	-255	210	138	305	12	-29	2	1712	-69.5	329	183	-188	-87
PLATE2	1	HC-185K	-18	-293	-187	-294	-103	-122	-274.5	-302	81	263.5	101	-233	-256	-313	-220	53	-157.5	-78	-236	49	222	1	380	338	-257	-264
PLATE2	1	HC-186K	8	-146	-151	-153.5	-141	-115.5	-156	-187	54	50	1	-117	-131.5	-177	-58	56	10	49	-83	-10	15	-71	251	133	-99	-102.5
PLATE2	1	HC-187K	-108	-185	-190.5	-197	-190	-151.5	-191.5	-216	649	57	67.5	-148	-172	-226	-53.5	11	-41.5	122	-100	-33.5	53.5	-79.5	302	169.5	-128.5	-124.5
PLATE2	1	HC-188K	30788	-80	1718.5	-76	1720	1779	-80.5	-100	25642	5165	312.5	11	-47	-120.5	2	52.5	40	-17	-30.5	24	156	-25	179	270	-76	-25
PLATE2	1	HC-189K	-1031	-1230	-1217	-1236.5	-1186	-1161	-1222	-1269	-1030	282	52	-1239.5	-1203	-1261	-1000	52.5	-846	-88	-1024	-14	839	-393	1359	1010	-1005	-1050
PLATE2	1	HC-190K	-255.5	-264	-278	-272.5	-276	-254	-282.5	-311	-142.5	75	10	-256	-245.5	-326	-201	43	-78.5	197.5	-96.5	86	-56	-25.5	406	280	-128	-67
PLATE2	1	HC-191K	-402	-521	-535	-530	-520	-454.5	-522	-564.5	-406	264	101	-541	-501	-561	-275.5	164.5	-195	-32.5	-428	142	496	-138.5	642	447	-487	-441
PLATE2	1	HC-192K	109	14	55.5	9.5	53.5	73	25	1	123	60	46	4	41.5	-13.5	62	73	47	16	29	0.5	19	9	69	123	20	-1
PLATE2	1	HC-193K	-564	-641	-684	-672	-664	-636	-662	-694	-596	212	-73	-677	-632.5	-695	-224	102.5	-157	-134.5	-455	40.5	132	-211	774	225	-352	-303
PLATE2	1	HC-194K	-87.5	-97	-102.5	-84	-103	-62.5	-107.5	-116	-66	34	27	-106	-75	-116	-6.5	52	12	2.5	-60	-31.5	-34	-31.5	204	116	-88	-45
PLATE2	1	HC-195K	-2431	-2446	-2463	-2466.5	-2472.5	-2398.5	-2479	-2497	-2427	1046	-56	-2497	-2470	-2450.5	-2281	-324	18904	-1489	-2296.5	-60	2567	-500	2591	1957.5	-2447	-2191
PLATE2	1	HC-196K	-84.5	-144.5	-135	-103.5	-75.5	-101	-142	-146.5	119	103	209.5	-159	-128	-179	-40.5	77.5	70.5	70	-48	0	1624	-6.5	263	214	3350	-133
PLATE2	1	HC-197K	45.5	-100.5	-74	-87	-68	-52	-76	-104	32.5	56	39.5	-34.5	-68.5	-49	5	146	1022	20.5	-41	-17	780	-28	173	145	-63	-17
PLATE2	1	HC-198K	-891	-941	-933	-896.5	-911	-871	-930	-952	-774	674	46	-873	-905	-970	-757.5	86	-660	6036	-804	-12.5	1193	-396	1042	1049	-868	-824
PLATE2	1	HC-200K	249	-63	56.5	-57	252	86	-54	-78	358	154	58	-72	-37	-75.5	-12	64	1488	-9	-24	-15	5	-2	147	115.5	-52	-37.5
PLATE2	1	HC19-KC098	81.5	90.5	-66.5	-84.5	-79.5	-1.5	-62.5	-102	0.5	48	48	-54.5	-51.5	-109.5	16.5	181	103.5	35.5	-43.5	8	0.5	-31.5	182.5	139.5	-44	29
PLATE2	1	HC19-KC099	46	-190	-216	-220	-213.5	-76	-210.5	-248	-43	183.5	60	-202.5	-183	-249.5	-76	123.5	1017	46	-103.5	12	271	-54	323	214	-118.5	-60
PLATE2	1	HC19-KC100	-41.5	-97	-77.5	-107.5	-62.5	1.5	-79	-114	71	23	30	-108	-63	-116	-12.5	80	62	47	-63	-13	-15.5	-36	182	96	-87.5	-63
PLATE2	1	HC19-KC101	-149.5	-326.5	-348.5	-362	-332.5	-314.5	-354.5	-393.5	-172.5	130.5	99	-357.5	-330.5	-390.5	-193	-2.5	4439.5	91.5	-234.5	157.5	269.5	-64.5	470.5	302.5	-275	197.5
PLATE2	1	HC19-KC102	-313	-364.5	-393	-396.5	-375.5	-337.5	-383	-404	-257	136	26.5	-172	-355.5	-419	-251	25.5	-161	-32	472	8	345	-150	489	243	-326	-283
PLATE2	1	HC19-KC103	-127	-166.5	-188	-172	-163.5	-134.5	-166.5	-199.5	-106.5	71.5	33.5	-109.5	-143.5	-208.5	12.5	101.5	51	71.5	-90.5	-7.5	116	-57.5	281.5	167.5	-68	-69.5
PLATE2	1	HC19-KC104	-417	-500	-501	-514.5	-497	-466.5	-495	-520	-320.5	235	141	-485	-469	-524	-408	70	-395	-249	-436	81	1302.5	-229	599	550	-471.5	-452
PLATE2	1	HC19-KC105	-335	-348.5	-398	-393	-386	-349	-382	-387	-296	218	-20.5	-389	-316	-383	-233	71.5	-188	35	-245	-32	385.5	122	483	267.5	-390	-157.5
PLATE2	1	HC19-KC106	35.5	-84.5	-105.5	-113	-29.5	-57.5	74	-140	192.5	83.5	68.5	295.5	-81.5	-135.5	-11.5	125	-7	14.5	-65.5	35.5	68.5	-28.5	201.5	168	-71.5	-75.5
PLATE2	1	HC19-KC107	-109	-195	-225	-218.5	-219.5	-186	-214	-247.5	-144	76	-35	-213	-194	-241	-26	55	1551.5	12.5	-162	3	30	-53.5	314	150	-196	-57
PLATE2	1	HC19-KC108	-66	-126	-201	-195	-172	-147.5	-172	-213	-99	65	23.5	-110	-134	-218	51	87.5	1926	-1	-117	34	86	-60.5	293	151	-170	22
PLATE2	1	HC19-KC109	-46.5	-146	-197	-211	-152	-97	-186	-217.5	167	124.5	53	-115	-166	-222	-31	120.5	330.5	72	38	27	72	-50	304	178	-155	-53.5
PLATE2	1	HC19-KC110	0	-50	-52.5	-55	-53	-8	-46	-82	17	47	41	-12	-29	-78	0	75	40	67	-22	7	-16	-21	146	122	-15	-18
PLATE2	1	HC19-KC111	-15.5	9	-91.5	-79	-94.5	-60.5	-97	-127.5	-12.5	34.5	34	74.5	-71.5	-130.5	18.5	743.5	139	160.5	-56.5	485	129	-26	199.5	131	-38.5	-64.5
PLATE2	1	HC19-KC112	1169	-118	-119	-122.5	-80	-87	-118	-159	-12.5	318.5	111	59	-102	-161	-62	100	86	-15	4	105	152	-48	226	262.5	29	-127
PLATE2	1	HC19-KC113	-174	-232	-231	-235	-202	-199	-212	-253	-3	149.5	78.5	-192	-202	-251	-91	134.5	91	-26	-149	28	752	-82	316	283	-145	-156.5
PLATE2	1	HC19-KC114	-86	-132	-171.5	-151	-135	-117	-138	-166	50	55	41.5	-142	-129	-171.5	2	121.5	5132	42	-75	-15.5	43	-69	249	152	-107.5	306
PLATE2	1	HC19-KC115	-409	-469	-472	-467.5	-459	-432	-444	-490	-369.5	131	64	-251.5	-424	-504	-195	75	338	-23	-341	49	1296	-203	573	272	-417	-214
PLATE2	1	HC19-KC116	-125.5	-250.5	-251	-188	-191	-130	-261	-284.5	488	169	118	-239	-221.5	-270	-116	75.5	51.5	959	-110.5	35.5	298	-94.5	361	232	-209.5	-51
PLATE2	1	HC19-KC117	-562	-589	-663	-373.5	-634.5	-612	-642	-654	-482.5	366	-65.5	-591	-621.5	-677	-580	86	-448	-328	-534.5	-155.5	712	-295	748	449	-573.5	-565
PLATE2	1	HC19-KC118	-819.5	-1010	-998.5	-1001	-955	-915.5	-1002.5	-1031.5	-835.5	307.5	197.5	-988.5	-974.5	-1035	-664	344.5	886.5	340	-833.5	101.5	497.5	-370	1111.5	665	-914	-149.5
PLATE2	1	HC19-KC119	-140	-233	-254.5	-237.5	-246.5	-215.5	-229.5	-262.5	-103.5	110.5	100	-235.5	-200.5	-269.5	-130.5	86.5	456.5	10.5	-165.5	-5.5	924.5	-56.5	343.5	499.5	-207.5	-124.5
PLATE2	1	HC19-KC120	-399.5	-469.5	-481.5	-509.5	-482.5	-444.5	-493.5	-528.5	-387.5	238.5	69.5	-464	-479.5	-531.5	-223	60	-201	90.5	-337.5	14	280.5	-86.5	599.5	257.5	-463.5	-206.5
PLATE2	1	HC19-KC121	-277.5	-308.5	-311.5	-269	-306.5	-260.5	-289.5	-325.5	-278.5	133.5	40	-303	-273.5	-329	-162.5	88.5	3825.5	393.5	-212.5	17.5	179.5	-94.5	407.5	259	-83.5	959
PLATE2	1	HC19-KC122	54.5	-105	-146.5	-139	-72	-4.5	-126	-162	-45.5	47	69	-113	-98	-174.5	-59	186.5	180.5	23.5	-69.5	7	-27.5	-29.5	259.5	170.5	-98.5	-97.5
PLATE2	1	HC19-KC123	-203	-288	-263	-302.5	-296.5	-225	-293.5	-309	-238	21.5	28	13.5	-278	-335	-120.5	125.5	872.5	-2	-164	-42	57	-60.5	400	118	-261.5	-75
PLATE2	1	HC19-KC124	-116.5	-246	-302	-306	-300	-267	-287	-318	-216.5	44	53	-232.5	-260	-319	-53	146.5	1713	47	-152.5	-28.5	31	-58	393	120	-280	12
PLATE2	1	HC19-KC125	57	-69	-62	-68	-53	6.5	-73	-96.5	399	124	39	-75	-58	-109	107.5	144	230.5	43	8	-7	-10	-30	181	142	-60.5	-1
PLATE2	1	HC19-KC126	347.5	-57	-124	-120	-110	-66	-135	-143	1406	190.5	180.5	-80.5	-84	-152.5	-2	56	192.5	225	-45	58	23	-19	238	201	-45.5	-42.5
PLATE2	1	HC19-KC127	-4003	-4109	-4089	-4102.5	-4089	-4025	-4086	-4115	-3973.5	1157.5	-268	-4058	-4052	-4128	-3760	-69.5	-3492	-2776.5	-3686	-541	1466	-1879.5	4201	2592	-4058	-3959.5
PLATE2	1	HC19-KC128	-275	-266	-295	-288	-293	-257	-276.5	-302	-238	68.5	1	-298.5	-263	-305	-67	186	-44	-19	-214	3.5	78	-129	389	207	-264	-173
PLATE2	1	HC19-KC129	-822	-869.5	-869.5	-862	-841	-827.5	-862.5	-864.5	-765.5	-30.5	81	-835	-828.5	-905.5	-673.5	-51.5	-456.5	2.5	-547.5	-26.5	7313.5	-252	1000.5	409.5	-624.5	-726.5
PLATE2	1	HC19-KC130	-352.5	-421	-437	-428	-410	-376.5	-428.5	-455	-283	161	196.5	-407	-400	-460	-236	77	-186	-55	32	96	1069	-127	532	309	-366	-287
PLATE2	1	HC19-KC131	-138	-166.5	-192	-179.5	-165.5	-138	-165	-202	-53	102	91	-107	-140	-206	-12	324	412	85.5	2385	58.5	31.5	-56.5	276	206	-125	-97.5
PLATE2	1	HC19-KC132	-244	-272.5	-291	-285	-266.5	-240	-287.5	-309.5	-155	51.5	25	-267.5	-249	-327.5	-116.5	92.5	-52	65.5	1402	-40.5	166	-96.5	389.5	168.5	-223	-133
PLATE2	1	HC19-KC133	-174	-233	-252	-200.5	-218	-201	-246.5	-247	102	98	129.5	-165	-223	-274	-74	87.5	88	11.5	-59	35	435	-35	352	236	-167.5	-85
PLATE2	1	HC19-KC134	-80.5	-82.5	-126	-88	-108	-91	-115	-138.5	-44.5	144	930	786.5	-27	-149	286	423	6325	104.5	-41	927	4106	-35	215	113.5	41.5	48
PLATE2	1	HC19-KC135	-207	-292	-312.5	-291.5	-311	-269.5	-298.5	-320	-81	38	146	-168.5	-252	-329	-87.5	30	1098	-12	-216	49	6155.5	-124	403	382	-232	-165.5
PLATE2	1	HC19-KC136	-202.5	-168.5	-254.5	-261.5	-230.5	-128.5	-238	-247.5	-205	45	82	-126	-104.5	-180.5	-58.5	64.5	16.5	318.5	-128.5	-19.5	82.5	-81.5	366.5	136	-190.5	-79.5
PLATE2	1	HC19-KC137	-222	-297.5	-313	-333.5	-312	-296.5	-311.5	-345	-214	101	13.5	-305	-298.5	-322.5	-118	111	-27	-99	-254	28.5	269	-85	412	206	-276	-181.5
PLATE2	1	HC19-KC138	-2613	-2716	-2705	-2715	-2586	-2665	-2688	-2727.5	-2104	604	113.5	-2680.5	-2681	-2732.5	-2304	-86	-949	-1408	-1850	-10	2136	-1203	2812	1146.5	-2620	-2256.5
PLATE2	1	HC19-KC139	51	-43	13	-52	-17	33.5	-39	-68.5	145	41.5	243	-4	-24	-74	13	69.5	361	16	-19.5	46	131	-22	133	106	-26	-37
PLATE2	1	HC19-KC140	-10	-50	-54	-69	-50	-28	-52	-78	27.5	47.5	36.5	-51	-34.5	-90	43	69.5	77	18.5	-17	45.5	234.5	-31	152	140	-23	-42
PLATE2	1	HC19-KC141	-314.5	-442	-465	-449.5	-417	-411	-473	-469	-250	155	87	-393	-429	-501	5.5	592	662	60	40	-26	35.5	-56	573	165	-245.5	17.5
PLATE2	1	HC19-KC142	-261.5	-336	-325	-295.5	-308	-262	-302	-326	-190	86	122	-314	-299.5	-341	-109	126	-75.5	-47	-217	-6	78	-120.5	425	195	-304	-198
PLATE2	1	HC19-KC143	-14	-169.5	-176	-114	-145.5	-130	-159	-179	131	129	11.5	-140	-148.5	-191	-47	34	-48	39	-111	7	124	-79	270	184.5	-111	-128
PLATE2	1	HC19-KC144	-197.5	-162	-225.5	-210.5	-216.5	-178.5	-212.5	-224.5	-115.5	7.5	153.5	-187.5	-198.5	-242.5	-60.5	52.5	466	-17.5	-140.5	-26.5	15662.5	-91	319.5	360	-141	-81.5
PLATE2	1	HC19-KC145	-196	-305	-307	-321.5	-320	-254	-312	-328	-171	107.5	91	-255.5	-284	-333	-176	256	-34	-58	-210	-4	73	-69	414	189	-237	-169
PLATE2	1	HC19-KC146	15	1	-11	-21	-10.5	12	4	-35	25	19	44	7	10	-29	37	78	51	6	2	21	-1	-18	93	78	8	-19
PLATE2	1	HC19-KC147	-157.5	-167	-181	-185	-164	-136	-169	-186	-125	-9.5	18	-151.5	-138	-185	-39	107	-0.5	5	-80.5	-24.5	37	-65	252	93	-160.5	-77
PLATE2	1	HC19-KC148	-976	-1002.5	-1047.5	-1041	-1032	-1003.5	-1027	-1058	-927	774	307	-999.5	-1010	-1055	-802	1	700	6754	-907	458	710.5	-272	1137	962	-1015	-642
PLATE2	1	HC19-KC149	-182	-265.5	-322	-347.5	-248	-224	-332	-360	-142	200	122	-269	-313	-362	-134	94.5	171	13.5	-183	40	92	-38	434	222	-293	-165
PLATE2	1	HC19-KC150	-39	-69.5	-90.5	-85.5	-94	-59	-77.5	-106	-1	57	40	-69	-51.5	-114	2	62	192	20	-30	-4	19.5	-28.5	178	141	-25	-62
PLATE2	1	HC19-KC151	-360.5	-333	-397	-403.5	-377.5	-321	-400	-426.5	-342.5	61	73.5	-384	-367	-416.5	-222.5	101	-163	96.5	-281.5	81.5	55	-103.5	513	264	-339.5	-272
PLATE2	1	HC19-KC152	-186	-249.5	-243	-250	-259	-218.5	-251.5	-270	-162	94	104.5	-241.5	-234	-279	-95	9	52	55.5	-157.5	-35	-66	-97	357	211	-186	-113.5
PLATE2	1	HC19-KC153	-274.5	-382	-417	-395.5	-380.5	-363	-414	-420	-277.5	155	106	-401	-387	-446	-252	65.5	-184	110	-289	-2	12	-118	528	340	-68	-303.5
PLATE2	1	HC19-KC154	-130	-157	-159.5	-161	-166.5	-85	-154	-183.5	-110.5	27	-33.5	-182	-139.5	-192	-31	59	-7.5	78	405.5	67	323	-49	262	164	-118	-67.5
PLATE2	1	HC19-KC155	216.5	-274.5	-49.5	-291.5	-194.5	-5	-272	-305	496	150	76	-88	-248.5	-300	-80	96	63.5	160	-199	35.5	139.5	-89	391	203.5	-220	-158
PLATE2	1	HC19-KC156	-304	-407	-447	-381	-428.5	-406	-460.5	-467	-276.5	215	95	-458	-438	-478	-248	40.5	129	425.5	-340.5	89.5	751	-134	567	475	-271	1244.5
PLATE2	1	HC19-KC157	-51.5	-49.5	-71.5	-66.5	-59.5	-34.5	-43.5	-78.5	5.5	48	50	-66.5	-35.5	-85	3.5	94.5	13.5	20.5	-21	16.5	59.5	-16	150.5	116.5	-46.5	-54
PLATE2	1	HC19-KC158	-23	-58	-55.5	-44	-46	-23.5	-38	-72	229	47	60	-51	-17.5	-64.5	22.5	79.5	40	19	-4	21.5	38	-25	137	120	-25	5
PLATE2	1	HC19-KC159	1359.5	-120.5	-116.5	-124	-83.5	-80.5	-135.5	-156.5	21.5	221.5	96.5	169.5	-101.5	-168.5	-84.5	56	107.5	-24.5	20.5	126.5	190.5	-58.5	231.5	231.5	-110	-139
PLATE2	1	HC19-KC160	-137	-123	-174	-174	-153	-130	-156	-181.5	-69	79	56	-148	-125	-191	290	478.5	470	30	-99.5	58	87	-26	258	203.5	-130.5	-87
PLATE2	1	HC19-KC161	-135	-168.5	-177.5	-158	-160	-131	-164	-184	-47	42.5	8	-173	-138	-202	-15.5	79	39	96	-84	-1	30	-68.5	268	121.5	-126	-97
PLATE2	1	HC19-KC162	-47	-13	-86.5	-84	-87	-53	-87	-112	-13	48	64.5	-28	-49	-119.5	12.5	762	93	78	-43	360	101.5	-31	183	150	-56	-51
PLATE2	1	HC19-KC163	-81.5	-99.5	-102	-91.5	-82.5	-78.5	-84.5	-109.5	28	14.5	35	-98.5	-64.5	-108.5	-12	161.5	133	7.5	-43.5	0.5	19	-25	185.5	133.5	-54.5	-1
PLATE2	1	HC19-KC164	-88.5	-119.5	-84	-145	-105.5	198	-186	-210.5	-30	91	792	23	-160	-220.5	-105	77	408	10.5	-132	508	7960	-38.5	302	458	-168	-144
PLATE2	1	HC19-NM057	-251	-280	-282.5	-283.5	-277	-225	-268	-301	-33	101	68	-56	-253	-310	-151	-14.5	-139	-50	706.5	39	596	-114	382	257.5	-269	-168.5
PLATE2	1	HC19-NM058	-126	-205	-212.5	-232	-203	-177.5	-219.5	-254.5	-106	107	146.5	-219.5	-190	-261.5	-79	535	475.5	123	57.5	52	375	-59	333	228	-187	-78
PLATE2	1	HC19-NM059	64	-72	-79	-91.5	-87	-28	-80	-107.5	113	75.5	73	-1	-53	-107	27	78	186	98	-38	29.5	-6	1	181	159	-62	-20
PLATE2	1	HC19-NM060	-31.5	-182	-200.5	-209.5	-204.5	-162.5	-199.5	-218.5	-102.5	94.5	347.5	279.5	-169	-234.5	16.5	219.5	2936	60.5	-109.5	148.5	2377.5	-16.5	298.5	133.5	-178.5	5.5
PLATE2	1	HC19-NM061	-228	-242	-249	-255.5	-240	-200	-235	-256.5	-205	49	104.5	-162	-214	-276	46	53	1654	23	-120	16	491.5	-75	344	141	-160	232
PLATE2	1	HC19-NM062	-80	-119	-133	-127	-118	-85.5	-102.5	-149	-48	36.5	45.5	-128	-88	-149.5	-46	49.5	1015	68	-79	32	484	10	221	163	-73	2045
PLATE2	1	HC19-NM063	10.5	-194.5	-171.5	-189	-188.5	-146.5	-165.5	-207.5	-114.5	102	97.5	-174.5	-160.5	-206.5	-34.5	97.5	884.5	60.5	-101.5	7	-30.5	-56.5	283.5	213.5	7.5	-113
PLATE2	1	HC19-NM064	-70	4006	-130	-133.5	-125	-100	-125.5	-148	-31	121	99	-122	-105	-137	-47	119	42.5	43	-63	150	147.5	-16	231	183	-54	-110
PLATE2	1	HC19-NM065	-46	98	-62	-54.5	-60	-31	-52	-81	-33	69	55	-65.5	-32.5	-91	-6	58	187.5	109	-23	48	62	-10	151	156.5	-3.5	-51
PLATE2	1	HC19-NM066	261	333	-3	-58	-56.5	44	-73.5	-83.5	148	128	104	-47.5	-44	-97	17	498.5	2612.5	333	-17	39	1953	-7	167	199.5	-68	-27
PLATE2	1	HC19-NM067	-175	-206	-217.5	-220	-213	-177.5	-215.5	-257.5	-102.5	94	71.5	-223	-200.5	-202	-68.5	61.5	3918.5	77.5	-0.5	39	24.5	-72.5	330.5	193.5	-129	213
PLATE2	1	HC19-NM068	-112	-162.5	-192.5	-176.5	-157	-123	-166	-190	162	88	79.5	-167	-118	-202	-86.5	72	260.5	199	-53	15	9	-65	274	190	-104	-114
PLATE2	1	HC19-NM069	100	-45	-29.5	2	-26	60	-24	-54	30	102	76	-28.5	6	-54	39.5	508	507	91	-2	17.5	770	-6.5	124	127	-25.5	-14
PLATE2	1	HC19-NM070	-169	-472	-478	-476.5	-487	-430	-483	-513	-383	191	89.5	-357	-466	-201	-145	203.5	458	-3.5	-140.5	32.5	59	-126.5	600	150	-463.5	-126
PLATE2	1	HC19-NM071	-12	-104	-109.5	-102.5	-105	-52	-89	-126	-3.5	67.5	196.5	-91	-72	-116.5	-12	92	43	47	-70	8	188.5	-28	194	130	20	-43
PLATE2	1	HC19-NM072	358	-242	-225	2851.5	-256	-201.5	-259.5	-292	-114	301.5	93	-44	-232	-299	-76	97.5	-14	55	-160	38	237	-83.5	368	174	-210.5	-131
PLATE2	1	HC19-NM073	-105.5	-221.5	-208.5	-216.5	-203.5	-178.5	-203.5	-224	-84.5	138.5	179	-199.5	-179.5	-234.5	-77.5	102.5	-29.5	7.5	-115.5	68.5	1517	-39.5	300.5	202.5	-136.5	-129
PLATE2	1	HC19-NM074	613	-327.5	-396	-407	-403	-300	-403	-413	-193	265	138.5	-372	-385	-396	-113	101	70	155	-232	156	854	13	528	243	-340	-123
PLATE2	1	HC19-NM075	-327	-443	-420.5	-395.5	-427	-394.5	-429	-462	-293	173	162	-423	-401	-329	-169	30	98	385	-312.5	35.5	270	-98	550	263.5	-320	-244
PLATE2	1	HC19-NM076	-909	-928	-968	-965.5	-951	-928	-954	-974.5	-813	143	175	-958	-913.5	-986.5	-565	-62.5	4152.5	-119	-724	-84	647.5	-223	1076	418.5	-858.5	3517.5
PLATE2	1	HC19-NM077	-631	-736.5	-770	-785	-756	-716	-783	-812	-664	762	256	-765.5	-745.5	-814.5	-595.5	51	-11	451	-599	196	514.5	-100.5	916	531	4	-598
PLATE2	1	HC19-NM078	-143	-183.5	-187	-211	-180	-152	-186.5	-221	-134	67	84	-172	-168	-215	-71	57	1583	-0.5	-66	16	14	-37	296	175	-102.5	796
PLATE2	1	HC19-NM079	-644	-727	-747	-744	-733	-696	-730.5	-788	-598	154.5	366	-750	-724	-780	-604.5	5.5	447.5	263	-519	47	254	-243	884	472.5	-508	-573
PLATE2	1	HC19-NM080	-204	-411.5	-460	529	-378	-354	-453	-460	-356.5	374.5	331	-428	-442	-487	-140	210	1611	72	2710	-2	1086.5	-133	587	292	-331	222
PLATE2	1	HC19-NM081	-153	-231	-257.5	-233	-251	-200	-234	-272	-158	119.5	101	-155.5	-231.5	-279	-117	69.5	-81	186	-148.5	-7	250.5	-59	351	298	-155.5	-77
PLATE2	1	HC-251K	-544.5	-665	-652	-663	-654.5	-573.5	-676.5	-669.5	-155.5	310.5	140	-630.5	-644.5	-707.5	-423	-4.5	9560	423	-501.5	61.5	687.5	64.5	806.5	544	-552	-164.5
PLATE2	1	HC-252K	131.5	-218.5	-246	-248.5	-235.5	-192.5	-237.5	-252.5	-179.5	115.5	111	-221.5	-198.5	-256.5	-83.5	79	-1.5	46.5	-126	89.5	134	-46.5	336.5	187.5	-185	-103
PLATE2	1	HC-253K	657	-203.5	-76	-211.5	95.5	-53.5	-193.5	-229.5	1158.5	544	133	-149	-189	-227	-117.5	100.5	-43.5	-5.5	-132.5	113.5	244.5	7	311.5	241.5	-173	-159.5
PLATE2	1	HC-254K	-50	-81.5	-74	-75	-54	-33	-80	-89	73	71	61	-86	-47	-95.5	-1	96	14	44	-17.5	33	134.5	-9	170	195	-51.5	-32.5
PLATE2	1	HC-255K	-231.5	-271	-273.5	-269	-259.5	-228	-261.5	-288	-159.5	144	47.5	-268	-242	-282	-105.5	51.5	-75	55	-172	-2	2636	-78	362	239	-239.5	-130.5
PLATE2	1	HC-256K	981	-466	403.5	-152.5	852	403	-515	-507.5	2635	1072	315	-391	-526	-515.5	-221.5	142	332	1354	-311.5	251	531	43	684	258	-328.5	-279
PLATE2	1	HC-257K	-73	-313	-253	101.5	-259	-181	-268	-335	102	361	193	-90	-256	-335.5	5	171	7189	100.5	-200.5	47	10031	-32	420	133.5	-289	484
PLATE2	1	HC-258K	112.5	-215	-169	-199	-156.5	-104	-223.5	-250	1	123	234	-231	-210	-245	-79	69.5	192	-1	-135	-11	28.5	-92.5	339	209.5	-113	-55
PLATE2	1	HC-259K	-54	-108	-79	-78.5	-94	-64.5	-101	-90	-1.5	62	108	-76	-68	-127	-9	131	308.5	43	-56	4.5	222.5	-15	201	160.5	-82	-48
PLATE2	1	HC-260K	-307.5	-205	-1219	-1206	-461.5	-1048.5	-1259.5	-1285	7801.5	241	-144.5	-772.5	-1233.5	-1289	-1065.5	1814.5	671	-566	-1116	37422.5	26106	-382.5	1377.5	1036	-1137.5	-1011.5
PLATE2	1	HC-261K	-109.5	-484.5	-449.5	-504	-365.5	-409.5	-468.5	-533.5	247	273.5	37.5	-483.5	-486	-530.5	-367.5	96.5	3624.5	-197.5	-421	-7.5	218.5	-148.5	603.5	347.5	-429.5	-268.5
PLATE2	1	HC-262K	-1036	-1086	-1115	-1123	-1107	-1083.5	-1111	-1144	-853	440	-148.5	-966	-1094	-1148	-887	-222.5	-749	-408.5	-939	-76	507.5	-445	1220	674	-1037.5	-919
PLATE2	1	HC-263K	-142	-341.5	-331	-374.5	-276	-316	-366	-384	-49	97	84	-322.5	-351.5	-412.5	-286	-72	-107	-106.5	-293	-64	25	-177.5	486	237	-141	-334
PLATE2	1	HC-264K	-569.5	4778.5	-649.5	-669.5	-661.5	-596.5	-683.5	-707.5	-508.5	195.5	52	-552.5	-655.5	-726.5	-511.5	-53.5	-295	256	-591	106.5	372	-250.5	790.5	364.5	-660.5	-475
PLATE2	1	HC-265K	-268	-377	-353	-351	-362	-326	-361	-372.5	-188.5	145	107	165	-328	-392.5	-115.5	189.5	97	-28	-233.5	17	136	-128	467	354.5	-267	106
PLATE2	1	HC-266K	-69.5	-171.5	-163.5	-178.5	-187.5	-134.5	-154.5	-183.5	-100.5	80	70.5	-147	-139	-201.5	31.5	125	1625	90.5	-85	412	157.5	-24.5	281.5	100.5	-139.5	-37.5
PLATE2	1	HC-267K	1069	-119	319	-97.5	951	222	-119.5	-149.5	1312	656	37.5	-124	-104	-150	-28.5	81	233	-17	77	-12	28	46	218	222	-124.5	-62
PLATE2	1	HC-268K	400.5	-186	28	-186.5	135.5	57.5	-187	-214.5	640.5	300.5	118	-199.5	-168.5	-222.5	-30	69	81.5	36	-140.5	4.5	471.5	104	299.5	153.5	-162	-55.5
PLATE2	1	HC-269K	-93	-141.5	-166	-161.5	-147	-109.5	-139	-174	-68	82	61.5	-131	-124	-182.5	22	92	385.5	38	-77	15	7	-44	250	171	-92	14
PLATE2	1	HC-270K	-203	-318	-352	-296	-331	-291	-359.5	-392	-168	142	163	-272.5	-337.5	-405	-114	141	129	222	-203	312.5	249	-101	494	309.5	-245	-188
PLATE2	1	HC-271K	-243.5	-378.5	-405	-341	-369.5	-351	-410	-434	-139	118	229.5	-326	-391.5	-450	-138	129.5	195	126	-234	450	429	-143	553	338.5	-260	-228
PLATE2	1	HC-272K	495.5	-322	201.5	228.5	-59.5	162.5	-327.5	-362.5	4520	401	179.5	-270.5	-296.5	-366.5	17.5	104.5	340.5	476	-184.5	-78.5	257.5	-65.5	458.5	220	-287.5	45.5
PLATE2	1	HC-273K	3096	-83	660	397	1108	560.5	-71.5	-86.5	2912	1646.5	165	-69.5	-55	-109	-26	50.5	991	32	-47	19.5	42	92	183	126	-42	803
PLATE2	1	HC-274K	-213.5	-257.5	-243.5	-271.5	-245.5	-200.5	-239.5	-274.5	-36.5	15.5	120	-209	-231.5	-285	14.5	85.5	1308.5	108.5	-142.5	319.5	119.5	-80.5	350.5	193	-215.5	-21.5
PLATE2	1	HC-275K	-44	-222	-221	-258	-199	-185	-237	-267	24.5	351.5	105	-240.5	-217.5	-278	-48	42	671	190	-104	-18	229.5	-40	360	197.5	-199.5	-100
PLATE2	1	HC-277K	-37.5	-47.5	-57.5	-40.5	-42.5	1.5	-33.5	-65	-0.5	45.5	39.5	-47.5	-9.5	-64	40.5	78	53.5	68.5	-13.5	-3.5	4.5	-18.5	124.5	105.5	-35.5	43.5
PLATE2	1	HC-278K	-152	-177	-219.5	-216	-204	-178	-201	-232	-142.5	128	90.5	-214.5	-191.5	-235.5	-115	83	-7	37	-39.5	26	117	-77	300	155	-188	167.5
PLATE2	1	HC-279K	239	-38	48	43.5	-24	67.5	-32.5	-60	252	128	66.5	-39	-9.5	-67.5	13	93	432	35	-14	-1.5	359	-12	131	132	-19	-18
PLATE2	1	HC-280K	-996	-1064	-1053	-1044.5	-1060.5	-1028	-1046	-1089	-929.5	613	231.5	-1060.5	-1042	-1089.5	-970	131	-476.5	-309	-988	333	1054	-316	1153	978.5	-1027	-968.5
PLATE2	1	HC-281K	-30	-46	-82	-63	-87	-41	-88	-103	149	95.5	125.5	-71.5	-67.5	-80.5	75.5	134	3626.5	78	-48	211	243	11.5	198	154	-21.5	-6.5
PLATE2	1	HC-282K	705	-638	-577	-579	-38	-514	-636	-649	17507	1353	74.5	-600	-599	-674	-119	21.5	560	46	-379	-44	853	48	755	381	-556	-130
PLATE2	1	HC-283K	2837.5	-469.5	880	-163.5	1553.5	964.5	-463.5	-492.5	5443.5	1595	69.5	-401.5	-456.5	-498.5	-243.5	190.5	2581	-32.5	-362	14	355.5	10.5	581.5	386	-426.5	485.5
PLATE2	1	HC-284K	13	22.5	-23	-20.5	-21	26.5	-41	-54	43.5	34	42	-48	-20	-69.5	10	78	199	48.5	-12.5	2	1	-19	145	93.5	-27	-2
PLATE2	1	HC-285K	4224	-416	6518	461	4415	5401	-427	-449	3597	2410	164	-422.5	-401.5	-451	-260	239	-107	174.5	-334	305	373	195	534	326	-403	-6
PLATE2	1	HC-286K	-19	-101	-67.5	-103	-72.5	-41	-83	-103	0	49	30.5	-90	-64.5	-111	1	84	46	21.5	-60	-19	-11	-33	176	609	-36	-43
PLATE2	1	HC-287K	-387	-421	-410	-437.5	-422.5	-394	-426	-451	-358	194	30	-427	-413	-469	-284	156	169.5	-215	-380.5	47.5	121	-226	532	396	-384	-376.5
PLATE2	1	HC-288K	-258	-341	-353	-325.5	-292	-302.5	-323	-344.5	7	284.5	148	-317	-298	-353	10.5	90	-41	70	-206	31.5	288	-72	445	338	-156	-214
PLATE2	1	HC-289K	-5	-50	-45	-46	-43	-23	-34.5	-51	38.5	28.5	83	-34	-18	-70	42.5	71.5	1757	33.5	-10	-5.5	6	-18	132	125	-34	28
PLATE2	1	HC-290K	16	-201	-121.5	-190	-107	-94	-180	-201.5	190.5	137.5	85.5	-192.5	-155.5	-213.5	-27.5	177	-26	19	-117.5	70.5	124.5	-16.5	276.5	281	-165.5	-85
PLATE2	1	HC-291K	11	-122.5	-76.5	-107.5	-106.5	-53	-122.5	-122.5	77.5	120.5	108.5	-53.5	-87.5	-144.5	-33.5	84	111	78.5	-84.5	44	509	-19.5	205.5	180.5	-91.5	-40.5
PLATE2	1	HC-292K	-35	-77	-81	-78	-58	-43	-75	-97	47	41	55	-71	-52.5	-106.5	2	335	65	4	-37	-4	691.5	-34.5	179	132	-63.5	-56
PLATE2	1	HC-293K	586	-311	-319	-308	-324.5	-234	-343.5	-364	-205	402	240	-344	-319	-369	424.5	443	437.5	27	-197	203	1798	-62	451	166	211.5	-7
PLATE2	1	HC-294K	119	-108	-99.5	-129.5	-34.5	81	-106	-114	-33	95	43.5	-110	-86	-148	-13	65	495	-6.5	-74	10.5	62.5	-38.5	212	162	-88	-66
PLATE2	1	HC-295K	-277	-391.5	-373	-397	-383	-296	-407.5	-436.5	-240.5	62	178.5	-367	-380.5	-433	-221	55	161	9	-248	-27	-151	-101	514	338.5	-250	-219
PLATE2	1	HC-296K	-66	-157.5	-167	-188.5	-162	-93	-183	-182	-74	124.5	127	-127	-145.5	-197	-72	44.5	461.5	215	-92	18	96	-25.5	279	215.5	-126	-26
PLATE2	1	HC-297K	-447	-711	-592.5	-741.5	-607	-603	-798	-858	2627	324	323.5	-802.5	-777	-843	-713	-105.5	-675	220	-535	-40.5	-621	-125	970	814	-395	-739
PLATE2	1	HC-298K	-16.5	-63.5	-65	-59.5	-20	-6	-56	-93	32	29.5	86	-74	-37	-91	-6	66	13	-13	-39	11	90	-32	159	112	-54	-39.5
PLATE2	1	HC-299K	59.5	-44	5	-29.5	-27	35	-23	-63	17	64.5	50	-36	-4	-59	45	135	2254	61.5	-2	15	143	26	130	159	9	-11.5
PLATE2	1	HC-300K	-179	-191	-189	-183	-174	-151	-189	-211	-114	41.5	70	-189	-150.5	-212	-133	60	-58	-12	-25.5	46	1130	-54	283	285	-122	-191.5
PLATE2	1	MBL-164	-535.5	-682	-685	-672	-638	-642	-658	-740	-480	154	120.5	288	-686	-750	-292	513.5	141	-82	2648	388	3581.5	-168.5	838	48.5	-611	-404
PLATE2	1	MBL-165	1191	-121	188	-146	492.5	233.5	-154.5	-196	2254	446.5	156	767	-133	-142	65	168	1223.5	445	-43	395	1956	120	279	218	-105	365
PLATE2	1	MBL-167	-15	-50	-64	-62.5	-49.5	-25.5	-46	-70	-13.5	39.5	14	-7.5	-28	-82	50	125.5	1173.5	18.5	66	22	35	-36.5	145	113	-20.5	-42
PLATE2	1	MBL-168	-103.5	-194.5	-194.5	-202.5	-206.5	-163.5	-184.5	-216	-149	46.5	48	-192.5	-157.5	-219.5	59	34.5	608.5	-6.5	457	-70.5	-49.5	-82.5	286.5	72.5	-181	16.5
PLATE2	1	MBL-169	58	-41	-82	-81.5	-77	-47	-66.5	-107	31	147	39	-83	-50	-92	70	94.5	171	51	-6	19	63.5	-40	169	132	13	60.5
PLATE2	1	MBL-170	-256	-308	-366	-347	-352	-324	-346	-373	-261	106	101	-337	-318	-362	-85.5	115	6002	48.5	-181	324	132	-101	459	268	-155.5	-200
PLATE2	1	MBL-171	-89	-163.5	-176.5	-204	-187	-111	-180	-211	-70	151.5	98.5	-152	-158.5	-220	41	301.5	299	87	172.5	14	26	-67.5	298	159	-136	-53
PLATE2	1	MBL-172	-467	-568	-578	-564.5	-560	-535	-582	-598.5	-438	-10	192.5	-436	-557	-607.5	-339	46	-222.5	4216	1122	19	10373	-210	689	669.5	-528.5	-440
PLATE2	1	MBL-173	-187.5	-241.5	-246	-249.5	-234.5	-216.5	-254	-267.5	-100.5	143.5	66.5	-265.5	-235.5	-273.5	-14.5	94.5	258.5	79.5	-48	-18.5	67.5	-52.5	352.5	121.5	-227.5	-41
PLATE2	1	MBL-174	3012	-683	116.5	-699	1407	410	-709.5	-749	4042.5	1538.5	105	-660	-690	-734.5	-130	458	154	-130	-408	-186	1980	-143.5	822	101.5	-662	-344.5
PLATE2	1	MBL-175	-277.5	-706	-648	-620	-468	-535.5	-746.5	-760	-421	308	-66	-639	-737	-769.5	-211	-155	369.5	-155	35489	-343	3320.5	-369	875	-155	-712	-154
PLATE2	1	MBL-176	-497	-1178.5	-1008	-1139	-668.5	-452.5	-1169.5	-1105	1886	507	901	-1077.5	-1163	-1237	838	513.5	2914.5	187	856	-50.5	1153	-65	1357	521	-1030	120
PLATE2	1	MBL-177	55.5	-20	-38	5.5	-60	2	-49	-92	162.5	77	62	-53.5	-32	-87	27	81	360	66	93.5	31	1287	-20	161	143.5	-10	62
PLATE2	1	MBL-178	-1353	-1576	-1537	-1497	-1343	-1428	-1573	-1605.5	-997.5	715.5	326	-1472.5	-1540	-1619	-1315	291	-466	4000	-1325	-92.5	724	-488	1722	1387	-1171.5	-1359
PLATE2	1	MBL-179	-153.5	1187	-220	-249	-213	-170	-196	-270	29	82	66	-223	-225	-275	49	230	3294	114	-180	1	33	-86	346	266	-47.5	-30.5
PLATE2	1	MBL-180	-527	-664	-632	-684.5	-587	-565	-692.5	-720	310	231	121	-461.5	-661	-722	116.5	120.5	2024.5	-41	5370.5	37	380	-140	807	232	-671	185
PLATE2	1	MBL-181	1467	-369.5	228	-342	237	338	-358	-405.5	3907	1004	309	-381	-347	-402.5	-7	81.5	71	127	-83.5	78	-35	222	490	297	-252.5	4
PLATE2	1	MBL-182	-466.5	-803	-1010	-1021	-940	-927	-1023.5	-1057	-428.5	454	-30	-906.5	-1004	-1043	-2	982	193.5	15.5	-733	-77	840	-280	1150	163	-919	-342
PLATE2	1	MBL-183	-64	-138.5	-132.5	-56	-106.5	-98.5	-151.5	-136.5	12.5	124.5	97.5	-112.5	-126.5	-176.5	40.5	336.5	5744	32.5	1421.5	23.5	102	-39.5	250.5	169	-121.5	153.5
PLATE2	1	MBL-184	5983	-79	1226	-72.5	1171	1261	-92	-121	4239	1489	11.5	-74	-60.5	-111	17	94.5	51.5	454.5	605.5	2	15784.5	225	202	150	62	-67
PLATE2	1	MBL-185	142.5	-48	-115	-135.5	-14.5	56	-120.5	-149.5	-3.5	143.5	134	148	-67.5	-129	-12	83.5	125.5	139.5	-52.5	-17.5	-5.5	-9.5	235.5	196.5	-79.5	-44.5
PLATE2	1	MBL-186	792.5	-68	315	-73	49	454	-54.5	-98	5901	437.5	66	-73	-55	-105	134	158	378.5	68	-5	29	34	29	162	127.5	-41	258
PLATE2	1	MBL-187	-472	-254.5	-531.5	-323	-501.5	-498	-538.5	-550.5	-184.5	205.5	3.5	-519.5	-508	-558	404.5	184.5	351.5	103.5	-370.5	92.5	213.5	-84.5	642.5	187.5	-505.5	-153
PLATE2	1	MBL-188	12058.5	-65.5	4955.5	-58.5	178.5	3827.5	-72.5	-117.5	479.5	260.5	40.5	-86.5	-61	-112.5	20.5	101.5	363.5	447.5	-40	35	1976.5	63.5	182.5	147.5	-51	-30
PLATE2	1	MBL-189	59	-85	-88	-72	-36.5	-36	-74	-101	106	134	48	-14	-46	-107	56	101.5	6834.5	38	34.5	0.5	86	5	172	131	-71.5	16
PLATE2	1	MBL-190	20	-23	-43	-58	-23	-4	-25.5	-55	23	70.5	67.5	-31	-7	-48	64.5	108.5	90.5	71	102	26	176	-9.5	129	169	-16	14
PLATE2	1	MBL-191	1875	-1495	-724	-1400.5	53	-916	-1431	-1518	3679.5	2192.5	311.5	-1452	-1491	-1531	587	-60.5	2249	2044	-756	-60	3699	86	1646	5	-1447	1214
PLATE2	1	MBL-192	1838.5	-406	-997	-1093	-1016.5	-868.5	-916	-1170	1219	849	587	-660.5	-1073	-1127	199	503	2255	327.5	-160	374	1677	-111.5	1280	54.5	-987.5	227
PLATE2	1	MBL-193	-249	-285	-282	-284	-279	-254	-227	-311.5	-136.5	30	129.5	173.5	-257.5	-312	134.5	31.5	314	111	-109.5	-20	-116	-111	380	45	-239	161
PLATE2	1	MBL-194	-131	-157	-155	-159	-158	-125	-90.5	-179	-95	94	81.5	-144.5	-131.5	-188	-39	83.5	230	36	-58	33.5	401	-10.5	244	158	-21	-73
PLATE2	1	MBL-195	-67.5	-110.5	-118.5	-107	-109.5	-82.5	-107.5	-117.5	93.5	54	38.5	-106.5	-83.5	-135.5	459.5	71	86.5	-5.5	-1.5	-13	33.5	-56.5	201.5	104	12.5	53.5
PLATE2	1	MBL-196	-67.5	-239	-257	-170.5	-233	-193	-257	-274.5	-155	108.5	96.5	-187	-217.5	-278	52	3	162	85	-126	-88	1048	-74	354	90	-169	120.5
PLATE2	1	MBL-197	714.5	-195	-199	-204	-193	-161	-188.5	-214	1628	2023	75	-162	-161.5	-171	2	58	125	56	-108	35	123	-52	289	122.5	-188	-35
PLATE2	1	MBL-198	-1027.5	-1088.5	-1100	-1086	-1094.5	-1051	-1090	-1101	-1028	148	106	-1040	-1075	-1121	-209	497.5	1741	-247	1499	-347	-206	-374	1201	73.5	-924	-143
PLATE2	1	MBL-199	-688	-751.5	-715.5	-713.5	-677.5	-673.5	-726.5	-768	-657.5	96.5	-8	-638	-690.5	-769.5	73.5	204.5	459	71.5	2289.5	-75	57.5	-85	845.5	-14	-690.5	104.5
PLATE2	1	MBL-200	-44	-153	-143	-152	213.5	-108	-140	-177.5	0	41	36	-102.5	-119	-166.5	8	130	10934	28	188	-5.5	17	-46	243	108	-112	32.5
PLATE2	1	MBL-201	3044.5	-117.5	118.5	-102.5	1060	61	-113.5	-134.5	3598	980	36	-114.5	-88	-132	-20	81	2051	36	-81.5	26	295	127	210	188	-53	-70.5
PLATE2	1	MBL-202	-289.5	-383	-321	-371	-339.5	-307	-204	-395	-185.5	20	120	-238	-334	-391	484	81	2597	-14	-124.5	-35	3572	-142.5	470	131	-303.5	1257.5
PLATE2	1	MBL-203	11	-42	-2	-55	12	43	-49	-66.5	75	22	68	-52	-26.5	-74	19	62	43	13.5	6.5	36.5	-8.5	-7.5	138	123	-15	-7
PLATE2	1	MBL-204	-47	-57.5	-62	-61	-54	-30	-53	-78.5	-19	19	8	-63.5	-21	-79	18	81	184	12	-31	-7	0	-12	139	75	-28.5	6
PLATE2	1	BL771	-41.5	-68.5	-57	-66	-45	-21	-47	-77	-19.5	15.5	25	-60.5	-19	-84	84	158	3706	3.5	-29.5	-10	8	-27	140	75	-51.5	-24
PLATE2	1	BL773	2126.5	-194	901.5	-196.5	287	775.5	-190	-220.5	1789	799.5	34.5	-183	-162	-219	-36	131	93	-1	-88	3	180	-53	295	136.5	-169	-48.5
PLATE2	1	BL774	-45	-55	-52	-59.5	-49	-22.5	-43.5	-68	-15	19	32	-50	-27.5	-74.5	36.5	157.5	45	10	-25	1	66.5	-28	132	111	-34	-32.5
PLATE2	1	BL775	-42	-47	-55	-36	-48	-27	-24	-58	-25	33	32	-50	-8	-69	47	141	54	13	-12	18.5	67	-14	128	127	-32	-19
PLATE2	1	BL776	-115.5	-144.5	-136.5	-135	-116.5	-106.5	-120.5	-151.5	-111.5	18.5	8.5	-115.5	-104.5	-163.5	42.5	64.5	86	-13.5	-74.5	-0.5	86	-50.5	216.5	109.5	-92.5	18.5
PLATE2	1	BL777	-27	-51	-53	-46.5	-53	-17	-27	-58.5	4	20	13	-55	-13.5	-77.5	129.5	145.5	6305	15	-18.5	-14	25.5	-13.5	128	84	-31.5	46
PLATE2	1	BL778	-259	13	-303.5	-267	-301.5	-257	-302	-307	-220.5	82.5	15	-294	-268	-296	-14	42	5271.5	39	-147	-47	-52	-92	407	112.5	-217.5	-54
PLATE2	1	BL779	19.5	-81	-64	-79	-39	81	-61	-92	-13	54.5	29.5	-78	-44	-106	64.5	124.5	474	18	-13	0	86.5	1	163	103.5	-63	-5
PLATE2	1	BL648	-228	-302.5	-318	-306	-300	-266	-302	-317	173	129	44.5	-299	-274	-326	-160	175	8	53	-48	73.5	893.5	-101	401	402	-271	-196
PLATE2	1	BL702	-423.5	-477	-547.5	-563	-589	-510.5	-579	-583	-335.5	240	-17	-379.5	-506	-526	-10	69.5	182	62	-279	-3	256	-164	695	167.5	-337.5	34
PLATE2	1	BL705	-38	-75	-51	-58	-71	-22.5	-65	-98.5	-26	11	-2	-64.5	-30	-96	44	97.5	279	18.5	657.5	-9	120	-29	156	77	-56.5	-30
PLATE2	1	BL722	-56.5	-61.5	-130.5	-147	-106	-68.5	-109.5	-151.5	-40.5	57.5	123.5	-110.5	-100	-157.5	172.5	309.5	394.5	9.5	-38.5	36.5	242.5	-28.5	226.5	155.5	-93.5	-67
PLATE2	1	BL735	-104.5	-155	-141.5	-131.5	-138	-97.5	-140	-152	-91.5	122	57.5	-126	-111	-151	-21	85	140	12.5	-104	47	266.5	-35.5	231	198.5	-133	-55
PLATE2	1	BL736	-148.5	-155.5	-166	-166	-156	-116	-150.5	-183	-118	29	16	-120	-129	-179.5	-38	31	85	16	-94.5	-11.5	350	-44	264	147	-101	-62.5
PLATE2	1	BL740	-767.5	-870.5	-1005.5	-1035	-978	-966.5	-1018	-1045.5	-900	272	106	-463	-961	-1043	-640	26.5	2785.5	129	-600.5	416	7842	-315	1155	947	-933	-688
PLATE2	1	BL742	-449	-422	-490	-470	-462	-432	-480	-509	-385.5	143.5	103	-478	-471	-514	-7.5	-36	103.5	-55	3172	-51	237	-159.5	595	329.5	-408.5	87
PLATE2	1	EBV-MALE-NEG	-667	-1001.5	-1138.5	-1103	-1038	-550.5	-1110	-1097	-772.5	844	-128.5	-1055	-1067	-1112.5	-954	77.5	-754	-461.5	-329	-185	661	-391	1243	748.5	-1041	-972
PLATE2	2	EBV-MALE-NEG	-339.5	-472.5	-573.5	-565.5	-522.5	-308	-545	-544.5	-401	284.5	42.5	-545.5	-525.5	-577.5	-431.5	195.5	-354.5	-179	-256.5	122	144.5	-186.5	668.5	343	-532.5	-460.5
PLATE2	1	EBV-FEMALE-NEG	-137	-177.5	-214	-191.5	-206.5	-169	-183	-210	-136	104	110	-161	-159	-195	13	87	230.5	77	-41	4	182	-48	301	135	456	2997
PLATE2	2	EBV-FEMALE-NEG	-78	-98.5	-126.5	-134	-128.5	-87.5	-110	-137.5	-81.5	99.5	73	-91.5	-80.5	-119	58.5	77	182.5	48.5	-5	0	93.5	1.5	233.5	94.5	221	1499.5
