Plate	Inplatecount	Sample	IgG1bindingaffinity_RBD alpha	IgG1bindingaffinity_N	IgG1bindingaffinity_RBD beta	IgG1bindingaffinity_RBD omicron	IgG1bindingaffinity_RBD lambda	IgG1bindingaffinity_RBD gamma	IgG1bindingaffinity_zebra	IgG1bindingaffinity_Eadp501	IgG1bindingaffinity_RBD delta	IgG1bindingaffinity_RBD wuhan	IgG1bindingaffinity_AMA1	IgG1bindingaffinity_MSP1	IgG1bindingaffinity_HRPII	IgG1bindingaffinity_Tetanus	IgG1bindingaffinity_HCoV-229E	IgG1bindingaffinity_HCoV-NL63	IgG1bindingaffinity_HCoV-OC43	IgG1bindingaffinity_pp28	IgG1bindingaffinity_pp65	IgG1bindingaffinity_EBNA1	IgG1bindingaffinity_VCA	IgG1bindingaffinity_FL spike	IgG1bindingaffinity_BSA	IgG1bindingaffinity_CelTos	IgG1bindingaffinity_CSP	IgG1bindingaffinity_HCoV-HKU1
PLATE1	1	BACKGROUND0	138.5	14.5	46.5	6	121	88.5	32.5	-5.5	193.5	117.5	110.5	64.5	45	140.5	104.5	102.5	343.5	20.5	14.5	125	217.5	35.5	42.5	58	49.5	54.5
PLATE1	1	AF-MIX-S1	52	183	30	14	31	88	2126.5	5.5	77	199	51015.5	24316.5	1133	30042	22549	11794	38653	6953	122	45027.5	35391	131	56	144	680	34090.5
PLATE1	1	AF-MIX-S2	39	220	39.5	-24	8	76.5	1302	23	103	233	43271	19731	1036	26984	19970.5	12542.5	54048.5	4892.5	104	49726	67849	120	91	89.5	1011	19423
PLATE1	1	AF-MIX-S3	27.5	89.5	13	-24.5	-7	39.5	398.5	4.5	54.5	132	10848.5	5319.5	442.5	8799.5	5953.5	3580.5	16304.5	1185.5	60.5	12783	20969	43.5	84.5	70.5	416.5	4602.5
PLATE1	1	AF-MIX-S4	1.5	30.5	4.5	-20	-2.5	34	213.5	-12	28.5	55.5	3720.5	2155.5	225.5	3688.5	2562.5	1506.5	6672	490.5	24.5	4482.5	8554.5	16.5	84.5	57	238.5	1688.5
PLATE1	1	AF-MIX-S5	19	9	17	-18	-2.5	36	106.5	-7	49.5	70	2192	1008	142	1778.5	1237	868	3533.5	272	19	2441.5	3672.5	1	71	41	119.5	893
PLATE1	1	AF-MIX-S6	105	18	51	-6	42	64	100	0.5	142	128	1141	719	118	1237	911	585	2427	182	33	1502	2190	29	66	36	96	639
PLATE1	1	AF-MIX-S7	71.5	15.5	28.5	12	31.5	52	64.5	3	96.5	70.5	546.5	403	68.5	655	452	308.5	1171.5	75.5	9.5	687.5	988	17.5	54.5	31.5	60.5	307.5
PLATE1	2	BACKGROUND0	226.5	25	85	-3	140.5	128	30	12	364	192	158	106	43.5	402	197	142.5	664	37	19	349	327	55	55	41	58	114
PLATE1	2	AF-MIX-S1	52	84	20.5	2.5	16.5	56.5	898.5	20.5	60.5	205.5	25718.5	22274.5	612.5	14217.5	16243.5	14037.5	33520	5707.5	68.5	42598.5	16777.5	93	56.5	123.5	581.5	26643
PLATE1	2	AF-MIX-S2	46.5	157	20.5	-4	23	73	1233	16	50.5	212	39663	15497	1063.5	28076	18792	11139	52391	4171	123	43860	57067	131	72	116	893.5	19088
PLATE1	2	AF-MIX-S3	20.5	82	31	1	2.5	64.5	426.5	20.5	27.5	100.5	13618.5	6320.5	429.5	10776.5	7132.5	4360.5	21336.5	1619.5	56.5	15153.5	30414.5	54.5	59.5	107.5	374.5	6295.5
PLATE1	2	AF-MIX-S4	15.5	49	9	-13.5	-9	31	238.5	3	28	68	3871	2003	213.5	3954	2527.5	1560	6710	421	23.5	4540	7526	5.5	75	63.5	203.5	1849
PLATE1	2	AF-MIX-S5	-3	22	11	-10.5	-12	28.5	139	-6.5	6	62	2043	1098	127	2371	1448	829	3554	253	17	2400	3874	6	64	48	121	902
PLATE1	2	AF-MIX-S6	5	13.5	12	-8.5	2.5	36	84.5	0	26	28	1205	780	100	1218	897	524	2017	154	23.5	1484	2110.5	0	55	48	80	621
PLATE1	2	AF-MIX-S7	4	12	0	-4	-5	26.5	57	-9	14.5	7	558	366.5	70	597	477	280	1050	77.5	13	634	885	7.5	45	37.5	43	263
PLATE1	3	BACKGROUND0	143	22	63	10	121.5	92	33	8	263.5	171	42	45	46	182	99	85	383	19.5	19.5	171.5	70	48	32	42.5	41	47
PLATE1	1	POST-VACC-S1	62863	15135	59373	8028	63855	46383	618	87	64665	53557	-16.5	3416	166.5	40715	16947	16718	76937	237	11	39460	43862.5	12505.5	161	137	179	39323
PLATE1	1	POST-VACC-S2	60777	6254	34819	3985.5	42506	36576	427	140	65795	51927	57	1482	167	30953	8079	6949	46098.5	180	165	46954	30782	9046.5	80	92	172	11584
PLATE1	1	POST-VACC-S3	6091.5	581	2701	172	4519	2505	84	31	7650	5391	56	175.5	64	4106	718	644	8046.5	38	47.5	4551	2158	1270	38	74.5	70.5	678.5
PLATE1	1	POST-VACC-S4	1925.5	226	777.5	63.5	931.5	780.5	46.5	20.5	1966.5	1204	78.5	90	38.5	1244.5	314	258.5	2520.5	23.5	22.5	1008.5	571	317	48.5	50.5	51.5	271
PLATE1	1	POST-VACC-S5	609	81	262	38	382.5	424	39	8	858.5	467	58	54	60	472	143.5	140	812	25.5	21	365.5	215.5	109.5	54	57.5	46	109
PLATE1	1	POST-VACC-S6	196.5	29	92.5	13.5	125.5	131.5	40	14.5	276.5	156.5	27.5	45.5	47.5	156.5	83.5	77	337	13.5	31	123.5	79.5	65.5	44.5	51	43.5	40.5
PLATE1	1	POST-VACC-S7	181	32	88	42	125.5	117.5	38	16	209	190.5	43	36	56.5	81	69	111	191	27	27	92	67	48	49	56	37.5	36
PLATE1	4	BACKGROUND0	217.5	55.5	101	35	209	163.5	47.5	13.5	342	252	42	53	66	299.5	109	129	470	37	27.5	261	148	103	37	65	60.5	73.5
PLATE1	2	POST-VACC-S1	95999.5	26383.5	86910	17100	87400.5	73703	1905.5	575.5	113483.5	85655.5	26.5	6181.5	584.5	58728.5	28892.5	24821	97094.5	606.5	80.5	88894.5	85050.5	19312.5	258.5	274.5	373	46125.5
PLATE1	2	POST-VACC-S2	24675	1773.5	14904.5	682.5	16874	12354	73	30	28222	21242	1	269	63	12382	2832	2425	23842.5	31	54.5	27537.5	13894	3949	51	67.5	68	3417
PLATE1	2	POST-VACC-S3	10214	688	3909	195	5462	3823	90	31.5	9596.5	6721	98	224	66	5446	946	872	9443.5	34	37	4961	2588	1219	46	63	80	1026
PLATE1	2	POST-VACC-S4	1871	203	676.5	76	959	877	36	14	2022	1346	43.5	91	54	1311	321	291	2502	28.5	21.5	1064	642	328	38	49	46.5	280
PLATE1	2	POST-VACC-S5	519.5	62.5	182.5	40	258.5	253.5	44.5	9.5	681.5	374	25.5	47.5	51	426.5	129.5	128.5	738.5	28.5	22.5	282.5	165.5	119.5	28.5	57.5	44.5	85.5
PLATE1	2	POST-VACC-S6	151.5	28.5	95.5	19	108.5	124.5	38.5	9	197.5	142.5	35.5	24	43	125.5	74.5	73.5	253.5	21.5	27.5	94.5	60	63.5	26.5	50.5	40	37.5
PLATE1	2	POST-VACC-S7	46	8	23	18	31	49	36.5	4	53.5	34	14	32	42	20	39	55	75.5	12.5	15	11	14	10	32	73	31.5	8
PLATE1	5	BACKGROUND0	148.5	64	75	28	127	104	31	15	240	147	4943	737	71	116	65	139.5	324.5	59	22	1076	459.5	47.5	101	65	89	47
PLATE1	1	HCAM-002-S1	536.5	54.5	760.5	111	792	464.5	29	3.5	737.5	390	859	806.5	43.5	424.5	83.5	127.5	486.5	47	12.5	3169.5	290.5	117.5	129.5	58.5	75.5	42
PLATE1	1	HCAM-002-S2	266.5	113.5	75.5	32.5	112.5	101.5	34.5	19	268.5	170	1237.5	402.5	70.5	363.5	81.5	169.5	418.5	42	34	6023.5	835	35.5	76.5	68.5	115	30
PLATE1	1	HCAM-002-S3	120.5	86	37.5	3.5	60.5	61	28	5	229.5	105	239	363.5	35.5	206	44.5	176	240	22	4	1267	779	42.5	99	45	62.5	18
PLATE1	1	HCAM-002-S4	243	246	114	31.5	186	99.5	4.5	14	655	142	309	759	50.5	203	51	491	169	57	35	102.5	2150.5	98.5	186	34.5	72.5	7.5
PLATE1	1	HCAM-002-S5	38	70	52	37	55	56.5	38.5	34	74.5	59	330	172	57.5	23	58	76	70.5	41	24	49.5	146	46	135	61	82.5	24.5
PLATE1	1	HCAM-002-S6	32.5	25.5	22.5	20.5	41.5	44	21	26.5	55.5	38.5	133.5	93	28.5	33.5	45.5	73.5	84.5	53	20.5	31.5	77.5	20.5	145.5	66.5	80.5	26
PLATE1	1	HCAM-002-S7	16	6	21	12.5	17	52.5	13	11.5	36	20	85	44.5	43	15	42.5	50	42	38	21	9	18	10	57	26	37	17
PLATE1	6	BACKGROUND0	26	28.5	24	40.5	29	44.5	35	14	44	47	432.5	34	38.5	23	45	60	75	25	27	11	35.5	10	68	76	41	13
PLATE1	2	HCAM-002-S1	1044	6	1159.5	120.5	1267	823.5	44.5	15.5	1366	669	110.5	27	59.5	1024.5	121.5	167	721.5	41.5	49	45.5	83	267	42.5	77.5	48.5	75.5
PLATE1	2	HCAM-002-S2	327	20	84.5	31	79	82	40	13	307.5	188.5	273.5	139	52	400	71	187	299	30	36	346	239.5	49	54	64	47	33
PLATE1	2	HCAM-002-S3	31.5	26.5	10.5	17	15.5	49.5	31.5	14.5	63.5	35	246	367.5	47.5	32	78.5	193.5	371.5	33.5	19	643.5	392.5	21	56.5	62.5	49.5	20
PLATE1	2	HCAM-002-S4	69	102	57	27.5	52	63	42	13.5	106	71	946.5	1423	59	63	125	1236.5	2092	186	33.5	2523	1543.5	31	72	103.5	159	97
PLATE1	2	HCAM-002-S5	25	54	26	-12.5	20.5	29	3	-10	77.5	12.5	311.5	515	32	27	100	366	528	50.5	3	406	902.5	-4.5	87	58.5	54	40
PLATE1	2	HCAM-002-S6	97	120	54	17.5	88.5	65	42	17	220	76	198.5	707	67	81	106	181	395	50	26	334	885.5	24	48	59	62	53
PLATE1	2	HCAM-002-S7	34.5	18.5	20.5	24.5	26.5	47.5	45	19.5	33.5	33	23.5	27.5	59.5	17	65	66	46.5	27.5	28.5	24.5	22.5	21	39.5	66.5	37.5	18
PLATE1	1	HC-001K	343	414	87.5	12	92.5	83	70	16.5	415.5	1315.5	85034	75716	1780	24165.5	1072.5	12582	84167	53123	448	65554	66831.5	421	207	1758.5	13157	2501
PLATE1	1	HC-002K	1320.5	1759	481	1210	592	623.5	40297.5	85	9862	2195	127443	181503	36077.5	31892	5164	48566	154940.5	22790.5	425	137958	111145	2180	179	587.5	71832	121581
PLATE1	1	HC-003K	841	822	180.5	126.5	523.5	370	328.5	207	689.5	767.5	128522.5	74018	1749	6330	500.5	4179.5	27428.5	9355	351	148640.5	139847.5	202.5	171.5	645.5	58176.5	15714.5
PLATE1	1	HC-004K	78.5	18	-75.5	-108	61.5	110	5255.5	-83.5	312.5	584.5	6153.5	32371	135.5	18445.5	24421.5	38312.5	110620.5	3945.5	220	83750.5	64236.5	632.5	270.5	241.5	49.5	15827
PLATE1	1	HC-005K	641.5	1038	157	70	565.5	324	231.5	126	517.5	786.5	4140.5	46368	676	22144	2923	22349	111068	18049	331	309	5882.5	202	119	338	276	3073
PLATE1	1	HC-006K	116331.5	51049	91171.5	34968.5	102211.5	85526.5	206.5	77.5	100980.5	106580	37933.5	81021.5	2424	28980.5	15863.5	61290.5	38845.5	1078	337.5	75250.5	51790.5	42313	136.5	779.5	2577.5	25205.5
PLATE1	1	HC-007K	42540	24417.5	19947	3768.5	29390.5	24155.5	2965.5	190.5	86871.5	30393.5	142778.5	177062.5	13180.5	9248.5	976	6933.5	125979	16844.5	309.5	86802.5	115041.5	9683.5	194.5	659.5	1049.5	6760.5
PLATE1	1	HC-008K	20452	20041	11680	14138	5110	8165	525	206	30808	15320	33944	53686	702	2069	1769.5	17418	59024	4822	433	48713	40046	7030	100	691	195	1018
PLATE1	1	HC-009K	79	125	71	23	46	72	687	31	77	189.5	15345.5	44531	406.5	254.5	905	17307.5	46881	58719	92.5	78039	83080	60.5	108	166	76	459.5
PLATE1	1	HC-010K	831	565	754	800.5	897	1317.5	349	188	4795.5	574	166218	123746	2262	3465	4134	9817	89713.5	9616	225	83988	126608.5	319	135	477	3055	14503
PLATE1	1	HC-011K	357	1745	193	999.5	167.5	199	96	82.5	8370	497	62473.5	108025	2160.5	5788	208	359	30209	1329	110	86025	69122.5	708	83	176	2243	78.5
PLATE1	1	HC-012K	392	1800.5	155.5	685	181.5	256.5	95.5	66.5	4720.5	503	142237.5	104954.5	686.5	760.5	359.5	10114	43401.5	2422	179	143651.5	100814.5	444.5	142.5	222.5	1443.5	679.5
PLATE1	1	HC-013K	30461	6033.5	15903	16012.5	13432	11032	76	60.5	48892	21530.5	25625	59737.5	1622	2424	255	684	62965	574	509	133380	30974.5	18463	150	283	1250	4563.5
PLATE1	1	HC-014K	278	497	135	66	178	198.5	57.5	43.5	341	382	74943.5	68831	331	2520.5	6318	50605.5	106102	7344	84	72070	55875	89	101	324	10831	72731
PLATE1	1	HC-015K	634.5	16862.5	196	185	565.5	588.5	4024	264.5	689.5	918.5	46857	37277	3852.5	15410.5	75985.5	103540	93218.5	28403.5	2160.5	108376	105764	320.5	245.5	4383.5	2922	49218
PLATE1	1	HC-016K	59674.5	31161.5	36659.5	4220	36716	38301.5	1040.5	499	73018	43000.5	18137.5	34811.5	1942.5	23749	395.5	12570.5	41472	15113	136	22562.5	44779.5	15848.5	133.5	410.5	1067.5	5617.5
PLATE1	1	HC-017K	222	2771	98	434.5	77	76.5	-24	-24	1100	480	35188	63746	666	1189	1036	9476	23486	2587	88	53949	17635.5	703	373	134	1937	668
PLATE1	1	HC-018K	128	214.5	68.5	55	125	130.5	119.5	90	553.5	189	14874	24249.5	352	2299	255	16271	41516.5	1295	100	92599	13582	137	146	504	763	33795
PLATE1	1	HC-019K	6631	1956.5	1530	133	3258	1787	2888	80	6029	4455	42876	88164.5	4191	461	577.5	9631	18811	23886.5	98.5	81652.5	66165	1776	281	211	205	95.5
PLATE1	1	HC-020K	807	3118	533	1338	285	587	81	38	5063	759	44452	62506.5	11053	1792	244	12456	42810	15066	82	43084	25486	1800.5	164	125	281.5	226.5
PLATE1	1	HC-021K	36428	9818	17952	1456	23722.5	17085	62.5	43	28011	25502	1010	8849.5	189	821.5	8366	13499.5	26870	382	62	26505	20620	6082	91	155	106	139
PLATE1	1	HC-022K	138	198	41	48.5	80	95	92	27.5	148.5	157	34800	83659.5	2619	3211.5	176	3819	43901.5	1772.5	62	45327.5	60119	30.5	99	169	30329.5	9089.5
PLATE1	1	HC-023K	98.5	108.5	39	64	94	87.5	85	58	111	120	32342	47830	401	277	189	7831	19226.5	1186	101	47647.5	24256	48	71	126	982	14247
PLATE1	1	HC-024K	985	3543.5	387	1456	350	394	101	55	3333	800.5	81430.5	16112	224	5968	127	142	50945	1824	107	82195	75374.5	2165.5	81	145.5	660.5	237.5
PLATE1	1	HC-025K	24810.5	22335.5	7910.5	682	13928	8719	68	39	53779	18857	7384	37379	481.5	827.5	241	2158	43754	12614	78	34641	26863	7989.5	121	160	3201	1266
PLATE1	1	HC-026K	7427	574	6089	582	5629	5099.5	34	-3	11966	10025.5	2790	14753	143	577	987	5368	10110	488.5	68	11250	7326	5017.5	89	109	138	743
PLATE1	1	HC-027K	2986.5	680.5	1070	2016	672	815.5	303	7	8223	2172	24558	76108	148.5	14106	97	77	76770	5946	41.5	4592	48166	2020	77	92	2256	7216
PLATE1	1	HC-028K	34915.5	27411	15688	2680.5	18424	14579	98	19	34140	22598	15727	52262.5	2721	9738	17169	12721.5	52741.5	99	101.5	48533	33193.5	8990	75	96	291	731
PLATE1	1	HC-029K	107.5	187.5	75	35	59.5	96.5	78.5	33.5	83.5	115.5	13704.5	72563.5	446.5	6534	424.5	38302.5	89488.5	32897	103.5	53973.5	13960	44.5	86.5	367	117	22643.5
PLATE1	1	HC-030K	100	96	41.5	64	64	94	94	37	72	302	42808	65025	1317	4396	15247.5	31699	43036	3133	122	48077	40550	95	75	192.5	994	22074
PLATE1	1	HC-031K	101	101	93	35	87.5	139	58	12	103.5	188.5	60189	88473.5	3847	4628	261	178	78859	36124	189.5	164	92.5	41	98	279.5	22324	46959
PLATE1	1	HC-032K	2234.5	5999.5	400.5	86	1574.5	429	50.5	25.5	15095	1799.5	219	17956.5	73.5	1450.5	580.5	7972	77148	154	93.5	8	107.5	468.5	63.5	122.5	197.5	18470
PLATE1	1	HC-033K	2542.5	7941.5	934	2431	1011.5	780.5	24.5	-3.5	8995.5	2888	60771.5	63965.5	12653	3109.5	47.5	111	69143	28472.5	53	21345	39615.5	2775.5	290.5	398.5	586	419.5
PLATE1	1	HC-035K	7892.5	7111	2177	424	5279	2160	110	59	14518	5397	14442.5	179833	1881	3052.5	552.5	18372.5	106384.5	7595	135	145184	115052	5458	161	219	2450	38821
PLATE1	1	HC-036K	49140	10420	31736	1720	40028	32113	112	56	59713	32477	36196	68289	3008	15544	924.5	8709	50771.5	20206	132	51968.5	61788.5	12650	118	449.5	26957	24882
PLATE1	1	HC-037K	784.5	16771	402	1890	297	353	89	51.5	12054.5	907	39479	86456	589.5	39786.5	706	1073	129088	6298.5	178	88075.5	50108	1566.5	131	388	399	13000
PLATE1	1	HC-038K	1252	104	307	45.5	126	108.5	175.5	23	230.5	507	8446	63840.5	490	11686	2129.5	31165.5	118756	23410	325	24687.5	48330	272	107	996	311	62848.5
PLATE1	1	HC-039K	894	1210	191.5	-47	469	210	1083	-16.5	3358	3495	43641	80319	1030	39649	4394.5	21789	50301	11433	2720	134801	72529.5	2471	223	2354	811	4317
PLATE1	1	HC-040K	248	198	115	61	159	157	63	149	405.5	344	31358.5	95511.5	1600.5	8120.5	13876	40402.5	85030.5	30742.5	191.5	80228.5	71287	202.5	131	410	2263	682
PLATE1	1	HC-041K	37468.5	26873	39202	5771	40696	28310	1083	65	49797	28447	19870	26713	3929	18810	15719	23702.5	34092.5	5300	83	22813	23805	16836.5	134	3486.5	664	1685
PLATE1	1	HC-042K	36296	29612.5	21720	7252	26715	19302	94.5	11	46799.5	33855	9326	48704	761	4418	4682	6577.5	36204	10905.5	100	34641.5	30182	9731.5	132	263	2980	4511
PLATE1	1	HC-043K	168322.5	67821.5	125793	22737.5	144999.5	112677.5	517	158	196652	155093	118220	164148	6333	31850	139992	164285	203370	96322.5	696	4588	34701	53086	312	1004	660	77493
PLATE1	1	HC-045K	5953.5	11840.5	3197.5	6397.5	1503	2908.5	88	51.5	21964.5	5421.5	11497.5	39391.5	406.5	21736.5	1203.5	32137.5	17653	7121.5	122.5	3357.5	649	8855.5	161.5	160.5	889.5	96119.5
PLATE1	1	HC-047K	74505	9184.5	39617	3127	61971	38191.5	2090	186	81131	59245	50463.5	78679	2401	32671	7497	31029	150052	4712	156	102858	49334	19077	175	283	13720.5	14751
PLATE1	1	HC-048K	21192	2412	3849	223	11126.5	4014.5	100.5	88	42656	15533.5	34490	39189	845	8668	8227	22138.5	32597	24112	138	36087	24978	4796.5	181	347	14178	257.5
PLATE1	1	HC-049K	499	939	116	160.5	422	393.5	2603	188.5	119.5	703.5	69214	102984	3348	25715.5	9508	54399	114857	15399	433	60580.5	68940.5	329.5	174	691	2130	106542.5
PLATE1	1	HC-050K	228	183.5	81	75.5	158	172.5	201.5	168.5	135.5	561.5	108018	58691	913.5	26381	875	4874	63333	1284	329	110413	103593	314.5	147	295	7260	1611
PLATE1	1	HC-051K	2472	55974	786	526	1205	999	109	120.5	3152	1789.5	3519	17858.5	298	538	1620	23424	96872	10628.5	115	70253	79890	1915	116	122	159	2299
PLATE1	1	HC-052K	16846	488	8819	741	14820.5	9272	48	9	18477	13273	9561	22423	1003.5	1154	104	4177	20689.5	71	63	11221	10500	6647	79	94	59	9236
PLATE1	1	HC-053K	125	124	47	32	95	112.5	72.5	36	136	298	426	12321	223	5266	7634.5	53442	101240	31750	229	735.5	1330.5	133	116	246	93	17220
PLATE1	1	HC-054K	17989	5995	6955.5	1186	15225	7644.5	2108	70	24991.5	18377	37674.5	24171	300.5	6332	12868	8642.5	9533	362	127.5	24079	19141	2960.5	122	161	104	232.5
PLATE1	1	HC-055K	27452	4726	14821	2768	15359.5	21191	2262	21	17313	16674	4513	18545	276	3302	3978	7441.5	22217	5065.5	49.5	15036	14815	7201	114	124.5	69	947
PLATE1	1	HC-056K	21908	7259	17506	5554.5	16085	15026	91	21	22410	15048.5	8939	12765	175.5	859.5	276.5	8281	9926	1328	62	11399	4226	5942	81	106	339	158
PLATE1	1	HC-057K	16401	2380.5	9704	917	16407	9087.5	54	-11	35659	20582	10354.5	30150.5	818	2366.5	18917	24049	31257	3213	199.5	15709	22931	5766.5	107	64	82	1018
PLATE1	1	HC-058K	7270.5	13483	2456	3776	1209	1962	115	26	12817	4795	15840	21219	467	960	279	6827	24811.5	1037	101	15755	10279	6466	97	117	638	4899
PLATE1	1	HC-059K	6203	4229	661	52	2710.5	901	132.5	98	20008	5862	6453.5	26634	334.5	1900.5	671.5	12739	62252	1372	113	39032	72493.5	1994	156	201	29	6697
PLATE1	1	HC-060K	162	148	105	55.5	129	100	53.5	17.5	213	572.5	54962	88675	2015	2041	11814	21134.5	73723	656	155	65568	38014	381	170	258.5	2583	36531
PLATE1	1	HC-061K	1264	2370.5	485	1778.5	4656	616	1786.5	70.5	20657	2223	53252	29895	349	18581	2174.5	5962.5	36168	26314	160.5	52887	26587	3083	260	180	3500.5	3943
PLATE1	1	HC-062K	15163	9269	13293	3699.5	13628.5	7347	54	72	12710	9097	918	17405	220	488	1963	6322	15264.5	328	63	313	6467.5	4120	136	117.5	100	7411
PLATE1	1	HC-063K	25664	18045.5	15100	958	15721	12155	6457.5	26	33670	22493.5	2083	40525	280.5	9210	396.5	11944	34389	10910	70	368.5	36738.5	7010	134	191	172	6340
PLATE1	1	HC-064K	134.5	90.5	51.5	34.5	73	116.5	663.5	29.5	125.5	106.5	33818	61532.5	10114.5	6402.5	1295.5	21033	81126.5	3076.5	80	52579.5	36498.5	72	191.5	406	6465	43147.5
PLATE1	1	HC-065K	400	1319.5	196	177	173	482	19026	765.5	917	727	1582	10225	191.5	12117	1378	4447.5	52043	30031.5	374	16059	36624	659	123	318.5	100	881.5
PLATE1	1	HC-066K	49.5	6037.5	32.5	30	51	90	119.5	23	72	367.5	25362	44466	243	49780	2039	1661.5	33654	10425	159.5	69420	50989	288	128	193	579	408
PLATE1	1	HC-067K	1952.5	7960	742	1712	648	649	88	66	8368.5	1569	73324	10302	228	658	589	6280	40854	633	96	58862	67130.5	2936.5	79	141.5	931	19572
PLATE1	1	HC-068K	60579.5	2784.5	35739.5	12797	42331.5	35397.5	100.5	42	89183.5	55264.5	17662.5	114685.5	2990.5	10060.5	1338	30607.5	81496.5	29968.5	189.5	58846	88065.5	14397.5	140.5	230	2061.5	13713
PLATE1	1	HC-069K	49513	27353	28265	6533.5	29292	26806	194.5	-2	51395	73680	32736	42465	808	6360	2952	24137	66176	3791	108	39077	25642	13938	133	269	658	36636.5
PLATE1	1	HC-070K	47143	20603.5	47439	9289	76933	53142	5228	28.5	85258	100244	52765	24481	272.5	30788	2702.5	22554	84118	10857	334	53119	56860	22417	302	669	11379	50906
PLATE1	1	HC-071K	17339.5	21115	9505	13279	6967	7636	914	169	40024	13476	1262	50289	607	48749	3781.5	60530	145053	79793.5	340	80717	102603.5	21708	167	426	710	18606
PLATE1	1	HC-072K	18761.5	9859.5	4804	128	7620.5	6798	666	137.5	16255.5	14731.5	30269	101916	1113	1558.5	2324	14584.5	81979.5	74658	349	109306	88640	4568	182	867.5	9513	17290
PLATE1	1	HC-073K	5475	9027.5	2157.5	5573.5	2261.5	2695	207	65.5	24261.5	6411.5	7460	168249	1738.5	3940	6759.5	25880.5	7074	27249.5	957.5	98005.5	132357.5	9844	168.5	3009.5	18330.5	63973
PLATE1	1	HC-074K	1606.5	308.5	2115.5	472.5	983.5	918.5	108	65	4282.5	1752.5	91870	79951.5	925.5	1726.5	7744.5	6779.5	90626.5	7392.5	305.5	5838.5	133988.5	454.5	134.5	1034	29997.5	2802
PLATE1	1	HC-075K	13249	11109.5	4811	145.5	8319.5	3743	992	51.5	25878	12262.5	20119	19366	617	1472	11136	9457.5	32356	3340	183	22753	23848	4465	125	589.5	2193	25969.5
PLATE1	1	HC-076K	1013	2948.5	189.5	591	314.5	379	105.5	47	2795.5	1946	77041	93510	16754	19172	610	780	118510	8789	469	96190	66252	3134	148	233	332	23506
PLATE1	1	HC-077K	47996.5	9850	12077	902	20909	16196	151.5	32.5	35736	28961	7911	28277	269.5	26840	1710	38154	91221	18172	229.5	112560	118684	13220	190	189	591	36466
PLATE1	1	HC-078K	13630	14337	6934	4987	5935	5633	1374	37	28151	9953	34698	67955	2062	21251	13697	35838	66609	35621.5	103	52330	40720	9969.5	133	136	297	2998
PLATE1	1	HC-079K	85497.5	12839.5	29750.5	3473	74857	25963.5	85.5	23.5	93675	71823.5	89717.5	58502	1800.5	14979.5	1229.5	36103	131232	9093.5	185.5	111227.5	70534.5	20831.5	176.5	237.5	1318.5	14032.5
PLATE1	1	HC-080K	45404.5	13481	42348	2346	39771	30327	351	44.5	54209	52031	6640	29848	213	2095.5	986	24237	43580	16007	451	54346	28924.5	16639.5	147	130.5	1487	51597.5
PLATE1	1	HC-081K	75040.5	17194.5	51409	5134.5	44350	31929.5	8983	46	61183.5	42856	25440	65403.5	306	2430	19361	24083	55070.5	2769	75	44486.5	26501	14397	164	167	6581	22486
PLATE1	1	HC-082K	4642	5193	1560	6661.5	1182.5	1496	5892	59	42866	2395.5	67215.5	18870	207	4402	2606.5	49230	69416.5	15657	157.5	78381	57966	5713.5	131	220	450	616
PLATE1	1	HC-083K	1529	78.5	71.5	30.5	80.5	68.5	52115.5	460.5	44.5	727.5	29510.5	38748.5	520	8474.5	1019	24595	39706.5	3386.5	125	27845.5	31609.5	129.5	142.5	117.5	962.5	8876.5
PLATE1	1	HC-084K	13323.5	100.5	5432.5	497	8338.5	3996.5	-41.5	-33.5	13899.5	10357.5	9327.5	25104.5	203.5	268.5	10803.5	14037.5	31707.5	4398.5	85.5	2063.5	12210.5	9827.5	317.5	173.5	525.5	18056
PLATE1	1	HC-085K	170	109	91.5	156	118	84	42.5	11	378	241	41438	80192	2895	241	24729	28311	47859	2611	48	51394	52192.5	111	202	214	533	9141
PLATE1	1	HC-086K	190.5	281	80.5	95.5	179.5	166.5	256.5	69.5	178.5	197.5	8995.5	23966.5	330.5	273	721.5	9009	33490	62755	299	79486.5	15729.5	104.5	120.5	150.5	284	2050.5
PLATE1	1	HC-087K	2190.5	73.5	675.5	59	1970	962	1032.5	11.5	8718	3023	10443	21795	1259	8821	2726	4985	12383	3789	44	14084	9679	2577	103	373	236	264.5
PLATE1	1	HC-088K	1324	520	393	1118	365.5	494	16908	43	4565	1177.5	46869	59243.5	291.5	1833	874	25268	49629	1576	118	48865	43972	1516	188	191.5	25564	16215.5
PLATE1	1	HC-089K	3316.5	976	529	1187	382	542.5	832	12.5	4764.5	1701.5	34383.5	120490.5	1238.5	814	7621	28578	48046.5	5698.5	194.5	66887.5	57877.5	1118.5	128.5	165.5	752.5	490
PLATE1	1	HC-090K	1521	161	876	954	582	1175	69.5	6.5	5704.5	1306	43903.5	87573	1106	3515	32807	34072.5	69713.5	12667	138.5	52241	23055.5	854	131	143	116	1539
PLATE1	1	HC-091K	1793	143	359	103.5	1342	617	6731.5	5	2960	1849	38420	31577	4340	15162	970	19237	8681	382	35	38990	51239	1125.5	129	166	370	2864
PLATE1	1	HC-092K	7072	706	710.5	179.5	2374	1666	62	32	8236	3530.5	53314.5	70958	928.5	284	1315	22372.5	20798.5	1215	121	43631.5	33048	3609.5	141	141	473.5	65780
PLATE1	1	HC-093K	12965.5	1444	2028.5	54.5	8772	3171	6343	46	39550	13473	58961	77916	809	485	304	5639	11874	2888.5	102	60444	49734.5	4161	208	253	570	25157
PLATE1	1	HC-094K	1145.5	2177	302.5	1361	509	1224.5	59.5	31.5	3946.5	1655.5	20305	35017.5	836.5	459.5	839.5	15831.5	26577.5	858.5	62.5	30056	17772.5	2177.5	64.5	165.5	323.5	47072.5
PLATE1	1	HC-095K	59	252	65	60	63	73.5	64	31	93	98	38755.5	49841	5960	4185.5	767	6016.5	14375.5	6284.5	73	35038	35836	38	67	117	172	15770
PLATE1	1	HC-096K	2845	5721	932	880.5	703	935.5	83.5	35	5929.5	2733.5	56798	103239	1430	1029.5	6774.5	27840.5	103775.5	1796	104	76529	81832.5	6561	101.5	199.5	2594	4920.5
PLATE1	1	HC-097K	5137	13348.5	4589	3443	1590	5231	88.5	40.5	13887.5	3855	31157	73332.5	915.5	818	2468	26332.5	55062	1878	103	43269	39597	4931	70	195.5	11833.5	3008.5
PLATE1	1	HC-098K	27920	12028	17314	2268	31604	16584	47	-15	25845	18568	10786	16015	1859.5	1491	1845	1824	28251	11400	46	20256	20735	11801	136	226	221	21032
PLATE1	1	HC-099K	31939	21708.5	20579.5	2054	20294	13776	88.5	33	33615	40994.5	11480.5	31026.5	665.5	1109.5	2513.5	2564.5	21400.5	643.5	44.5	49696.5	37459	13354.5	86.5	288.5	225.5	1359.5
PLATE1	1	HC-100K	72193	22022	37522	7021	59966.5	35104	705	74.5	104287	68635	107890.5	137384	4040	10395.5	23482	23015	57263.5	11156	356.5	133848	117744.5	14344	206	276	5331	36016
PLATE1	1	HC19-KC005	77	503.5	50	25.5	53	65	21	26	68	119	29695.5	51912.5	403	1377	62154.5	66499	97293	16206	66	552	54729	75	197	222.5	247.5	283.5
PLATE1	1	HC19-KC006	209.5	319	185.5	186	267	307	3165	20.5	227.5	1818	70524.5	90642.5	1066	8236	42581.5	71870	140254.5	31963.5	125	28280	96938	118	529	178	9241	46573.5
PLATE1	1	HC19-KC007	1702	88.5	816.5	811.5	1137.5	1914	5071.5	56.5	673.5	266.5	59749.5	72443.5	18293	961.5	1269.5	10690.5	34556	380	87.5	71212	55484.5	66.5	103.5	234	642.5	5453.5
PLATE1	1	HC19-KC008	218	437.5	102	9	159.5	164	219	126	335	1912.5	124973.5	184017	13410	43279.5	4783	4625	97658.5	21975	3449.5	141464.5	106782	875	265	1876.5	5109	59770.5
PLATE1	1	HC19-KC012	116.5	72	63	78.5	74	94	32	34	117.5	524	73669	96913	9245	217	22130.5	35383	74764	15847	183.5	65184	55695	234	121	218	455	26498.5
PLATE1	1	HC19-KC015	831	317	1158.5	249	573	2796.5	213	217	675	2266	125235	27426	440.5	47271	46222	75145	80893	19853	257	142092	5389.5	333	174	368	28110.5	16186
PLATE1	1	HC19-KC016	120	385	49.5	168.5	88.5	91.5	99	37	202.5	151.5	16255	35332	14861.5	445	29025	39837	54550	1640.5	63	31032	26938	42	126	488	2191	5257
PLATE1	1	HC19-KC017	2853	126	68	66.5	12144	92	77	104	652.5	577	43384	38822	309	20779	23196.5	34009	68623	600.5	166.5	42791	33963	106	115	216	10860	32823
PLATE1	1	HC19-KC019	155	2200	86	61	121	147	134.5	103.5	124	364.5	115676	194701.5	2489.5	235	68710.5	78781	81997	13269.5	241	132054	109038	1003	153	282	2658	1991
PLATE1	1	HC19-KC021	92.5	3780.5	84.5	19.5	84.5	71.5	46	23.5	239	448.5	82274.5	109053.5	265.5	527.5	3372	42242.5	83198	8314.5	83.5	102963	28123.5	96.5	229.5	116.5	52826.5	44455.5
PLATE1	1	HC19-KC022	1693	278	271.5	43	193	411.5	254	40	351	1634	35024	46794.5	1653	4275	45198	68646	72752	24475	2603	157309	131009	531.5	217	487.5	5345	11455
PLATE1	1	HC19-KC024	348	364	139	-6	128	-38	-58.5	-34.5	162	753	78388	153627	1361	8539	990	10942	77076.5	13664	201	1152	919.5	68	911	498	5021	1517.5
PLATE1	1	HC19-KC025	573	329.5	102.5	49	126	193	64	76	199	443	68661.5	22745	724	470.5	14636	30831	62218	13300	101	72448	44973	67	122	1120	1105.5	67350
PLATE1	1	HC19-KC026	4735	1518	76	44	5065.5	188	177	25	3518.5	611.5	46798.5	97266	1283	227.5	58512	86111.5	137765	6535.5	232	878	85199	288	133	1364	27718	28950
PLATE1	1	HC19-KC027	31	40.5	26	17.5	32	55	49.5	12	58.5	77.5	20458	17196	391	3260	28966	33300	49700	799	46	46644	27438	32.5	94	118	832	4628
PLATE1	1	HC19-KC028	611.5	844	73	13.5	384	85	23	-6.5	329	877	49685	4573	179	1478	21389.5	15791	32703	355	114	59174	33319	276	132	107	10290	41747
PLATE1	1	HC19-KC029	251	146	74	54.5	149	96	11723	27	543.5	265	36205	11795	309	359	1706	34882	45991	14145	175	33765	24709	82	131	615	16108	46014
PLATE1	1	HC19-KC030	89.5	6.5	-18	-29	-4	-39.5	-11	-71	359.5	814	51023	40895.5	445.5	18016.5	2882	29102	66625	2067	2570.5	55824.5	38797	371	277	214	26091	3005
PLATE1	1	HC19-KC033	53	28.5	36.5	27.5	23.5	45.5	141.5	14.5	104	256.5	50278	45807.5	4048.5	29304.5	1602.5	16804.5	44005.5	19815.5	77.5	64762.5	36580.5	168.5	120.5	339.5	2652	31677
PLATE1	1	HC19-KC035	101	70.5	61	32	33.5	39	151.5	17	74	329	42473	93465	3568	29426	1606	17484.5	41081.5	22081	137	77566.5	55486	214	136	353	3768	27943
PLATE1	1	HC19-KC036	112	4941	87	109.5	103	167.5	7078	60	98	245.5	36866	47085	434	52844.5	14615	22119.5	52445	1261.5	102	60018	17865	84	109	263	12095.5	26328
PLATE1	1	HC19-KC038	167	6860	160.5	146	115	175.5	676	64.5	223	199	37286.5	23019	1129	144.5	25334	42156.5	28151	5097	108	38860.5	21297	133	99	165	4042	49022.5
PLATE1	1	HC19-KC039	476	1116	72.5	32.5	117	85	2050	43	1697	664	55667.5	94981	4016	2364.5	27087	43567	77577	855.5	120.5	51482	44616	112	137	402.5	6991	73288.5
PLATE1	1	HC19-KC040	121.5	71.5	73	46	70	86	32	40	92.5	560	11823.5	74455	220	542	5925	29941	85027	3792.5	306	62742	44323	397.5	134	528	592.5	76074
PLATE1	1	HC19-KC041	217.5	2047.5	47	13.5	115.5	95.5	55	32.5	315.5	293	46838.5	29388.5	292	80.5	29012.5	31920.5	74883	4007	78	19877.5	42390.5	79.5	104.5	2080	2472.5	50476.5
PLATE1	1	HC19-KC047	233	73	555	150.5	191	795	63	15	228.5	496	58790	104718.5	5615	3077.5	9583.5	16980	66591.5	991	146	58368.5	57479	124	105	10359	2445	24804
PLATE1	1	HC19-KC048	160	135	314	88	49	71	3058	24	82	236	100509	41477	635.5	1034	2418	45947	71551.5	5144	94.5	105527	11892	124.5	106	653.5	8905	23445
PLATE1	1	HC19-KC049	54	569	53.5	30	43.5	45	2593	53	56	288	53603.5	16504	889	35	48665	67575	73140	904	57.5	46510	48391	157	171	237.5	400	887
PLATE1	1	HC19-KC050	561.5	603.5	483	50	1073.5	147.5	19	10.5	372.5	22327	33219	49836.5	6774.5	528.5	20913.5	35352	48855.5	13064.5	161.5	34166	27619.5	391.5	140.5	194.5	578.5	41236.5
PLATE1	1	HC19-KC051	94	185	77	55	69	66.5	47.5	16	121	145	30464	44127	665	2780	29483	27761	39816	12699	66	59250	43717	66	147	93	9183	42473.5
PLATE1	1	HC19-KC057	58	50	32.5	15.5	15.5	43	30.5	6	125	103	47969	27167	1404	305	47046	59352	71281.5	5706	65	50843.5	457.5	49.5	114	112	401	8672
PLATE1	1	HC19-KC058	171.5	67	51	-2	55	68.5	737	50.5	1003	1578	99729	37093	1852	202.5	18776	21012	43000.5	21354	232.5	58420	96399	309	156	339	9777	746
PLATE1	1	HC19-KC059	122	1360.5	70	16	98	79.5	24279	26	179	207	66888.5	69751	969	2201.5	282.5	17230.5	55859.5	3478	81	78156	49564	96.5	139	1011.5	4887	338
PLATE1	1	HC19-KC060	803	211	278	111	525.5	310	128	656	1231	662	123142.5	20270	426	1413	45589	62753.5	122093	1471	456	126142	96546	466	191	1201	18718.5	16188
PLATE1	1	HC19-KC063	169	449	137	56	133	162	728.5	7	125.5	381	58994	58047	1218	1371	1067	15505	76796.5	3819.5	119.5	70786	50212	274.5	130	1578.5	6208	40517.5
PLATE1	1	HC19-KC064	229	260.5	120	29	146.5	197	9763	99.5	194	511.5	84548.5	117019	19871	17841	8005.5	30785.5	138106.5	5271.5	293	83214.5	55956	269.5	202	544	1594	88745.5
PLATE1	1	HC19-KC065	4100	1016.5	51.5	36	40.5	52.5	156.5	-1.5	2251	565.5	74676.5	36902.5	323	83.5	667	11704.5	79717.5	1848.5	113.5	66920.5	59598.5	237.5	140.5	262	11400.5	18461
PLATE1	1	HC19-KC066	387	604	86	201	249.5	134	5881	48.5	463	707	128077	83381	5794	744	3029	34419	94375	13827	237.5	78887	141729	943.5	218	308	35194.5	29640
PLATE1	1	HC19-KC067	154	581	-9.5	-7	35.5	81.5	24805.5	-5.5	169.5	343	64506	55952.5	309	793.5	372.5	30519.5	98037	10102	69	48015	69376.5	106	160	201	20483	1657
PLATE1	1	HC19-KC068	1013.5	4581	79	-28.5	53	23	156.5	-22.5	76	1564	23196.5	161984	581.5	1142.5	24371.5	23482	73185	2818.5	322	89209	128773	755	286	370	1610	57343.5
PLATE1	1	HC19-KC069	806	251	208	129.5	417.5	552	144	87	4918.5	1630	128692	157136	3072	610	4914	31338	186127	10226	417	140997.5	113078	2277	185	1103	132957	153440
PLATE1	1	HC19-KC070	971.5	2482.5	266	67.5	669.5	621.5	4292.5	49	535.5	540.5	79515	83266.5	705	2111.5	11883	16687	86095	5712.5	369.5	77222.5	66478.5	319.5	126.5	1181.5	20562.5	21041.5
PLATE1	1	HC19-KC071	419.5	302	102	16	130	204	11476	-5	271	758.5	139750	174045.5	20716.5	1900.5	17124	23818.5	87059	5713	275.5	129565.5	112298.5	631.5	189	821	100026.5	61900
PLATE1	1	HC19-KC072	519	2571	36	24.5	77	129.5	176	-2	396	1271	25692	148022	2828.5	4446	38397	69179	135407.5	51444.5	630	127903.5	110659	931.5	152	430.5	2121.5	65267
PLATE1	1	HC19-KC073	963	33	266	23	661	1122	9683	-38	950	872	105666.5	111642	458	6879	25660	52610	140862	13797	165.5	96656	102461	528.5	195	11150	3017.5	23413
PLATE1	1	HC19-KC074	105	56.5	81	17	85.5	87	130	36.5	103	231	118747	18121	121.5	2459	463.5	5490.5	56419	12750	106	73367	54400.5	137	150	355.5	49051	3029
PLATE1	1	HC19-KC075	6	64	13.5	2	21.5	24	5	-9.5	75	370	29701	47904	317	417	18775.5	12419	38803	4158.5	68.5	43421.5	50903.5	114	134	139	8886.5	52523
PLATE1	1	HC19-KC076	16	57	26	-11	24	35	12	-5.5	33	192	34638	54392	1778	164	20473	17052	38447	5496	53	43215	20268	66	170	79	3464.5	24465
PLATE1	1	HC19-KC077	596.5	966	73.5	16	44.5	117.5	75	45	205.5	764	39627.5	67467.5	678.5	3779	270.5	7711.5	27048	19840.5	139.5	65631	45729.5	153	141.5	281	5722.5	24835.5
PLATE1	1	HC19-KC078	92	88.5	58	84.5	60.5	95.5	47.5	19.5	142.5	448.5	78711.5	97495.5	3242.5	6122	2157.5	16087.5	28689.5	2741.5	126.5	86033.5	79031.5	200.5	142.5	285.5	3715.5	3426.5
PLATE1	1	HC19-KC081	83	77	37.5	-31.5	5	309	261.5	-25	144	208	39623	25641	100	20212	11123	30647.5	37457	5564	48	59035	53971	127	180	360.5	7938.5	17920
PLATE1	1	HC19-KC082	154	5934	71	50	141	93	755.5	1082	343.5	271.5	73835	90475	218.5	571	18749	13826	60274.5	250	97	77644.5	85286	66	149	221.5	1920	21737.5
PLATE1	1	HC19-KC083	44	23.5	25	66.5	44	69	737.5	21.5	62	126	36165	51185	422	48048.5	343	8029	37328	679	81.5	42666	46840	32.5	103	155.5	32242	39666.5
PLATE1	1	HC19-KC084	140.5	1092	80.5	36.5	37	82	59	23	83	252	56732.5	42613	3208	11610	2519.5	16178	52159	3135	75	72996	68582	37	167	152.5	2634	11419
PLATE1	1	HC19-KC086	445.5	125	372	-8	148.5	116	29	-10	315	1463	77701	16002	187	1669	45026	46474	71953	3734.5	238	94820	23790	496	195	612	4101.5	812
PLATE1	1	HC19-KC087	42	267	9.5	-5	21	119.5	17.5	-18	96	613	68097	71907	627.5	3	15320.5	20960.5	34373	7637	180.5	88227.5	38455.5	563.5	161.5	254.5	37041.5	18634
PLATE1	1	HC19-KC088	101.5	2651.5	877	32	102.5	1880.5	212.5	18	130.5	162.5	90612	118520	478.5	1415.5	344.5	4080	34351	808.5	81.5	38468.5	51880.5	56.5	103.5	194	639.5	27348
PLATE1	1	HC19-KC089	38	248.5	42	17.5	31	52	7823	-2	50	317.5	24436.5	59222	1471	139	420	9330	43050	7018	73	39879	26444	162.5	107	241.5	7104.5	10835
PLATE1	1	HC19-KC090	53	72	36	68	28	53	58	-6	57	170	5900	57448	309	1834	17622.5	39166	55829	18238.5	80	81399	73005	83	124	66	129.5	323
PLATE1	1	HC19-KC091	10287	72	138.5	-319	12731	594	106	-67	6426	1037	62481	57942	6217.5	3088	1884	21150	33467	20579	-54	74092	66975	-217.5	497	531	7405	25370
PLATE1	1	HC19-KC092	475	318	124	91	322.5	291.5	92	57	871	215.5	29740	61400	3929.5	462	2801.5	7048	18266.5	1361	85	39194	41589	45.5	130	2635.5	7069.5	14692
PLATE1	1	HC19-KC093	168	74.5	12	44.5	58	26.5	428.5	-22.5	68	165	32553.5	75881	492	4736.5	251	14574.5	35826.5	362	34.5	58876.5	55158.5	65.5	236	88	5218.5	45909
PLATE1	1	HC19-KC094	72.5	188	62.5	39.5	126	91.5	84.5	68.5	104.5	76.5	14256.5	22255.5	921	110.5	201	1989.5	12030.5	10166.5	84	20373.5	10109.5	45	75.5	98	15439	4720
PLATE1	1	HC19-KC095	275.5	3162.5	230.5	145	206.5	168.5	7277.5	77.5	288.5	318.5	148358	174224.5	72856.5	2363.5	1887.5	8717.5	90580.5	9860.5	225	141070.5	137808	158.5	454.5	260.5	2111.5	3431.5
PLATE1	1	HC19-KC096	151	94	98	11	65	63.5	3889.5	-3.5	181	455	76535.5	95582	2117	6638	11805	52379	10247	1329	137.5	73251	65107	271	152	358	13908	584
PLATE1	1	HC19-KC097	2510.5	239	118	69	229.5	135	105	75	411.5	2367	138887	122486	20058	38294.5	920.5	26046	155355	5741	245.5	148318.5	146767.5	332	186	699	3840.5	38021
PLATE1	1	HC19-NM031	477	1414	331	55	65	1474	31	22.5	123	208	3112	41995	114	52829	1043.5	19127.5	42360	3747	127	78046	33349.5	122	124	123	400	26438.5
PLATE1	1	HC19-NM032	108	163	83	45	89	101.5	191	46	175.5	375	7335	25512	339	9431	1193	16730.5	102245	4802	222	101447	91969	200.5	172	152	442	159566
PLATE1	1	HC19-NM033	-13.5	8.5	0.5	-42.5	-33	23.5	218.5	-29	49	663.5	1299.5	20484	196.5	1683.5	699.5	33257.5	90762	15052.5	142	71852.5	44503.5	430.5	181.5	605.5	425.5	113640.5
PLATE1	1	HC19-NM034	122	-61.5	-143	-261.5	-139	-55	887.5	-214	159	1069.5	5446	10844	-55	4215	26153.5	112364	205007	28674	183	138892	131547.5	1231.5	500	241	928.5	175616
PLATE1	1	HC19-NM035	101.5	43.5	-14.5	-39.5	113.5	75	-28	-49	83.5	490.5	877	17139.5	175	1050.5	1072.5	31213.5	91739.5	1551.5	192.5	145411.5	133630.5	424.5	184.5	163.5	113	34429.5
PLATE1	1	HC19-NM036	313	104	203	83.5	235	351	13	8	352	1413	7494	27279	205	2054	2613	35182.5	133471	4414	203	97260	103305	569	207	113	848	119363
PLATE1	1	HC19-NM037	411	133	45	71	183	110	266	57	24747	1421	7518	153749.5	952	21942	37943	62247	155198	40771	158.5	123423.5	133984	183	184	201	298.5	160763
PLATE1	1	HC19-NM038	133	612	40.5	7.5	61	114.5	58.5	55.5	156.5	539.5	352.5	69361.5	653.5	4593	15320.5	20868	123376	10628.5	208.5	115289.5	99128.5	318	117.5	345.5	391.5	166327.5
PLATE1	1	HC19-NM039	68.5	46	33	44	51	77	64	44.5	265.5	308	1854.5	96046	1049	63611	304	8036	62470	7075.5	119.5	70373.5	71423	116	75	151.5	154	88154
PLATE1	1	HC19-NM040	141.5	490	54	32	84.5	138	9571	61.5	255.5	337.5	199	18652	255	18105	16679	47906	168856	5043	231	143993	78756	111.5	189	285	352	166256
PLATE1	1	HC19-NM041	2752	49.5	31	55	90	83	39	37	395	10455	3506	27371	228	1543	6272	9248	53511.5	3775	1034	25	2216	2499	115	164	958	15954
PLATE1	1	HC19-NM042	754	308	112	50	208	210	1573	154	259	676	560	24685	334	4309	55387	60781.5	136750	4019	398	156412.5	124843	345	201	554.5	1060.5	55797.5
PLATE1	1	HC19-NM043	331.5	57	24.5	18.5	36.5	56	3157	18.5	60	136.5	19242.5	8330	124.5	5711.5	1435.5	25378.5	37490.5	5648.5	408.5	65067.5	59844.5	49	77.5	142	90.5	29164.5
PLATE1	1	HC19-NM044	-4.5	47.5	24.5	3	-13	-14.5	128.5	-23.5	19.5	1395	2366.5	19909.5	146.5	8957.5	40985.5	24448.5	47874.5	11686.5	276.5	62495.5	45034.5	790.5	277.5	133	108.5	16761.5
PLATE1	1	HC19-NM045	132	61	139.5	88	81	124	95	56	146	89.5	437	50295	99	47033.5	2312	22775	63331.5	115	80	51607	17677	46.5	206	105	203	31956
PLATE1	1	HC19-NM046	29	72	23	75	38	35	7725	25	31	112	274	9859	108	3736.5	987	16566.5	105925	277	55	93105.5	70592	70.5	142	114	163	12562
PLATE1	1	HC19-NM047	72	35	20	27.5	17	104	361	29	81	368	233	9231	89	2908.5	8014	26113	103210	15194.5	104.5	76044	62631.5	183	96	202	127	30253
PLATE1	1	HC19-NM048	110.5	829	58	47	38.5	91	64	45	85	334	256.5	32389.5	227	15673	37818.5	55085	113387.5	21771.5	173	92129	6715	216.5	92	166	392	2265
PLATE1	1	HC19-NM049	63.5	56.5	34	12	53.5	81	53	6	85	161.5	878	9521	104.5	27319	18549	23202	84253	9225	165.5	94072	22289	78	110	106	662.5	38599
PLATE1	1	HC19-NM050	148	19	223	53	116	1430	31	-1	88	264	374	15805	114	68362	23746	27133.5	82048	5890.5	119	45666	21704.5	203.5	136	117.5	162.5	25822
PLATE1	1	HC19-NM051	204	635	43	14	63.5	90	1798	10	118	421.5	52099.5	73837.5	2175	252	3298	18968	38562	2252	123.5	88846.5	61052	266	124	350.5	3483	19561
PLATE1	1	HC19-NM052	616	66.5	195.5	159.5	203	300.5	180.5	31	442.5	240.5	69705.5	116488.5	1259.5	156	310.5	15747.5	56350	1031	76.5	88706.5	73549	131.5	161.5	676.5	745	5039.5
PLATE1	1	HC19-NM053	1377	159	1357	281.5	1442	3142.5	111	68	1466	1655.5	100222	119371	9814.5	5908	2262	24253	50187.5	27674	354	108079.5	61091	484	131	3981	2010	11846
PLATE1	1	HC19-NM054	129	56	28.5	14.5	47	80	113.5	2.5	98	318	273	26879.5	276	1692.5	16854	32046	61596.5	33528.5	156	47454	46838	192.5	139	156	486	57661.5
PLATE1	1	HC19-NM055	324.5	73.5	59	45.5	35.5	83	38.5	17.5	333	311.5	294.5	16019.5	127.5	1556.5	16281.5	15484	113931.5	20752.5	136.5	88213	63772.5	191.5	118.5	172.5	505	98729
PLATE1	1	HC19-NM056	-443	-380	-475	-502	-485	-450	-253	-490	-390	25	-97.5	9192	-401	434	15206.5	9805	72571	18135	65.5	51255	35243	821	740	482	-113	65968
PLATE1	1	HC-201K	15822.5	84	4057.5	102.5	3228.5	4020.5	-20	2.5	10317.5	9391.5	190.5	20325.5	132.5	3833.5	359.5	10697	29403.5	27191.5	77.5	8.5	236.5	3407.5	203.5	107	126.5	8917.5
PLATE1	1	HC-202K	3399.5	3608.5	1536	1630.5	1556	1741	20004	-34.5	14591	5343.5	658	8711	39	6935.5	56409	71965	99520	25296	429	52052	56454	3792.5	274	364	650	18248
PLATE1	1	HC-203K	63	52	63	63	41	80	59.5	32	87.5	247	210	10702	114	15232.5	253.5	5608	35879	4607	136.5	65510	65646	175	92	122	144	8973.5
PLATE1	1	HC-204K	67507.5	66104.5	33247	48791.5	41629.5	35641.5	12519.5	37.5	110641	47445.5	467	10482.5	150	2011.5	3269.5	35812.5	1423	1851	126.5	94628.5	86975.5	13496.5	181.5	245	342.5	296.5
PLATE1	1	HC-205K	4747.5	4066	1496	177	1513.5	1715	165	-81	18589.5	3786	299	11446	-3	16879	4244	50318	92140	88034.5	201	93748.5	93212.5	2612	206	436.5	-11	57879.5
PLATE1	1	HC-206K	1916	740	674	196.5	506.5	659	10332.5	57	3720	977	386	37816	373	16549	35353	15486	50453	31406	268	129957	132044	713	117	193	547.5	37451
PLATE1	1	HC-207K	154	105	71	170.5	59.5	102	-28.5	38	340.5	436	418	36904	417	1752	624	413	6815	685	164	393.5	701.5	236	322	181	200	3002.5
PLATE1	1	HC-208K	10755.5	533	4832.5	10392.5	4099	4357.5	9.5	0.5	52893.5	8088	562.5	20309.5	142.5	5567	2089.5	18701	60329.5	11208	312.5	38283.5	31326	4972.5	265.5	107.5	151.5	12041.5
PLATE1	1	HC-209K	269	944.5	182	538.5	130	229	500	-12	1510.5	255	124.5	17081.5	97	450	747	25179	87564	525.5	39.5	1778	93951	918	140	97.5	68	8134.5
PLATE1	1	HC-210K	1368	3226.5	362	273	572	776	723	117	2637	778	7679	21860	386	1115	1686.5	34280	138054	33413	160	106519	146242.5	878	186	272	597	59405
PLATE1	1	HC-211K	9086.5	15234.5	8861	3539.5	1866.5	9875	115.5	38.5	17323.5	6810.5	2072.5	23516.5	222	1286	11912.5	72672.5	67676.5	11374.5	111.5	86449.5	61244.5	5694.5	114.5	141.5	316.5	61780.5
PLATE1	1	HC-212K	130886	88699.5	95040	76096.5	67326	82951	605.5	-15.5	98542	104849	2689	16017	192	5566.5	1238	1696	3028	9409	674	49352	87604.5	26154	237	1091	672.5	857
PLATE1	1	HC-213K	5187.5	653.5	1751	2968.5	617.5	2274.5	170	11	7941	2779.5	807.5	26827	262.5	8248	2476.5	45645.5	140398.5	1594.5	531	106000.5	91105.5	2288	111.5	677	675.5	48804.5
PLATE1	1	HC-214K	105264.5	23673	46802.5	4419.5	57602.5	32329.5	64.5	20.5	96927.5	85157.5	228.5	26148	294.5	17229.5	720.5	44726.5	102641.5	29181.5	101	55322	40541.5	24882	83.5	224.5	144	11568.5
PLATE1	1	HC-215K	21035	307	8572.5	5116	4896	11405	3851	11	37435	13986.5	175	29657	247	3712	43080.5	39670.5	117088	841	85.5	104656	64602	7054	110	434	159	3598
PLATE1	1	HC-216K	68150	1432	18127	1848	31562	23031	58	38	57041	33957	597.5	30501.5	347	5714.5	740	770	148007	4579.5	214	95019.5	56972.5	19176.5	98	232.5	276	136808
PLATE1	1	HC-217K	24006.5	31830	14505.5	16330.5	11584	14725	1550	-2.5	41524	15659	71	7436	67	2263	3148.5	29823	42323	10515	126.5	31271	27895.5	8203	104	108	148	61597
PLATE1	1	HC-218K	11074.5	7238.5	3692.5	8571	3312.5	3678	108	29.5	33316.5	6140.5	404.5	18193.5	208.5	27431.5	5604	52716.5	149738.5	16241	292.5	133270	103365.5	6354.5	191.5	305.5	177.5	29484.5
PLATE1	1	HC-219K	964	9820	270.5	1236	249	332	198	-2	7260	1715	203	7477	79	5080.5	62698	79463	75448.5	1302	83	66587	60759	2231	98	76	61.5	2280
PLATE1	1	HC-220K	1961.5	2815.5	1454	3017	925.5	1553.5	37.5	-5.5	12960.5	1740.5	211	15374.5	142	439.5	634	17109.5	44630	143.5	90.5	40467.5	46169.5	2973	157.5	120.5	131.5	38197.5
PLATE1	1	HC-221K	6667.5	7883	1580	188	5135.5	1860.5	27	6	16293	4441	125	16989	113	63	8715	30264	47212	4568	83	30731.5	37722.5	3734	119	120	73	15225
PLATE1	1	HC-222K	39070.5	28680	23389	31953.5	25030.5	24004	13	-4	88169	30095	79	28749	305	836	33402	32364.5	79182	37280	57	54011	69556	20035	197	135	248	412
PLATE1	1	HC-223K	3411	1778.5	1547.5	205	2250.5	1465	25.5	11.5	6744	2422.5	29.5	6089	93.5	114.5	10093	18635.5	60081.5	1496.5	40.5	34397.5	61153.5	847.5	91.5	97.5	639	43623.5
PLATE1	1	HC-224K	38916	80715	25435	26244.5	21580	26644	130	23	96180.5	30225	186.5	31810.5	156	716.5	1104	25423.5	48199	178	69	56297	53560	15728	135	436	446	940.5
PLATE1	1	HC-225K	95	21.5	39	982	6.5	40	135	21.5	59.5	207	224	30543	243	2122	43169	18146.5	100867	3412.5	103	54790	43750	81	136	133	102.5	5012
PLATE1	1	HC-226K	14539.5	5505	6789.5	7844	7282.5	6902.5	1120.5	5.5	43078	7839.5	90.5	17302.5	111.5	697.5	697.5	40636.5	113264.5	6062.5	61	10302.5	65465.5	5775.5	124.5	168	533	2144.5
PLATE1	1	HC-227K	31957	2907.5	14175.5	295	19845.5	17279	13.5	-14.5	22479.5	12761	148	78022	142.5	60469.5	1368.5	16149.5	65659	17541.5	38.5	22502.5	58165.5	6835	136.5	1151.5	400.5	1730
PLATE1	1	HC-228K	18339.5	4683	19548.5	12056.5	6385	16628.5	140.5	2	59306	10077	227.5	15942.5	138.5	30337.5	11463.5	12883.5	85127.5	19936.5	108.5	49885.5	50022.5	6725.5	136.5	123.5	259	21818.5
PLATE1	1	HC-229K	3125	13549	1039	223	737	1376	975.5	-6	16519.5	2351	277.5	18827	90	31384	1341.5	5533	118940	10368	275.5	80767.5	74175.5	1673	128	124	417	6096
PLATE1	1	HC-230K	46215	6375	36361	8388	23975.5	28115.5	473	38.5	46421	35358	66	14043.5	116	4140.5	29164.5	6292.5	57563	8441	55	20417.5	30670.5	10505	89	107	84	32073
PLATE1	1	HC-231K	151	70	106.5	67	66	162	1298	19.5	529	165	215.5	20754.5	103	2720	768	18701.5	81976.5	552.5	74	62519.5	58015	94.5	105	140.5	136	1043
PLATE1	1	HC-232K	1695	3432	614	4544.5	598	978	67	21	8212.5	1305.5	27.5	18235	130	7823.5	634.5	20026	67470.5	409	66	44147	10940.5	1751	104	438.5	91.5	751
PLATE1	1	HC-233K	18954	9125	5119	291	7512	6175	51	21	17768	12902	183.5	7886.5	73	1394	37408	29070.5	70003.5	329	66	32914	86563	6107	92	121	414.5	27086
PLATE1	1	HC-234K	1341.5	311	723	749.5	227	1015	37	39	2253.5	1328.5	191	15713.5	165	3374	30244	27837.5	74358.5	449	119.5	26765	82308	1443.5	82	169	247	28818
PLATE1	1	HC-235K	8237	3037	4404	711.5	9651.5	5888	26.5	13	14745.5	6012.5	58	1677.5	77	486	1535.5	8945.5	13858	3295	53	10699	6176	3442.5	64	135	61.5	586
PLATE1	1	HC-236K	80643.5	78260	75409	40030	53705	58438.5	-70	-81	136551	72671.5	758.5	22763	193	795	33666	41570	98584	4751.5	123	105427	116945.5	23105.5	252	170.5	-12	18167
PLATE1	1	HC-237K	6393	2865	4158	6732	2882	3972	76	5	19350	5422	401	21779	146	1254	5444	17992.5	139501.5	422	350.5	84404	88396	3701	130	95	14744	7462
PLATE1	1	HC-238K	42641	27701	22341	31727	30278.5	23664	-106	-107	104160	23458	275.5	18851	-7	1543.5	1174	18258	87759.5	4483.5	89.5	138911	36220.5	10281	287	375	175	26925
PLATE1	1	HC-239K	2380	6360	1238	3317.5	671	1320.5	23	-21	16477	2745	64.5	12945	104	6529.5	14331.5	13475.5	66069.5	3370	74	50536	26163.5	1701	114	91	86	9205
PLATE1	1	HC-240K	25438	91803.5	9896	30353.5	8729	10868	1088	13.5	111192	14410	94	28665.5	284	21252	161.5	283.5	83957	7395	74.5	75198	55034	9447.5	212	62	99	694
PLATE1	1	HC-241K	86056	6778	56175	6988	59710	45933	1420	-2	90789	67602.5	370	29213	235	89569	9055	31540	108375.5	16386.5	224	39615	65299	23785	166	292.5	283.5	41462
PLATE1	1	HC-242K	160	144.5	97	55	138	138	74	54	268	420	389.5	29283.5	284	9718.5	10389	29078.5	185019	1193.5	183	83697	85590	283	107	294	483	123808
PLATE1	1	HC-243K	9620.5	7318	2657	4221	1131	2422	191.5	27	14999	7697.5	145.5	9325	92.5	970	218.5	6718.5	68507.5	10729	49.5	64322	43747	4661	139	109.5	248	3053.5
PLATE1	1	HC-245K	18705	13422	6628	180	13901	8883	1212.5	-4.5	31969	15960	64	11949	80	2830	522.5	10939	34273	29175	44	48564	35699	4626.5	113	98.5	238	290
PLATE1	1	HC-246K	56925	8648.5	28732	2645	49808	26314	5566	173.5	98188	49146.5	1423	49945	651	7601	4903.5	28549	83978	49147	226.5	138733	131058	13368	100	177.5	940	87216.5
PLATE1	1	HC-247K	15620	60094.5	5710	13731	5155	7627.5	13.5	9	24967	9058	225	16618.5	136	5618.5	935	9980.5	28069	1751	135.5	59033.5	54528.5	6381	124	155.5	178.5	29996.5
PLATE1	1	HC-248K	103255	13056.5	49879.5	6323.5	47291	48032	329	362.5	76316.5	72153.5	541.5	52970.5	1445.5	7574.5	4397	25244.5	134482	10952	311.5	103551.5	129885.5	22553.5	165.5	211	352.5	13083.5
PLATE1	1	HC-249K	198485.5	75551.5	182210.5	61740	178948.5	156960	125.5	59.5	206538	170452	456.5	43297.5	458.5	7744.5	800.5	3557.5	123452.5	17636.5	252.5	116221.5	109971.5	50756.5	132.5	521.5	495.5	81937.5
PLATE1	1	HC-250K	20079.5	511.5	10904.5	1140	16181	10823.5	176.5	5.5	34540.5	18528.5	84.5	5218	73.5	347.5	50	412.5	57943.5	59.5	2	15481	289.5	6266.5	130.5	80.5	63.5	2314
PLATE1	1	MBL-125	56	181	20	279	24	56	2571	8009	44.5	194	166	23646.5	377	62	4292	4216.5	2972	15290	96	23441	49262	113	122	217	225	32
PLATE1	1	MBL-126	13	29	29	-43.5	30	-9	-28.5	-56	20.5	178.5	4805	17407	43	23394.5	18410	17772	56366	5293	33.5	57609.5	73108.5	58.5	522	29	344	27010
PLATE1	1	MBL-127	7	2.5	0	-11.5	-9	28	1738	-18.5	43	68	58805	5308	45	342	122	772	1688	13413.5	45	97719	80338	10	136	66	829	5130
PLATE1	1	MBL-128	126	972.5	47	7	52	64.5	3067	1523	108	138.5	142	30340	188	413	267	3568	54518.5	10015	62	127385.5	108168	90.5	134	227	688.5	16631
PLATE1	1	MBL-129	-66.5	38.5	-83	-145.5	-106.5	-94	1950	-127.5	39.5	582.5	226.5	5455.5	-45.5	-78.5	9177.5	31574	75779.5	1013.5	92.5	91404.5	69734.5	430.5	337.5	249.5	564.5	15408
PLATE1	1	MBL-130	622.5	190.5	30.5	24.5	99	61.5	43.5	33.5	266.5	691.5	23109	38072.5	326.5	458	407.5	594	54712.5	1412	339.5	110938.5	90307.5	403.5	134.5	10830.5	340.5	31788
PLATE1	1	MBL-131	167.5	67	80	50.5	65	93.5	14.5	44	105	345	1680	83575	242.5	12521.5	2979.5	27405	59008.5	4398.5	545	50101	52713	198	115	338	114	2578
PLATE1	1	MBL-132	1578	132	37.5	17.5	85	109	7774.5	137.5	215	633	158	26873	319	738	613	6762	32872	19551	137	127328	119983	110	134	165	324	5633
PLATE1	1	MBL-133	42	131	11	7.5	24.5	70	456.5	9	116	464.5	434	9407.5	95	3957.5	8037.5	23530	12555	12007	245.5	94857	89508	255.5	124	181	754	63538.5
PLATE1	1	MBL-134	253	589	88	19	151	143	1076	64.5	393.5	285	99589	15008.5	274.5	47102.5	384	3893	11902	726	54	10312.5	118680.5	141	114	281	659	2360
PLATE1	1	MBL-135	259.5	119.5	63.5	494.5	111.5	216.5	106	34.5	170.5	475.5	15077	21373.5	224.5	2560	13735	16241.5	143692	39997.5	181.5	17381.5	89518	166.5	113.5	222.5	198.5	107550
PLATE1	1	MBL-136	85	72	41	48	64	66.5	8548	198	86	327.5	330	21797	226.5	8503	318.5	4849	8833	27294	147.5	123883	103331.5	246.5	78	126.5	115	3552
PLATE1	1	MBL-137	143.5	45.5	53.5	8.5	99.5	110.5	6762.5	120.5	205.5	295	205.5	16800	136.5	5862.5	242	3541.5	5846.5	22012.5	94.5	113184	99692	248.5	90.5	72.5	72.5	2234.5
PLATE1	1	MBL-138	165.5	2703	102	68	104	150	38544	72	121.5	483.5	336	3969	109	1079	18710.5	22154.5	43756	1053	1222.5	112505.5	90824	397	142	252.5	487	35738
PLATE1	1	MBL-139	114	51.5	47.5	26	47.5	87.5	24.5	31.5	91	99.5	128868.5	6808.5	337.5	1037.5	5501.5	9955.5	35701	14566	49.5	306.5	35085	57.5	76.5	146.5	2728.5	2020.5
PLATE1	1	MBL-151	73	59.5	7.5	-25.5	42.5	19.5	12	0.5	583	263	168	7079.5	55	11771.5	815.5	21362.5	56352.5	54459.5	1964.5	20632.5	91024.5	133.5	147.5	103.5	136.5	25240
PLATE1	1	MBL-152	13821	1340	3471	192.5	15228	3699	5016.5	88	11168	7247.5	151107	110219.5	3107	20154.5	3573.5	3366	33077	16494	126.5	40341.5	132391	1952	112	842	1167	4400
PLATE1	1	MBL-153	915	2622.5	237	74.5	747	266.5	13256.5	32	1042	700	111672	13633.5	1691.5	1122	874	1363	11653	2027	66	54567	107976.5	142	120	1514	682	7656
PLATE1	1	MBL-154	1519	1137.5	326	77.5	645	489.5	565.5	102.5	3530.5	1379.5	136951	187954.5	8554	13697	22536	51026	65202.5	77280.5	276	80748	148265	453	228	868	2733	93293
PLATE1	1	MBL-156	29159.5	666.5	20195.5	140.5	16819.5	16420.5	60.5	4.5	26696	22944	11527	10574.5	126.5	27757	21746.5	25692.5	20674.5	23799.5	67.5	45936.5	30824.5	4814.5	105.5	125.5	5991	11971.5
PLATE1	1	MBL-157	115134	19035	53022	10453.5	80918.5	50923	416	26.5	177610	115453	92232	211392	17871.5	602	30600	61439	135799.5	1684	166.5	3439	100307	15433	171	118	247	38366.5
PLATE1	1	MBL-158	47	35.5	15	18	31	63	2563	52.5	59.5	192.5	85626	47852.5	6233	1927	1398	655	4599	251	97.5	64618	76057.5	128	94	80	182	187.5
PLATE1	1	MBL-159	1666	2638	542.5	47	1530.5	512	-8	-22	6595	2305.5	863.5	27787.5	117	2800.5	607	388	57920	2668	144.5	82007	79954	664	360	252	790.5	2556.5
PLATE1	1	MBL-160	179	37	214	-28	41	29	7313	-5	4458	1056.5	2008.5	36819	319.5	18251.5	22460.5	21080.5	30957	41027.5	643.5	121307	112069	729	247	229	553.5	40788
PLATE1	1	MBL-161	2677	2323	640	42	718	609	968	-6	2489.5	1069.5	103978	61346	13266	34681	3155.5	4103	34282	390	27	36060.5	106122	321	401	18.5	137	30529
PLATE1	1	MBL-162	10444.5	19275.5	3179	424	6096	2419	222.5	33	38139.5	11362.5	443	22218	121	4724.5	1458	40762	48449	49955	133.5	61610.5	60401.5	1786	136	105	201	749
PLATE1	1	MBL-163	126	89	115.5	-31	110	178.5	-113.5	-81.5	58	141	112339.5	136347.5	4149.5	237.5	8129	15509.5	48597.5	12628	69	33394	82321.5	3	775	52	39074	26437
PLATE1	1	BL763	33	74	2	-4	39	44	1437.5	97	101	385.5	101004	39337	239	11234	1490	42610	42930	674	231.5	129801.5	94765.5	158	204	149	324	24682
PLATE1	1	BL764	138.5	49	83.5	-23	552	29.5	5338	8516	83	306	544	43092	696	1864	302	419.5	863	15643.5	225	141483	141289	164	270	213	890	58.5
PLATE1	1	BL765	94	141	44.5	88	62.5	112.5	69	80	114.5	488	777	16552	268	13792	25630.5	9035	113586	17955	233.5	93365	7486	305	99	448	2226	39351
PLATE1	1	BL766	134	548.5	77	32.5	86	81.5	146.5	77	94	280	106014.5	33274	457	770	380	15233	46572	7445	179	130216	107361	112	143	376	1616.5	24674
PLATE1	1	BL767	91.5	82	35	8.5	77	64	1196.5	281	49.5	139.5	64888	119245	4560.5	49.5	315.5	1985	73807	292	72	68	89136	59.5	120	132	1083.5	9606
PLATE1	1	BL768	98	343	28	104	92	70	17985	112	143	216	80051	135422.5	9143.5	20460	1229	23710.5	50763	86848.5	241.5	83495.5	83997	86	240	351	2080.5	3890
PLATE1	1	BL769	39	61.5	118	86	30	51	3120	31	70.5	381	106221	106369.5	984	183	53690	71561.5	81803	3753.5	184	55378	58263	222	119	95	69018	15469
PLATE1	1	BL770	373	65	55	36.5	200.5	60.5	11298	259	143.5	2379	69423.5	168692.5	3659	26928	31616	81752	25115	19994	177	2538	94001	265	113	299.5	58828	28331
PLATE1	1	MBL-059	-348.5	-333.5	-378.5	-415.5	-400.5	-359	-378.5	-351.5	-260.5	10949	91412	8473.5	124.5	-339	1787	9324	94708	6410.5	889	92416	100627.5	6052.5	546.5	642	867	8349.5
PLATE1	1	MBL-108	70	99	43	26.5	56	73	5924.5	38	146	148.5	46519	23514.5	524	7979.5	4605.5	12634	44603	5377	95	20401.5	45059	94	82	66	133	2315
PLATE1	1	BL739	467	370	54	18	3520	63	5895	34	273	113	67352	26624.5	169.5	5814	5332	8096	38771	3738.5	72	81654	61227.5	50.5	63	236	1391.5	2743
PLATE1	1	BL654	483.5	1284	164	1933	324	361	52798.5	472	278	375	171308	81949.5	21492	691.5	135895.5	160028.5	204336.5	6705	377	10495.5	163107.5	167	155	404	7730	53836.5
PLATE1	1	BL671	436.5	4482	113	52	509	311	528	46	385	191	31069.5	11517	568	1337	1222	18570	77305	50366.5	79	98382	38254.5	82	89	159.5	8632	24603
PLATE1	1	BL683	232	813	130.5	30	210.5	210	1471	316.5	165	339	176733.5	158862	626.5	24876	676	6479	8723	6429	366	64406	121933	138	192	4906	14477	2134.5
PLATE1	1	BL701	85	1361	83	45.5	62	222	382.5	53	94	185	115412	21457	2078	83	29543.5	38588	41736	3643	121	120589.5	96593.5	85	98	151	1030	153
PLATE1	1	EBV-MALE-NEG	43	6	16	21	38	64.5	32	9	49	23	75.5	395	63.5	595	433	827	6047	24	18	123.5	257	8	86	77.5	55	127
PLATE1	2	EBV-MALE-NEG	15.5	9.5	23.5	26.5	15.5	53	42	23	40	27	23.5	114	51	154	183.5	280	1714	28.5	17	14	48	18	51	57	41.5	35
PLATE1	1	EBV-FEMALE-NEG	15	15	24	12.5	7	43	33	1	41	33	54	113	23	3161	1744	875	20230	209	5	405	53	15	105	53	66	1847.5
PLATE1	2	EBV-FEMALE-NEG	23	19	34	22	19	43	37.5	10	37	43.5	26.5	41.5	53	199	119	146	4136.5	57	32.5	56	24.5	15	53	61	45.5	197.5
