Plate	Inplatecount	Sample	IgG1_RBD alpha	IgG1_N	IgG1_RBD beta	IgG1_RBD omicron	IgG1_RBD lambda	IgG1_RBD gamma	IgG1_zebra	IgG1_Eadp501	IgG1_RBD delta	IgG1_RBD wuhan	IgG1_AMA1	IgG1_MSP1	IgG1_HRPII	IgG1_Tetanus	IgG1_HCoV-229E	IgG1_HCoV-NL63	IgG1_HCoV-OC43	IgG1_pp28	IgG1_pp65	IgG1_EBNA1	IgG1_VCA	IgG1_FL spike	IgG1_BSA	IgG1_CelTos	IgG1_CSP	IgG1_HCoV-HKU1
PLATE2	1	BACKGROUND0	50.5	16.5	33.5	24.5	30	60.5	58.5	13.5	64.5	25.5	154.5	100.5	80.5	170.5	156.5	135.5	262.5	63.5	41	143.5	258	48.5	56.5	81.5	118	82.5
PLATE2	1	AF-MIX-S1	112.5	1048.5	-123.5	-186	-84.5	178.5	5844.5	-81.5	168.5	6	76420.5	48018.5	1976.5	46190	36593.5	25579.5	80510.5	12495.5	212	73873	50280.5	203.5	332.5	313.5	4409.5	47881.5
PLATE2	1	AF-MIX-S2	73	331	18.5	-40	-13	129	2021	22.5	99	170	39096.5	24552	1556	30619	20588	14433.5	57925	4854	174.5	55320	49413.5	211	160	226.5	1429	21410
PLATE2	1	AF-MIX-S3	-20	80	-23	-68.5	-50	18.5	462	-24	32	54	13127.5	7066.5	464	11638.5	7089	3791	19204.5	1443	22	18153.5	30492.5	65	172	69	733.5	4953
PLATE2	1	AF-MIX-S4	32	75	12	-15	-6	59	440	23	75	54.5	4764	2710.5	342	4882	2733	1773	7682.5	514.5	74.5	5747.5	12209.5	89	111	85	470	1781.5
PLATE2	1	AF-MIX-S5	10	61.5	14	-7	10	51	314	12	41.5	36	3114.5	2282	249	3637.5	2064	1212.5	4312	379	60	3184	6221.5	64.5	96	85	273.5	1423
PLATE2	1	AF-MIX-S6	38.5	36.5	26	13	27	50	158.5	2.5	54	46	1378	895	131	1630	988	617.5	2034	220	53	1432	2863	55	72	96	169	600
PLATE2	1	AF-MIX-S7	24	17.5	13	12	20	40	96	8	40	12.5	765	484	98	929	545.5	375	1204.5	136	24	787	1332.5	47.5	74	71	117	341.5
PLATE2	2	BACKGROUND0	41.5	26.5	49	43.5	48.5	59.5	58.5	22.5	79.5	21.5	245.5	160.5	77	275.5	250.5	174.5	403.5	93.5	49.5	234.5	382.5	59.5	53.5	103.5	141.5	120.5
PLATE2	2	AF-MIX-S1	38	195.5	-40	-84	-69	39	2383.5	-34.5	79	70	38152	29606.5	935	19278	18456	14364.5	42654	8034.5	55	33651	27196	202.5	190	192.5	2065	25836
PLATE2	2	AF-MIX-S2	34	131	-24	-74	-39.5	50.5	1670	-28.5	43.5	66.5	30447.5	24655	929.5	23147	21090	13125	45837	3176	108	34960	37657	147.5	183	108	1073.5	18234
PLATE2	2	AF-MIX-S3	29	261	-12	-87	-51	72.5	1443	3	80	69	28256	12214	1060	20807	14822	8243	34391.5	2274	108.5	28371	55573.5	152	192	141	1008	11388
PLATE2	2	AF-MIX-S4	19	66	33	-7.5	4.5	51	361	27	98	76	5121	2843	302	5190.5	3291	1696	7308	561	43	6068	12685	68	107	86	435	2095
PLATE2	2	AF-MIX-S5	25	38.5	10.5	6.5	1.5	60.5	222	17.5	59.5	34.5	2353	1509	200.5	2845.5	1537	931	3594.5	320.5	47.5	2547.5	5209	56	83.5	76.5	229	1091
PLATE2	2	AF-MIX-S6	48.5	42.5	37.5	34	39	67.5	199.5	31.5	70.5	45.5	1600.5	1110.5	161.5	1817.5	1151.5	703	2488.5	251.5	55.5	1840	3479.5	75.5	61.5	114.5	206.5	790.5
PLATE2	2	AF-MIX-S7	41	39	30	32	39	59	116.5	29.5	54.5	39	763.5	519	125	959	552.5	367	1197	158	69	834	1483.5	59	52	99.5	135	385
PLATE2	3	BACKGROUND0	139.5	26.5	80.5	26	117	116.5	52	19.5	179.5	83.5	141	47.5	77	121	99.5	106.5	178.5	53.5	16.5	66.5	64	75.5	53.5	78.5	91.5	33.5
PLATE2	1	POST-VACC-S1	88628	28441	92627	16924.5	84584	75329	1937	474.5	104131.5	70770.5	-141.5	9903.5	347	57940.5	35479	26659	111649.5	462	960	80768	90353.5	43202	487	208.5	30	57849
PLATE2	1	POST-VACC-S2	56488.5	7258	39648	4852.5	45429	37386	468.5	168.5	66702	41453	78	2311	178	32336	7065.5	7091	36277	171.5	222	35432	26966	18991	157	101.5	126	9188
PLATE2	1	POST-VACC-S3	13281	1428	8197.5	772	11397	10279.5	92	5	18683	11737	41	463	65.5	7845	1527.5	1299	9475	54	33	7079	4726	4527	134	45	102	1534
PLATE2	1	POST-VACC-S4	6053.5	437.5	2425.5	181.5	3793.5	3348.5	79.5	29	6940.5	2704	51.5	174.5	77	2454.5	474	458.5	3283.5	74	47.5	1918.5	1151	1258.5	72.5	69.5	114.5	530.5
PLATE2	1	POST-VACC-S5	1450	151	609	75.5	851	761	65	37	1469	704	69.5	84	75	655.5	187	184	838	84	50.5	471	310	347.5	43	83	97.5	134
PLATE2	1	POST-VACC-S6	332	59	166	70	162	192	51	19	385.5	176	63	77.5	75.5	176.5	83	97.5	269.5	65	51	124.5	137	107	50	102	100.5	53
PLATE2	1	POST-VACC-S7	173	42.5	99	50	102	128	41	22.5	221	79	63	89	65.5	73	79	91	160	52	44	61	53.5	54	48	101	99	31
PLATE2	4	BACKGROUND0	619	85	369.5	58	389	376.5	55.5	21	718	346	56	67	63	331	113	129	379	69.5	53	213.5	168	207	52	60.5	103	73
PLATE2	2	POST-VACC-S1	89306	32318	88575	22904	86895.5	77835.5	2561	650	101656.5	74408	-8	11349.5	635.5	57750	37597	30524.5	111699	525	1213	74682	78829.5	46531	403	285.5	139	61818
PLATE2	2	POST-VACC-S2	52307.5	5202.5	33524.5	3329.5	35844	30279.5	224.5	64.5	64497.5	39774	50.5	1313	106.5	23882	5926.5	5520.5	33456.5	133.5	275.5	34804.5	29446	15265	133.5	93	127.5	7669.5
PLATE2	2	POST-VACC-S3	13028	1230.5	7334.5	498.5	8782	7715	124.5	45.5	14999.5	9287	111.5	426.5	103.5	7559.5	1327.5	1218.5	8465.5	99	82	5946.5	3614.5	3746.5	69.5	116.5	160	1431.5
PLATE2	2	POST-VACC-S4	4632	420.5	2304.5	198	2550	2663	83	40	6455	2485.5	70.5	171	84	2501.5	479	475	3004	98	45	1769	1150.5	1042	56	108	117	436.5
PLATE2	2	POST-VACC-S5	910	117	465	65	474	545	47	3	1162	601	33	56	57.5	505	151	164.5	747	72	45	347	228	281.5	58	88	90	122
PLATE2	2	POST-VACC-S6	314	43	156	47	183	201	62	20	385	164	56	65	72	188	108	120	278	65	51	123	105	111	49	85	94	53
PLATE2	2	POST-VACC-S7	90	35	66	41	75	95	40	17	149.5	53	38.5	35	81	62.5	77	92	110	48	43	31	43.5	50	44	81.5	112	43
PLATE2	5	BACKGROUND0	53.5	39	19	45	47	69	49	14	130	39	48240	4890	2816	104	109.5	140	5683	294	53	408	465	77	65	153.5	159	65
PLATE2	1	HCAM-002-S1	317	33	788	126.5	502	483	47	21	401	250	435	181	101	294	153	144	1054.5	70	57	426	57	261	46	85.5	85.5	131
PLATE2	1	HCAM-002-S2	596.5	26	80	34	145	135	52	13	512	208.5	75	123	68	512	82	105	232	57.5	38.5	50	193	74	56	90	89.5	49.5
PLATE2	1	HCAM-002-S3	58	30	42.5	42	56	74.5	52	23.5	86	29	40	108	72	137.5	84	89.5	116.5	49	38	60	125	44	45	84	98.5	45
PLATE2	1	HCAM-002-S4	65.5	38	42	30	42	59	41.5	22	91	42.5	358	983	95.5	71.5	68	207.5	339	67	41.5	2398.5	2485	40	56	97	96	301.5
PLATE2	1	HCAM-002-S5	105.5	49	54	29	61	82.5	46	18.5	137.5	75	477.5	1510	95	52	81.5	209	516.5	76	41	2302	2295.5	73	60	93.5	145	284
PLATE2	1	HCAM-002-S6	82	107	50.5	32	52	82	42	21	159	68	842	2620	80	36	89	109	376	75.5	53.5	437.5	2254	81	54	85	131	38
PLATE2	1	HCAM-002-S7	66	78	37	48	55	68.5	41	8	128	33	518	1698	61	26	67	85	222.5	63.5	55	209	1494.5	58.5	56	90	109	29
PLATE2	6	BACKGROUND0	50	33	32.5	26	45	73	44.5	19	98	31	248	225	67	64	79	118	163.5	56	35	30	169	47.5	55	81	111	41
PLATE2	2	HCAM-002-S1	377	25	748	81	563.5	494	44	14	465	313.5	65.5	273	76	283.5	129.5	161	711	54.5	45	125	109	268	52	99.5	81.5	113
PLATE2	2	HCAM-002-S2	482.5	26	85	39	135.5	121	39.5	21	547.5	198.5	46	661	75	421	58	151.5	903	65.5	29	1174.5	646	94	57	81	101.5	26
PLATE2	2	HCAM-002-S3	221	26	43	10	94	76	30	7	385.5	108	64.5	2086	92	323	85	210	1824.5	81.5	40	3152.5	994.5	54	73	76	105	26.5
PLATE2	2	HCAM-002-S4	59.5	41	41	49.5	43	71	61	29	77.5	23	68	210	89	39	89	113.5	144	61	59	64	253	51	40	93	124	49
PLATE2	2	HCAM-002-S5	119	44	48	29	58.5	79	55.5	27	108	39	68	365	81	21	71.5	106	106	58	59	101.5	210.5	60	45	78	103	38
PLATE2	2	HCAM-002-S6	235	47	61	62	83	99.5	43	18.5	153	82	70	964	67	18	69.5	136	104	57	41.5	216	201	81	57	76	98	32
PLATE2	2	HCAM-002-S7	58.5	28	36.5	28	34	59	49.5	25.5	62	29	50	104	48	30.5	60.5	100	66.5	59	41	62.5	242	59	50	91	107.5	22
PLATE2	1	HC-101K	24030	13378	11024.5	8573	7751	9498	1158	-52	37991	17141	44892	62543.5	31342	11561	6175	26646	40425	19220	223	23630	31707	41259	214	5151.5	10838	25858
PLATE2	1	HC-102K	535.5	2332	-97	-103	210	-100	808	-225	1342	881	46764	73338.5	461	65672.5	66232	98633	179065.5	64666.5	546	154993	126282	698.5	490	827	7072	130429
PLATE2	1	HC-103K	10869	-727	728	-545	1387	232.5	-873	-873.5	11813.5	7282	71163	117639.5	1390	18654	6249	12915.5	127865	17511	-30	3787	90505.5	6688	1066	29	7500	4853.5
PLATE2	1	HC-104K	20537	22239	13273	8672	7943.5	10427	-73	-83	50299	12314	22067.5	144350	843	9218	3247.5	35881	145744	6060.5	274	400	65791	17601	268	1170	546	102317.5
PLATE2	1	HC-105K	27441.5	21580	17261.5	17330	14254.5	13751.5	2479.5	-96	62116	16770.5	5793	158851.5	637	26344.5	43710	82578	58677	5351.5	322.5	71358.5	121845.5	35324.5	344.5	743	20951.5	92940.5
PLATE2	1	HC-106K	2376.5	942	415	-190	177	163	-226	-232	2945	1183	29390	44105.5	2191	4384	745	17862	43671	1652	-43	36873.5	32840	1054	361	-4	5964	46139
PLATE2	1	HC-107K	120875.5	22118	45996	6536	68572	54816	25	-11	89228	43631	21272	50520	183	3995	4007	4099	55913	816	163.5	47630	33885	28995	184	191	530	3757
PLATE2	1	HC-108K	21368	26429	13578.5	7019	9751	8951	-1625	-1672	52261	9878	66896.5	84411	-1074	565	176	-925	86456	1387	-1040	79784	56145.5	22670	1825	-1439	1921.5	-696
PLATE2	1	HC-109K	118875.5	22288.5	71815.5	12928.5	92837.5	67154	1511	-217.5	151642.5	81858.5	92666	121091.5	2047.5	4305.5	2395.5	29577.5	129523.5	43481.5	154.5	1432.5	57522.5	69107.5	447.5	879.5	49342.5	98972.5
PLATE2	1	HC-110K	45574.5	19822.5	18017	957	33578	15438.5	270.5	-103.5	75736.5	32686.5	22792.5	189986	2110	43014.5	36685.5	57993.5	132084	15844	675.5	7595.5	110925.5	40638.5	331.5	535.5	1564.5	86338.5
PLATE2	1	HC-111K	1099.5	2771	516.5	1130	293	724.5	244	71	2592.5	387.5	61991	23809	741	18736	4352.5	25979	77666	1294	1265	41060	44465	3227	161	121	2572.5	2716
PLATE2	1	HC-112K	57506	8755	22203	2320.5	45990	27893	-135	-288	97654	33925	10786	150437	2430	11159	2202.5	25619	111547	18044	-44	72541.5	52799	16993	647	461	525.5	9894
PLATE2	1	HC-113K	2290	4426.5	-101	761	-172.5	-267	-756.5	-782	14459	984	48478.5	118182.5	6656	7091	36780	62874	155371	11145	-320	52501	96281	3531	1037	-308	6362.5	73203
PLATE2	1	HC-114K	3519.5	287.5	199	565.5	116	257.5	-31.5	-108.5	2948.5	560.5	8447	36065	337.5	2007	2795.5	16025.5	36796	3690.5	234.5	28010.5	21041	1171.5	232.5	3546	62	2116
PLATE2	1	HC-115K	88976	8007	33633	21340	33290	46875	-5.5	12	32057	31679.5	20871.5	83983	1741	1178	522	16477.5	27680.5	223.5	118.5	29383.5	12064	24128	162	104.5	5887	6520
PLATE2	1	HC-116K	114.5	24	-14.5	74.5	-19.5	37.5	4150.5	-43.5	123.5	154	3481	19264.5	136.5	12235.5	498.5	10491	32699.5	7901.5	78.5	26724.5	18110	18.5	158.5	67.5	485.5	102.5
PLATE2	1	HC-117K	25718	6201	5638	2063	16125	5172	31	-13	28997	21708	21502	18474.5	161	1808	5052	11370	39257	7402	126	19491.5	16384	4959	114	698	7176.5	588
PLATE2	1	HC-118K	32574.5	844	10585.5	2835.5	22155.5	10482.5	136	-16	37487.5	16895	29604.5	23972	393.5	545.5	675	7989.5	31272.5	1362.5	73	32871.5	30929.5	13226	123.5	919.5	2232.5	708.5
PLATE2	1	HC-119K	5194	99.5	52	73	27.5	112	80.5	20.5	352	811.5	55237	40613	295.5	33758	30284	36751	77058	2390	87	51306.5	38465	129	129	6039	8185	5948
PLATE2	1	HC-120K	55804	33846	40346.5	13628	92501.5	45179	2251	-278	40974.5	34074.5	3559	52548.5	-20	1337	21792	42071.5	39147	2874	-140	15073	19244	29527	498	-113	-42.5	50983
PLATE2	1	HC-121K	-159.5	-294	-296	-237	-288.5	-270	-107	-315	54	-70.5	42154.5	70134	17705	64	19944	36008	64787.5	4303	71	30318	20081.5	107	438	6	2681.5	37116
PLATE2	1	HC-122K	5343.5	3728.5	2672.5	7668	852.5	1314.5	66.5	11.5	16418.5	1688.5	989.5	15359	135.5	7540.5	16277	21993.5	34138	1041.5	177	14828.5	15558	13961.5	102.5	222.5	330	13360.5
PLATE2	1	HC-123K	19074.5	20.5	-179	-233.5	-213.5	-189.5	8157.5	-242.5	437.5	16537.5	9183.5	53600.5	279	17223.5	10563.5	33172.5	119248.5	76210.5	1019.5	94616.5	75137	2014	462.5	218.5	440.5	91942.5
PLATE2	1	HC-124K	63	902.5	-165	-158	-119	-75.5	-117	-175	457	52	2445	69051	1396.5	4451.5	727	8618	55764	12758	110	59100	48109	505	333	409.5	623.5	5387
PLATE2	1	HC-125K	38050.5	13135.5	19233.5	740.5	32486	12812.5	-121.5	-167.5	63813.5	29881	5763.5	61906	367.5	951.5	370	16080.5	46767.5	5038	2267	41580.5	37239.5	17016.5	303.5	-8.5	11.5	10389.5
PLATE2	1	HC-126K	1673.5	578	26	-1	-1	171	29074.5	-78	487	2516	96505	127421	7322	6052.5	41825	47651	98835	1528	1042.5	232	92072	287.5	265	1207	13169	69336
PLATE2	1	HC-127K	24337.5	8451.5	22143.5	3669	29352.5	14059.5	42.5	-2.5	31603.5	17870.5	18830.5	18225	314.5	1157.5	436.5	268	21652	6157	176.5	15282.5	16625	14253.5	112.5	261.5	1398.5	18281.5
PLATE2	1	HC-129K	16379	13613	11350.5	4205	18801	10688.5	69.5	1.5	19897.5	9103	10835	11470	101.5	402	2300	11996.5	5980	7382	172	11743	12024.5	10217	96	667	500	96
PLATE2	1	HC-130K	147	10.5	58.5	-35	20.5	65	6	-46	149	25	2923	47256.5	351	462	4139	12330	37134.5	617.5	103	37043	40356	210.5	157	157	1759	966
PLATE2	1	HC-131K	958	4952	6514.5	805.5	125	6766.5	-57	-108	5758	396	32183	27065	15236	22735	1445.5	5467	26722	4424	294	23626	17639.5	1322	241	1108	3426	1250
PLATE2	1	HC-132K	37886.5	2003.5	23148	4015	48603	30711.5	3353.5	-11	63661	38983.5	3528	54064	674.5	1064.5	4586.5	27718.5	27581.5	9363.5	2954	48866	36904	33499.5	204.5	417.5	517.5	214.5
PLATE2	1	HC-133K	70	-93	-161	-175	-113	-106	4679	-84.5	-45	208	39045	52743.5	69.5	1102	4432	4243	47751	2319	-30	28831	47431	54	303	72	777.5	8589.5
PLATE2	1	HC-134K	7812	1691	2341	170.5	5716.5	2150.5	1821.5	2	13646	4503	10506	41069	371	10183	4653	4550.5	87706	846	69	119011	105746	2087.5	175	147.5	3708	7297.5
PLATE2	1	HC-135K	77529.5	1163	38513	5558.5	38056	33337.5	-41	-103.5	80362.5	51160.5	17684.5	29475.5	74.5	7655.5	1313.5	12937.5	59420.5	18393	367.5	90713.5	75895	24539.5	229.5	2298.5	425	4412.5
PLATE2	1	HC-136K	268.5	126.5	-13	-42	31	63	2212	24	1436	99	31991	190330	8119.5	43130	6406	23822	176026	2835	951	111760	127481	664	239	669	530	114388
PLATE2	1	HC-137K	33171.5	-232.5	-139	-328.5	-63	107	7.5	-441	633.5	12312	157852.5	139641	390.5	7689	1108	592	87920	7825	-10.5	131438	130295.5	302	715	-54.5	1461.5	36576
PLATE2	1	HC-138K	12658.5	5547	10836.5	9572.5	6043	9735	-145	-190	42977.5	7025.5	147230	53545	1262.5	141	19167.5	41515	86495	17203	152.5	149550	128448	14625	392	644	12928	5883
PLATE2	1	HC-139K	686.5	-110	-202.5	-234	-103	-130	-226.5	-236	191	-18.5	37941	55376	1957	11270	4198	21558	46715.5	7630	268.5	56256	36822	1110	401	25.5	2346	2134.5
PLATE2	1	HC-140K	59640	2907	20246	1193	31443	17139	10	-216	51128.5	33008	104551.5	73372.5	48	9027.5	9105	28358.5	128087	6020.5	-61	90373	76252	33545	410	240	7929.5	9769
PLATE2	1	HC-141K	56830	3872	33923	3841	45142.5	24395	221	18.5	118262	44160	73487.5	82708	5732.5	4580.5	1439	24006	104598	2353	324.5	36071	74984.5	35888	352	908	6759	5104
PLATE2	1	HC-142K	1614.5	26	501	1232.5	-4	678	37.5	-321	9615	1195	24734	59295	40	12818	1457.5	745	86407	17285	343	71051.5	92096	4765	492	746.5	165	1116
PLATE2	1	HC-143K	4079	24105	1771	4039	3143	1636	-39	-105	14348.5	2676.5	13540	129364	542.5	11915	14064.5	41985	100687	42031	1135.5	148169.5	158646	6875	333	2554.5	872	3990
PLATE2	1	HC-144K	123942	26578	59607.5	15749.5	73911.5	43292.5	3765.5	-222.5	119783	100589	102679.5	44720.5	679.5	-122.5	49850.5	50479	122924.5	54306.5	647.5	52238.5	100714.5	83051.5	419.5	521.5	2138	4876.5
PLATE2	1	HC-145K	8479	2761.5	2622.5	2954	1753	1638.5	-72.5	-35.5	15583.5	3450	146148.5	89594.5	1741	6149.5	73645	86235.5	97591.5	5110.5	238.5	78694.5	23912	8940.5	320.5	502.5	8022.5	3588.5
PLATE2	1	HC-146K	4023	102.5	1055.5	-392.5	3666	869	-391.5	-525.5	19235	3495	12880.5	114062.5	1354.5	4833.5	44255.5	44781.5	65414.5	1718	2600.5	79376.5	28626	4630	667.5	-217.5	-329	-446.5
PLATE2	1	HC-147K	6401	1499.5	627	32.5	2916	298	-177	-176	15619.5	5543.5	96301	25088.5	-50	1424	9286	31841	27568	800	242	65956	48098.5	2493	355	40	7740	26951
PLATE2	1	HC-148K	25909.5	59567.5	19145.5	14125.5	9034.5	14835.5	-264.5	-272.5	89981	22024.5	114464.5	86759	487.5	26046.5	31370.5	89866.5	95601.5	15676	2023.5	3447.5	11888	34089.5	459.5	11124	9285.5	13934
PLATE2	1	HC-149K	16841	13749.5	9549.5	5203	6037.5	6648.5	103.5	19.5	22359.5	8451.5	11093.5	36320.5	512	4396.5	620	368.5	36640.5	282	96	19331.5	15189.5	10596.5	102.5	143.5	130	6138.5
PLATE2	1	HC-150K	651.5	145.5	12.5	65.5	-25	39.5	7012.5	-46	548.5	638.5	22394.5	35601.5	10571.5	1030.5	18669.5	7350.5	1881.5	3392.5	94.5	18921	20589	180.5	181.5	165.5	12801.5	452.5
PLATE2	1	HC-151K	86	35.5	16	-18	52	25	7	3.5	200	65.5	11077.5	58897	17184.5	46249.5	10122	40137	69842.5	1437.5	261.5	54133	35658.5	649	136	518	710.5	35738.5
PLATE2	1	HC-152K	5316	23865	1424.5	2571.5	1071	1056.5	22.5	-34	17238.5	2487.5	7422.5	28800.5	214.5	1207	4614.5	39357	79504.5	1010.5	110.5	73974.5	57088.5	4729	173.5	251.5	339.5	1552.5
PLATE2	1	HC-153K	12935	6413.5	5256.5	168	9287.5	7251	86	-32	30874.5	10418	2920	24716.5	257	1862	1198	19266.5	17050	16285	362.5	26293.5	31583	6678	133	140	340	5669
PLATE2	1	HC-154K	14532	335	2391	44.5	5247	1714.5	12	-21.5	30139.5	8690	3040	110868.5	2655	4687	855	11122.5	24781	4814	305	65168.5	71703.5	8176.5	171	400.5	993	5399
PLATE2	1	HC-155K	718	1334.5	379.5	554.5	179	107.5	5921.5	-234	6104	549.5	464	27551.5	99	3394	12366	27791	36771.5	7771.5	1420	40496	34623	917.5	360	166	7	707.5
PLATE2	1	HC-156K	6192.5	18897.5	2423	2506	1280	2028	-1509	-1506	19114.5	4119	72138	34470	-1139	3478	4683	1851	4504	11164.5	-824	95216	82078	7514	1759	-878	-916	-1239
PLATE2	1	HC-157K	15590.5	18447	8379.5	6827.5	4676.5	8021.5	1207.5	-875	37731.5	9540.5	2304.5	67505.5	-546	3616.5	1380.5	15864.5	33367.5	-61.5	-184	27872.5	30214.5	22742.5	1044.5	600.5	-594.5	66317.5
PLATE2	1	HC-159K	14930	499.5	5921	677.5	13590.5	2473.5	46	43	24698.5	11914.5	23704.5	20288.5	8704	4658.5	2012.5	20094.5	19032	1413.5	813.5	26229.5	13446.5	21156.5	116.5	188.5	1029	31622.5
PLATE2	1	HC-160K	-419	-672	-743	-755	-706.5	-692	-67	-748	-480	-137	46200.5	28697.5	-342	2186	4028	16861.5	115013.5	5521.5	-217	36170	45721	12	916	-262	-341	69724.5
PLATE2	1	HC-161K	3426	-350	-370.5	-253	-12	-246	583	-462	305	249.5	37621	104137	15	13110	4565	25693	150660	5267.5	-156	88988	72261.5	72	630	-259.5	-210.5	51788
PLATE2	1	HC-162K	38965.5	19314.5	27346	1649	31962	19257	-32	-71	57714	32488	29562.5	58811	695	13477.5	45318	33287.5	69573	2978.5	285	38931	33470	19634	188	141	2135.5	11762.5
PLATE2	1	HC-163K	15548	1954	2627	1286	5667	1794.5	107	-28.5	16280	7196.5	729	9329	51	1152	1373	9928	14066	2755.5	377	5747	6911	4837	143	600	481.5	16215
PLATE2	1	HC-164K	4840.5	-702	88	182.5	-450	-405	-933	-974	8765	2086	2503	93754	-69	8463	2364	26964	91675	11781	-104	63992	41736	12229.5	1142	-530	-476	12927
PLATE2	1	HC-165K	628	716	246.5	475.5	97	142	1	-35.5	1115	365	19499.5	52101	4400	1096	1197	20750.5	20031.5	170.5	40	36038	15895	1523	134	1858.5	276.5	204
PLATE2	1	HC-166K	921	230	214	487	112.5	918.5	312	-105	4513.5	362	20177.5	44456	98	3847.5	9006	38035	79359	3966	415	47175	25650	961	216	108	135	31842.5
PLATE2	1	HC-167K	39855.5	8156.5	15400.5	14978.5	12657	11294.5	-612	-348.5	72211	15977.5	128	54559.5	-195.5	1726	3961	38359	92433.5	7885.5	-232.5	118871	86035.5	23129.5	794.5	-360.5	-443.5	91062.5
PLATE2	1	HC-168K	130269	12438	83518	20806.5	112127	76126.5	328	685	172359	101330	133331.5	176369	8595.5	3078	33934	44422	100290.5	6731	79.5	135548	120375.5	43028	364	28884	2312	1572
PLATE2	1	HC-169K	39030	1563.5	5942	497.5	13633	5799	635	-5.5	42148.5	16099	639	53791	391.5	24680	1074	26085	91288	22029	396	99057	80571	31352	158	540	369	495.5
PLATE2	1	HC-170K	11952.5	582.5	5513	248	10109	4822.5	54	2	26259	10287	9443	40529	537	21963	21095	7599	20363	3738.5	75	32976.5	34416.5	7058.5	133	487	132.5	23048
PLATE2	1	HC-171K	2432.5	790	590	637.5	1829	1324	549.5	83	1098.5	465	125514.5	94895.5	1211	9375.5	6084.5	70651.5	22267	16276.5	283.5	47755.5	64756.5	554.5	160.5	537.5	585.5	7720.5
PLATE2	1	HC-172K	-720.5	-828	-856.5	-892	-865	-846	-859	-889	-655	-306	31184	57164	-638.5	2132.5	7695.5	19153	47418.5	2110	-507	35754	27287.5	-119	1035	-657	-520.5	820.5
PLATE2	1	HC-173K	24836.5	39346.5	18221.5	10754	7178	11031	-575	-549	49652	17159	87342.5	149677.5	1168	25842	35633	106548	167512	5763	-63	96071.5	125239	40192	824	12305	1346.5	84509.5
PLATE2	1	HC-174K	1801.5	8177	-26.5	5270	1382.5	-37	-143	-259.5	1230	3169	95485.5	129132.5	45821	-138	213	478	77903	11275	76	99496	75115	1799	427	2865	25416	4447
PLATE2	1	HC-176K	47137.5	24401.5	16133.5	1295	37243.5	16420	285.5	-17.5	74671.5	34181.5	464.5	43915.5	209.5	29268.5	9425.5	53466.5	88827	41173.5	221	61521	33678.5	26115.5	139.5	228.5	928	12766.5
PLATE2	1	HC-177K	7455.5	19879	3282	8045	3084	2878	1486	-17.5	21318	6137	120202	199274	12679	3127	2835	15010	107440	1746	320.5	138093	109725	15160	252	2208	23512	6285
PLATE2	1	HC-178K	31469.5	6333	14951.5	1490.5	18662	13654	1649	-188	28716	19199.5	1085	54582	141	4456	5139	24443	59015	1974	77	62374	120356	12530	349	3592	95	1410
PLATE2	1	HC-179K	-506.5	-435	-728.5	-679	-746	-634.5	-732.5	-766.5	-584	510	59728	64766.5	-26.5	15547	9434	39562.5	66103	13397	112	123137	107998.5	444	916	219	1634.5	29452
PLATE2	1	HC-180K	8795	18091	2375	4936	793	2702	-67	-63	20353	5232.5	147571	99666	249	13098	14467	70989	154951.5	4451	556.5	109606	115820.5	11454	303	533	6234	7993.5
PLATE2	1	HC-181K	52258	31407.5	31601	3623.5	39370	24975	59	-162	88007	39290.5	5490	72274	289	4130	9185	14576	88612	9261.5	280	65808	58541.5	16566	320	546	176	23216
PLATE2	1	HC-182K	12786	2646	8078	4356.5	3928	4841.5	-96	-116	25648	6580	92	37952.5	96	45756	2176.5	50040.5	46007.5	4724.5	113	-3	307.5	14274.5	241	428.5	637	1407
PLATE2	1	HC-183K	-47.5	-97.5	-34.5	-90	-103	14	-87	-126	-72.5	63	549	34882	207	230	2742	20761	42000.5	1507	249.5	17174	42297	652.5	238	73.5	368	687
PLATE2	1	HC-184K	156	18	-15	0	10.5	33	47	-14.5	229	124.5	28440	39785	3308	11895	28291	12745	48125	12357	84	64611.5	31753.5	124	134	611	9680	760.5
PLATE2	1	HC-185K	42646.5	21579	42623.5	5275	41024.5	50290	40.5	-160.5	44132.5	40921.5	2895	5601.5	-80.5	18963	1333.5	22493	49856	7443.5	27	10078	19591.5	29039.5	265.5	83.5	662.5	6293
PLATE2	1	HC-186K	2234.5	-165.5	-126.5	-295	-74	-133	-219	12294.5	211.5	575	114242	116778	2862.5	775.5	25229.5	22567.5	81954.5	5317.5	63.5	118423	92511.5	321.5	442.5	4627	9826	2823.5
PLATE2	1	HC-187K	542.5	449	60	3	67	193.5	-6.5	-61	960	172	49475	104177.5	2242.5	4106	1654	2145	65515.5	10450	172.5	78826	59026.5	584.5	338	1021	-66.5	465
PLATE2	1	HC-188K	7539.5	7089	10374	12360.5	3236.5	7148	-55.5	-59	36252.5	8423.5	68814	33397	1199.5	1643.5	15607	39920.5	39817	810	227	56783.5	61708	14004	193	1438	13500	25422
PLATE2	1	HC-189K	4269	3909	737	2147	371	631	399	-51.5	14129	2938	10235	22592	116	4813.5	1731.5	3054.5	88388.5	23894	310.5	85166	66600.5	7104	167	731	138	17313.5
PLATE2	1	HC-190K	15859.5	4119.5	2557	147.5	13460.5	1680.5	354.5	-170.5	21417.5	9873.5	71664.5	23405.5	172	3005.5	992.5	10481.5	84346.5	4926	34.5	69311.5	72807.5	9577.5	381.5	169.5	7171.5	27095.5
PLATE2	1	HC-191K	871.5	6	32	-18	2082	127	11.5	-48	725	111	22966.5	24349	56	-7	2558.5	25445.5	28919	2536	61	49027	20396	38	215	661.5	6565	26245
PLATE2	1	HC-192K	19869.5	5537	22109	2999.5	11847	8705	111	55	23069	11900	7050	14075	848	2538.5	471	4712.5	19641	830	87	285	17139	10120	101	198	392	2582
PLATE2	1	HC-193K	12578	19839	3810	5836	2346.5	2800	-175	-219	28320	6800	89398	150281.5	9670	20253.5	6929	4710	81994.5	20779	160	107	28	5512.5	334	165	2318	2076
PLATE2	1	HC-194K	44725	3082.5	26651	1591	35723	21041.5	-14	-57	50049.5	35345.5	546	24274.5	231	25943	147.5	202	914	2483	100	45365	39356	22287	152	293	111	66
PLATE2	1	HC-195K	8710.5	320.5	3873.5	2506	1934.5	2919.5	1816.5	-131	19151.5	4069.5	44503	51049.5	2663.5	13065.5	995.5	591.5	27240.5	4486	433.5	43258	30416.5	7158.5	248.5	92.5	122	2640.5
PLATE2	1	HC-196K	34622	4312	35010	9681	25744.5	27355	3417	-18	27092.5	27675	16184	18135.5	949	1919	4847.5	13642	24590	1704	660	12449.5	15897.5	11154	179	3420.5	1282	5689.5
PLATE2	1	HC-197K	7107.5	7.5	2336.5	90.5	14871.5	3603	99.5	-73.5	2416	308	4588	38039.5	114.5	2286.5	482.5	10039.5	72155	2119.5	78.5	64168.5	39068	174.5	165.5	272.5	136.5	1657.5
PLATE2	1	HC-198K	3954	10063	953	1065	554.5	677	-62	-95	6328	2146	39703	57709	256	1189	34390	57171.5	64586	1957	476.5	27387	30711	3420.5	239	220	3665.5	1843
PLATE2	1	HC-200K	13924.5	10521.5	16118.5	7242	22279.5	10572	47	5.5	9995.5	13834.5	106.5	5963	118.5	96	581	6954.5	7950.5	5822.5	77.5	11326.5	14198.5	9391.5	90.5	89.5	106.5	5079.5
PLATE2	1	HC19-KC098	2284	1263.5	1067	324	600	852.5	36	5.5	1945	307	138157	164823	3487.5	5294	7353.5	53315	154769.5	1967.5	35	121477	132776	102.5	268	1866.5	10424	94697
PLATE2	1	HC19-KC099	793.5	360	-90.5	-118.5	-106	186.5	7.5	-162.5	194.5	158.5	145800.5	81111.5	5399.5	2793.5	400.5	12751	89029.5	3672.5	14.5	144771.5	146142.5	105.5	348.5	2265.5	6731.5	27517
PLATE2	1	HC19-KC100	1283	515	501	554	666	2730	94	-8.5	1022	186	88608	46541	441.5	1833.5	1493	12918	95474.5	6709	202	122403	126287	354	233	3829	7474.5	79079
PLATE2	1	HC19-KC101	153	-132.5	-151	-130	-169	-139	-43.5	3883	56.5	499.5	8175	22673	30	361	1309	21599	91154.5	1028	74	101003	55600	103	314	121	4761	55805.5
PLATE2	1	HC19-KC102	726	2274	17	-21	64	164	-17	7	587.5	489	104334	106254	850.5	363	12886	33739	82044.5	4562	1116.5	103100	71304.5	237.5	273	1277.5	25707	37749.5
PLATE2	1	HC19-KC103	315.5	99	-178	-190	-213	-150.5	1764	-204.5	117	80.5	68907	47542.5	5020	3927	128934	141181	149682	1341	280	107500.5	127494.5	1	420	-15.5	2892	19173.5
PLATE2	1	HC19-KC104	290	11.5	-22	-61	-48	-30.5	6	-22	777.5	194.5	17855	92746	4347	559	48874	74637	71153	1120	50.5	58951	49685	52	208	2183	273	41790
PLATE2	1	HC19-KC105	289	1443.5	-120.5	-155.5	-35.5	31	-270	-290.5	573.5	307	84866.5	81096.5	748.5	28736	4682.5	50409.5	35510.5	52466	1023.5	52853.5	61765.5	188.5	546.5	8626.5	12765	80730.5
PLATE2	1	HC19-KC106	9916.5	801	2258	-19.5	18271	7608	107957	-50	410	559	114264	107043	2891.5	679	275	22727	42469	11654	36.5	98566	73797	95.5	283	3862	18397	2849.5
PLATE2	1	HC19-KC107	1869	2320.5	2526.5	-263	430	2062	-136	-305.5	1486	482	104464	124046	2223	7979	24934.5	35491	110850.5	34417	77	96809.5	82310.5	555.5	589	14656	45797	73010.5
PLATE2	1	HC19-KC108	3144.5	410.5	792	177.5	4810.5	1599.5	5483.5	51.5	2095.5	430.5	61549.5	85884.5	1206.5	3381.5	22087.5	19939.5	77087.5	698.5	123.5	78070	57230.5	197.5	145.5	42606.5	1328	60635.5
PLATE2	1	HC19-KC109	1925.5	-112.5	-361.5	-383	-350.5	-264	-296	-362.5	-73.5	288.5	40132.5	185196	6422.5	1164.5	4613.5	10842.5	9041.5	21407	-120.5	61200.5	79034.5	-67	540.5	726	1263.5	29552.5
PLATE2	1	HC19-KC110	60.5	100.5	-16.5	105.5	41.5	48.5	20481	25.5	211.5	68.5	4748.5	46872.5	4363	16962.5	1917	14681.5	137244.5	38247	132.5	135908	115354.5	118.5	152.5	1429.5	1258.5	144350.5
PLATE2	1	HC19-KC111	95.5	213	29.5	49.5	36.5	48.5	456.5	33.5	138.5	56	14162.5	54944	285.5	190.5	5420.5	20337.5	21823	24793	78.5	60062	18224	71.5	90.5	216	13475.5	12343
PLATE2	1	HC19-KC112	69	339	-3	3	0	60	21484.5	-26	150.5	71.5	69973	156973.5	714	606.5	687	20913.5	57188	2156	161.5	122345	71709	304	177	182	932.5	4907
PLATE2	1	HC19-KC113	7287.5	1626	2856	125	5937.5	2609	8.5	-42	8182	4373	10239	69014	252	132	3835	16824.5	60811	6742	580	69940	62502	1550	187	2909	5532.5	1050
PLATE2	1	HC19-KC114	742.5	477	31	-35.5	59.5	128	33	37	167.5	167	81551	109131	1046	4631	530	14202	64459	1423.5	66	83436	66081	71	138	286	787	59592
PLATE2	1	HC19-KC115	2005	3941	108	-20.5	6468	206	313	-26	2310.5	900	45607	65508.5	6204	360	1176	10500	47275	9593	125.5	49263	36478	440	162	370	15208	9186
PLATE2	1	HC19-KC116	1165.5	150.5	8.5	17.5	33	64	89	53	324	354	43029	45245	474	6479	8843	38939	93344.5	19813	231	40949.5	47336	98	135	457.5	925	113384
PLATE2	1	HC19-KC117	1073.5	3326.5	27.5	-8.5	229.5	38	75.5	60.5	329.5	120	26602.5	16959.5	295.5	951.5	26042.5	30669.5	33868.5	1725.5	318	31263.5	18021.5	181	132.5	273.5	926	41591.5
PLATE2	1	HC19-KC118	53.5	-376.5	-199	-577.5	-561.5	-187.5	-575	-621	6.5	148.5	77177.5	68071.5	310.5	1742.5	7346.5	10146.5	123505.5	3038.5	-156.5	72801.5	77554.5	281.5	775.5	539.5	10310	83541
PLATE2	1	HC19-KC119	758	274.5	-130	-152	-118	-98.5	-82.5	-64.5	299	1059	29734	26741	354	336	16332.5	8440	47489	2374.5	67	8535.5	30900	129.5	245	2551	590	59885
PLATE2	1	HC19-KC120	168.5	96.5	40	42	31.5	66.5	66.5	37.5	172.5	27	21194.5	16255.5	220.5	700.5	3478.5	11758.5	29214.5	3131	81.5	42810.5	26610	31.5	124.5	261.5	10108.5	20303.5
PLATE2	1	HC19-KC121	1664	91	219	-56.5	116	302.5	1	-28	451	585	110819	34842.5	154	6766	376	18996	94915	4193	532	72682	47638	398	301	390	8507	123157.5
PLATE2	1	HC19-KC122	2231	1724.5	-67.5	-10	-51	-32	-58.5	-94	393	951	55658	99930	1779	594.5	6056	5583	30637.5	14467	371	55156	48312	189	210	378	3615	4124
PLATE2	1	HC19-KC123	762.5	55	-39	-10	-17	-1.5	-26	-49.5	35.5	326.5	45873.5	76664.5	822	46	1237	9379	26748	3844	52	54990.5	35957	19	169	115	14782	29719
PLATE2	1	HC19-KC124	2158	567	75.5	-138.5	-180	93	-116	-169	82	1791.5	47211	65468	16110	4359.5	478.5	7712	86353	5272	752	48582	41932.5	199.5	340	1390	2549	64120
PLATE2	1	HC19-KC125	78.5	-25.5	-33.5	-44.5	-20.5	-13.5	287.5	-28	83	47.5	39491.5	68568.5	2929.5	5434	14660.5	27358.5	56812	180	462	45238.5	38726.5	33.5	164.5	73	223.5	54424.5
PLATE2	1	HC19-KC126	1474	214.5	-13	-21	-20	13	-11	-36.5	179.5	607	28541.5	50866	390	13703	24726	29639	34414	14286	94	145	246	35	135	118	507.5	6033
PLATE2	1	HC19-KC127	115	-28	-54	-85	-76	-33	17291.5	-91	93	101	898	31093	98	6701	6771	16343.5	46448	1491	288	72691.5	44769	850	200	20	398	2700
PLATE2	1	HC19-KC128	-129	48	-259	-77	-166	-246.5	1727	-275	-26	3139.5	70808	122232	28239	866	5883	37173	75127	5247	86	6336	63245	660	598	608.5	31609	18482
PLATE2	1	HC19-KC129	561.5	308	70.5	-96.5	155.5	151	1826.5	-76	627.5	362	20725.5	52121.5	4251.5	756	603.5	5539	52247.5	5403.5	120.5	54247	27946.5	204.5	227.5	123	146.5	302
PLATE2	1	HC19-KC130	719	157.5	544.5	114	370	169	10245.5	41.5	422	623.5	18953	68937	612	2031	13710.5	18027.5	83002	8429	282.5	61557	121047	187.5	161	272.5	4957.5	1242
PLATE2	1	HC19-KC131	396.5	4674	-102.5	-142	-98	-31.5	-71	-132.5	116.5	148	5382	133103	306	4235.5	1263	17985	152115	2075	346.5	139204	121632.5	402	295	337.5	327	95195
PLATE2	1	HC19-KC132	7153.5	421	668.5	1130.5	237.5	582.5	577	-38	499.5	4225	119616.5	155925.5	983.5	3467	1154.5	11041.5	76429.5	25131.5	250	143917.5	104718.5	423.5	277.5	677.5	9366.5	30135.5
PLATE2	1	HC19-KC133	80	14	-19	275	-42.5	-10	201	-47	462.5	925.5	24904.5	35393	112	38	28743	44830	44418	49377	33	57283	32605	69	162	186	3859.5	8660
PLATE2	1	HC19-KC134	88	52.5	-47	77	-18	15	186	361	230	48.5	42929.5	123556	696	1510	102420	115238	109720.5	34235	162	115673	84528	277	177	173	2827.5	52172.5
PLATE2	1	HC19-KC135	153	-15	-61	-26	-43	5	286.5	-58.5	331	48.5	11743.5	108663	486	332.5	13041	18748	67293	5989.5	97.5	41141	67167	139	172	63	87	14603
PLATE2	1	HC19-KC136	16086	-12	519.5	-268	-255	1612	11362.5	5884.5	1798	4629	88163	58504	971	-83	11048	22081	32158	9827	574.5	25029	126323	952	609	2207	164.5	1076
PLATE2	1	HC19-KC137	38.5	21	146.5	6.5	-18	134.5	30	-19.5	2520	283.5	27028	98423	298	9822	65359	81948	64331	1269.5	123	50312.5	35905.5	188	152	94	253.5	23338
PLATE2	1	HC19-KC138	1817	-53.5	1176.5	-83.5	342	288.5	601	-114	17298	5078	61524.5	57148.5	338	4275.5	32447.5	53332.5	90794.5	3198.5	431.5	30196.5	63020.5	525.5	239.5	457	398.5	297.5
PLATE2	1	HC19-KC139	8317.5	2743	7811	7485	8338	6279.5	713.5	6.5	9199	3350.5	153519.5	55310.5	575.5	414.5	12263.5	18750.5	42320	12936.5	169	150297.5	118684.5	191.5	192.5	923	18487.5	10102.5
PLATE2	1	HC19-KC140	1748	7108	207.5	44	241.5	182	193.5	55	1007	769	107060	150098	2161	1032	60275	79537	98068	10729.5	138.5	30798	97063	11268	118	2364	1355	6981
PLATE2	1	HC19-KC141	1906.5	7596.5	499.5	-187.5	1540	1563	-22.5	-231.5	627.5	327.5	118847.5	158400.5	65012.5	15446	1038.5	16685.5	121738	16342.5	525.5	104851.5	93335.5	267.5	452.5	3179	6734.5	71525.5
PLATE2	1	HC19-KC142	36	-12	-38	-5.5	-14	16	45843	-32	80	11.5	20799.5	38668	334.5	10659.5	4966	14088	51533	11849	43	71869	59050	92	154	295	1026	564
PLATE2	1	HC19-KC143	297	46	129	135	-3	84.5	410	-37.5	210	81.5	91302	20923.5	217.5	3268	22568.5	28464	95826	27550	176.5	119556	72165	414	167	166	1094	4624
PLATE2	1	HC19-KC144	53.5	547	-37.5	-31.5	7.5	8.5	64211.5	-37	39	0.5	6310	100223.5	1142.5	2851.5	523.5	19414.5	80789.5	28200.5	21.5	113933.5	93802.5	44.5	156.5	888.5	8872.5	24784.5
PLATE2	1	HC19-KC145	522.5	140.5	4.5	-8.5	8	47.5	35.5	-9.5	408.5	199.5	37439.5	94438.5	1137.5	1945.5	10968.5	13999.5	70458	4350	79.5	48544.5	44168.5	55.5	114.5	711.5	336.5	42820.5
PLATE2	1	HC19-KC146	122	22	3.5	52	8.5	32	5.5	-14	278	102	38636.5	63794.5	163.5	10224	4609.5	20059.5	33004	1568.5	97	43984	28126	75.5	117	657	8817	282
PLATE2	1	HC19-KC147	410	112.5	8	-49	18	52	9	-17	2760	392	81975	117861	16898	1396	19709	28483	65831.5	762.5	136	85905	78319	246	148	1526	4827	2350
PLATE2	1	HC19-KC148	529	1113	444	679	33	235	2379	31	387.5	1649	64012	101943	2570.5	15816	10686	18700.5	90015	2046.5	499	320	29394	234	151	3000	20905	85765
PLATE2	1	HC19-KC149	-38.5	81.5	-150	-125.5	-135.5	-100.5	-127.5	-155	-13.5	-18.5	13893.5	28482	75.5	18976.5	7806.5	7747.5	33509	2806.5	201.5	41118	37439.5	1054	263.5	24	2605.5	1125.5
PLATE2	1	HC19-KC150	262	102	-161	-93	-114	-160	-144.5	-169.5	-39	214	55155	49785.5	268	-63	10204	15928	31631	8519.5	17	49157	63061	213	302	10716.5	96	139
PLATE2	1	HC19-KC151	1639.5	35.5	28	-21.5	107.5	66	42.5	-28	926	643	84734.5	17395.5	838.5	-14	397.5	24936	44723.5	865.5	41	14807.5	80404	102.5	153.5	391.5	435.5	399
PLATE2	1	HC19-KC152	-207	-316	-1.5	-340.5	-314.5	-64.5	-307.5	-345.5	-227.5	4.5	24078.5	37685.5	-161.5	1725.5	4200.5	35275	35960.5	148.5	-146.5	76862	65745.5	-40.5	462.5	-183.5	839.5	1646.5
PLATE2	1	HC19-KC153	2812.5	73.5	-291	-390.5	451.5	165.5	-575.5	-593.5	-73.5	910.5	77768.5	47401	-419.5	-116.5	1539.5	40968.5	30480.5	3233.5	-313.5	91867	87434	-149.5	755.5	-203.5	2431	-158.5
PLATE2	1	HC19-KC154	9549	1262.5	6	350	4368	60	-5	-69.5	1687	665	53061	38334.5	561	2706.5	6442	6933.5	34530	9079	461	34781	30531	67	202	2473	26350	24419
PLATE2	1	HC19-KC155	212	415	-88	4597	-35	-119	-82.5	-138	613	17	73935.5	32235	258	3043	40689	39135.5	48847	36884.5	49	53531	53039.5	141	281	808.5	7869	26
PLATE2	1	HC19-KC156	2012.5	-118	-175	-318	502	-237	-308	-327	1774	1120	65278	59406	1978.5	5860	647	26559	87934	2747	-140	14586	57715	34.5	484	111	4665	73481
PLATE2	1	HC19-KC157	98	111	-70	-89	-42	-44.5	-60	288	222	69	96934	115339	657	5587.5	5521	38346	46127	1782	150.5	22477.5	23757	224	213	107.5	3951	33822.5
PLATE2	1	HC19-KC158	138.5	136	-35	-35.5	-9	16	24	-16	180	17	32941	8246	81	5	50672	45211	52866	3784	104	39110	20213	350	146	89.5	15661	29033.5
PLATE2	1	HC19-KC159	39	21	18	25	30.5	58	73	22	62	23	791	61.5	64	21	93.5	114.5	169	67	41	94.5	103	52	51	80	113	34
PLATE2	1	HC19-KC160	38	53.5	32.5	24	22.5	50	53.5	15.5	58.5	49.5	47403.5	895.5	68	15.5	72.5	220.5	252.5	69.5	48.5	1480	972.5	56	55.5	85.5	117.5	21.5
PLATE2	1	HC19-KC161	-108.5	1653.5	-220	-228	-255.5	-198	-164.5	-279	-186	90	60404	27671.5	-120	-30.5	88	21033.5	37805	1195	-3.5	64517	25855	82	377	2793.5	138	115.5
PLATE2	1	HC19-KC162	122	353	14	30	7.5	52	704	9	448	27.5	20288	73060	351	382	11262	37163	47617	44806	68	95122	67290	85.5	140	425	36351.5	18540
PLATE2	1	HC19-KC163	4150	607	5749	2761	4467	10490	48	12	2928	242.5	144638.5	35301	261	7078	810	4386.5	106570	9190	202	35426.5	84680	334	185	689	3151	25338
PLATE2	1	HC19-KC164	1177.5	713.5	60	100.5	94.5	225.5	85.5	19.5	794.5	895.5	151314	95365.5	1859.5	6085	2482.5	36607	159642.5	67672	204.5	151234.5	64838.5	245.5	238.5	945.5	3248.5	51242.5
PLATE2	1	HC19-NM057	-159	-185	-272	-291.5	-253	-219	-128.5	-283	-57.5	-7	1350	13952	-180.5	16164	135	8958	59932	11729.5	682.5	70260	50175	152	392	-136	-170	80954
PLATE2	1	HC19-NM058	786.5	-2.5	-216	-229	-188.5	-148	-215.5	-235	449	293	2437	39167	-33	17711	5016	24200.5	133115	7689	242	53951	105592	370	409	-54.5	141	18408
PLATE2	1	HC19-NM059	96.5	250.5	-225	-240.5	-162.5	-147	-62.5	-226.5	426.5	-2.5	1079.5	54188.5	376.5	5206.5	55216.5	19684.5	134871.5	8399.5	739	95192.5	89263	1088.5	400.5	8716.5	1656.5	29739
PLATE2	1	HC19-NM060	1218	967	803	-192	166	962	61	-205	1876	488.5	152401	188526	1963	44000	1850.5	14633	20259	11410	190	150630	91322	1138.5	466	749.5	21973	10406
PLATE2	1	EBV-MALE-NEG	32	15	39	35.5	24	66	48	19.5	61	10.5	218	334	71	84.5	123	251	1253	69	23	266.5	594	40	55	86	85	34
PLATE2	1	HC19-NM063	366	770.5	178	-340	-272	217	703	-290.5	124	-38.5	29	33448	-96	4643	325	13045.5	41914	16070	-47	88665	143402	47	496	-83	176	34465
PLATE2	1	HC19-NM064	-19	105	-289	84	-239	-199	387	-223.5	340	75	705.5	27488	-107	92565	23672	75473	153140	8915	187.5	169844	150295.5	375	503	2112	509	57810.5
PLATE2	1	HC19-NM065	84	170	-45	-34.5	-26	-16	25.5	-59	1777	152	1313	18160	51	232	2469	33172.5	101757	10544	356	76050.5	83956.5	229	200	187	706.5	25278
PLATE2	2	EBV-MALE-NEG	40	26.5	27	51	37.5	57.5	46.5	14.5	57	13	124.5	242	65	324.5	177.5	431	3003	77	35.5	76	613	45	57	77	80	79
PLATE2	1	HC19-NM066	541.5	408	-66.5	-8	-17	6.5	5612	-34	208	157	602	42737.5	213	531	11663	33015	150955	62765	245	12292	102662	1325	232	204.5	319	57944
PLATE2	1	HC19-NM067	-675.5	399.5	-1003	-1066.5	-1004.5	-953.5	-1039	-1046.5	-698.5	-94.5	-566	28733.5	-872.5	36822.5	14053.5	62688.5	139876.5	3654.5	1347.5	124909.5	99809	-307	1222.5	-443.5	-416.5	73702.5
PLATE2	1	HC19-NM068	8039.5	-757.5	-742.5	-827	1973	-765	-523	-861	11474	2534	1076.5	60194.5	-379	8225.5	25782	28273	76806	4934	-262	79799	109459	294	1021	-547.5	-555.5	40932
PLATE2	1	HC19-NM069	392.5	32.5	-45.5	-82.5	62.5	26.5	974.5	-50.5	106.5	82.5	4867.5	30295.5	107.5	-22.5	13463.5	11251.5	86129	48495.5	126.5	106728.5	50974.5	251.5	186.5	209.5	629.5	19236.5
PLATE2	1	HC19-NM070	-83.5	-265	-264.5	-284	-241.5	-223.5	1000	-291.5	-173.5	-44.5	253	23451.5	-149.5	26421.5	4852.5	23360	27152.5	222	-88.5	40097.5	30831.5	-48.5	381.5	-180.5	-78	16367.5
PLATE2	1	HC19-NM071	-2.5	-57.5	-122	-118	-82	-6	-98	-115.5	41	10	307	11590	-13	65139	4055	59221	110976	19039	78	77489	56330.5	92.5	235	383	330.5	67390
PLATE2	1	HC19-NM072	680.5	119	-185	-134	-156	-138.5	-104	-147	84	337	370	19724	-20	5440	54182	35468	140989	16297	166	71982	101401.5	441	338	16.5	-9	81179.5
PLATE2	1	HC19-NM073	-1371	-1480	-1525	-1569.5	-1471	-1499.5	-1535	-1549	-1261	-287.5	-795.5	25525.5	-1322	2910	1622	19093	89197	7357	-731.5	45873.5	34757	-121	1723	-828.5	-1032	42286
PLATE2	1	HC19-NM074	416	89	-14	-47.5	-32.5	16	737	-3	124	22.5	31	10498	123	29856	23252	16832	18305.5	7367.5	102.5	21904.5	6558	89	146	496	89.5	47016.5
PLATE2	1	HC19-NM075	-1513.5	-1648.5	-1729.5	-1733.5	-1719.5	-1681.5	-1672.5	-1753.5	-1467.5	-465.5	-754.5	40588.5	-1522	57086.5	45204.5	48311.5	67151.5	-390.5	-1127.5	75126.5	25530.5	-713.5	1912.5	-1497.5	-1506	-1569
PLATE2	1	HC19-NM076	-539.5	-684.5	-723.5	-701.5	-704.5	-668.5	-684.5	-725.5	-319.5	-375.5	-585.5	21911	-561	11522.5	21019.5	16701	54380.5	15798.5	-383.5	58996.5	39779.5	-269.5	847.5	-520.5	-598.5	45047
PLATE2	1	HC19-NM077	-1019	-1053	-1105	-1107.5	-1069	-1073	-1099	-1113	-969	-418	-883	10270.5	-948	15406	-435	21712	62202	859	-646	42974.5	34451	-252	1252	-775	-938	36348
PLATE2	1	HC19-NM078	4116.5	682	-90	-110	-64	6	15	-102.5	244	1104	153	33595	-17	2934	5446	41067	82174	105766.5	211	85670	58215.5	193	246	4472	427.5	59906.5
PLATE2	1	HC19-NM079	-458	-130	-484	-484	-451	-452	8115.5	-491	-404	-57	-289	10298	-384	14397	7024.5	35706	69032.5	43360	-199	52054.5	70666	54	603	97	-341.5	19254
PLATE2	1	HC19-NM080	1040	2311	-172	-183.5	-176	-151	-155	-176	-18	429	1126.5	5904	-103	745	11306.5	17448.5	36894	1108	23	125209	20202	99	306	-41	24.5	348
PLATE2	1	HC19-NM081	-95	-91	-147	-153	-140	-100.5	192.5	-165	-87	-3	466	39042.5	-8	1254	931	38345.5	66553.5	537.5	161	61710	85908	286	271	18	321.5	522
PLATE2	1	HC-251K	762.5	7971.5	339.5	-44.5	1544.5	140.5	-54.5	-82.5	4109.5	546.5	201.5	24816.5	96.5	2452.5	246	8646.5	18704	607.5	0.5	203.5	61.5	1321.5	181.5	75.5	20.5	24256.5
PLATE2	1	HC-252K	5193	1728	1376.5	1082	684	1188	2525.5	8	7908	4785	463	30472.5	227	200.5	1708.5	19733	86055	1007	261	89665.5	79862.5	4410.5	181	194	141	3221
PLATE2	1	HC-253K	46334	14763.5	32989.5	2995	28282	16971	477.5	-87	48447	20102	66	25106	77	3127	1679	19188	48938.5	9652.5	211	46356	27025	14856	189	11.5	98	17931
PLATE2	1	HC-254K	1218	515	749	866	259.5	721	3773.5	-242	6426.5	1779	66.5	29039	22	370	18597	21201	34557.5	354	365	52585.5	28376	2803	369	891.5	64.5	19054
PLATE2	1	HC-255K	17856	34102	23054	1647	10652	14034.5	1229	-181	49377	13272	806	18918	50	19912	1033.5	562	128678	19889	242	2912	20026.5	42956.5	333	788.5	290.5	54050
PLATE2	1	HC-256K	190637	62871.5	158144.5	51755	162440.5	133946.5	34.5	-94	197092.5	162657.5	280	17183	51	-5.5	696	7410	26734	2109	87	145428.5	111782	89572	343	231	467	2268
PLATE2	1	HC-257K	1091.5	600	339	4525	386	460.5	11794	351	2221	593	618	61601	983	2361	8759	5903	20950	864	447	120691	164939.5	558	163	2604.5	2798	15864
PLATE2	1	HC-258K	30687	7349.5	16032	12349	13523	14161	-36	-39	74376	22483.5	245	13307	70.5	12459	1008	23809	98300	282	462.5	34982	12785	24266	161	160	506.5	10113
PLATE2	1	HC-259K	9769.5	1012	1723	3090	1517.5	1658	-43	56	24341	4582	790.5	16824	73.5	6040.5	15362	38440	168136.5	740	472.5	1553	3768	10049	268	372	694	12492
PLATE2	1	HC-260K	19730	2643	12288	14367	7561	11149	86	-45	63659	12108	500.5	17925	276.5	88.5	3657	27088	44294	1843	113	95980	97534	24825	241	209.5	5157.5	17902
PLATE2	1	HC-261K	113981	76335	70360	10713.5	82059	57450	18307.5	-244	167998	67526	1015	54799	125	24934	20798	21187	114391.5	13977	779	208	82150.5	51874	498	47.5	1237	96020
PLATE2	1	HC-262K	940.5	216.5	33.5	709.5	113.5	110.5	-13.5	-68.5	887.5	791.5	120557.5	172335.5	13752.5	800.5	2659.5	34835.5	98256.5	3629.5	827.5	105248.5	112285.5	3530	227.5	287.5	14447.5	18372.5
PLATE2	1	HC-263K	117933.5	37227.5	71639.5	6492.5	90330.5	59620.5	27813.5	-214.5	122366.5	89211.5	264	48035.5	7	8307.5	5738	51188.5	63345	3500.5	167.5	124468.5	123143.5	53851	406.5	189.5	199.5	500.5
PLATE2	1	HC-264K	1090	1243.5	186	59.5	246	164	14405	11	688	437	1335.5	35541	204	10419.5	2508	50462	140960	16038	223	146844	145873	558	196	900.5	272	49274
PLATE2	1	HC-265K	5418.5	766.5	-572	-603.5	-517	-573	-674.5	-645	-174	1128.5	25067	55320	-256	2213	7848.5	26163	104516	22405	9494	774	3050	990	891	1130	3432	19502.5
PLATE2	1	HC-266K	100087.5	13337	4167	302	3013	3320	-115	-268	30555	45739	266	34679	-60	2292	6150	67183.5	88034	6131	20.5	121155	72245	8567.5	441	564	411	6136
PLATE2	1	HC-267K	122861.5	19339.5	97966.5	18288.5	102901.5	81822.5	1807.5	-90	91751	91225.5	92	35449	10.5	19933.5	2862	27131.5	58527	3533.5	63.5	50289.5	56013.5	60972.5	334.5	73.5	705.5	13565
PLATE2	1	HC-268K	110473.5	39262	74462.5	19690.5	88560.5	58398.5	2342.5	-200.5	141823.5	86013	382	64237	312	7515	8463.5	44848.5	159852.5	10312	339.5	102842	87052.5	57279	394.5	2689.5	140.5	27322.5
PLATE2	1	HC-269K	12337	34358	2407	152	1257.5	1935	1553.5	-91	23813	3162.5	766	30268	23.5	-35	17495	15466.5	70449.5	13376	308	60099	40642	4128.5	214	110	253.5	62703.5
PLATE2	1	HC-270K	19131.5	5923	9742.5	10827.5	6585	5782	-254	-285	23233	13232	-251	13132.5	-164	6209	10570	10965.5	15039	-5	411	22901.5	10226	10231	417	-115	-169	10526
PLATE2	1	HC-271K	18751.5	11386.5	9149	12169	10025.5	7385.5	-39	-75	37877	10360	-65.5	11886	87.5	13328.5	7844	7734.5	26851.5	259	780	29605	22293	6307	214	44.5	17	13600.5
PLATE2	1	HC-272K	29913	40115.5	23411.5	13885	25251.5	18750.5	481	-186	47084.5	23526	217.5	19459	12.5	2972.5	845.5	3879.5	46033.5	2971.5	-100.5	41691.5	35042.5	23686.5	306.5	-73	-100.5	881.5
PLATE2	1	HC-273K	49453	34349.5	34384	8960	31630	24135.5	180.5	-44	37137	32453	42.5	13864	63.5	378	1677.5	9136	29003	10858	91	27015	9893	29951	154	298	659	20971
PLATE2	1	HC-274K	10138	8337	8.5	-29	62	35	810	-72	3499	2620	59.5	14592	41	20.5	956	19069	73931.5	43838	83	46009	45003	1676	171	299	79	6384
PLATE2	1	HC-275K	31460	19726.5	24570.5	18584	24090.5	25324.5	50.5	27.5	37104	21451.5	76	19521	247	3093.5	23576.5	20411.5	40885.5	15580.5	59.5	23039.5	13032.5	19360.5	84.5	99.5	128.5	2002
PLATE2	1	HC-277K	3204	2464	2724	18.5	866	1143.5	112	-113	9675.5	2318.5	1591	17547	-18	4126	2114	11516	77037.5	1644.5	1124	49080.5	46110	3208	230	1360.5	889.5	82749.5
PLATE2	1	HC-278K	-1829.5	-1650.5	-2397.5	-2242.5	-2519.5	-2504.5	-2624	-2716	-386	-36	-2045.5	21607.5	-2546	3017.5	-854.5	12230	91436.5	1792	-1690.5	85301.5	56659	-177.5	2842.5	-689.5	-2139.5	25400.5
PLATE2	1	HC-279K	28628.5	57088	13089	11078	7881	9147	-16	-43	30388	20140	15	24275.5	87.5	1070	277	2815	55043	563	120	54266	38945	14587	174	107.5	74.5	40910
PLATE2	1	HC-280K	58977.5	82056	45793	26599	37407	42480	-69	-99	85963.5	35853	66.5	25502	90.5	1834	1612	11260.5	35568	3902.5	357	7850	43839.5	33306	204	113	24	9074
PLATE2	1	HC-281K	24530	19891.5	16738	18257.5	16464	16075	-9.5	-49	35806.5	18772	21	13671.5	49	1195.5	17503.5	31065	22428	2880	34	30151	14806	25729.5	171	149	118	6245.5
PLATE2	1	HC-282K	15156	10724	3993	127.5	6233	2863	-373	-445.5	35604	10409	-252.5	36746.5	-251	5414.5	643	18444	112426	592	138	61745	10061.5	5086	636	-325.5	-194	25413
PLATE2	1	HC-283K	31133.5	9365	21696.5	1867	27352	19354	29	-4	27580.5	24073	15	3734	63	596	10762	20565	29854	1811	36	4843	1276	19149	91	89	109	10063.5
PLATE2	1	HC-284K	31280.5	20884	19958	17742	20027	21866	7439.5	14	60083	12712	115	23729	154	424	2713	46510	76032	11163.5	49	32320	19387	29087	104	339	106	22952
PLATE2	1	HC-285K	21468	18931.5	12670	6846.5	19023	17206.5	92.5	32.5	17103.5	15638	164	7134.5	178.5	185.5	7225	20371.5	10632	175.5	109.5	444	12080	8879.5	79.5	121.5	75.5	27386.5
PLATE2	1	HC-286K	46822	31249.5	35488.5	28473.5	31924	24863	22.5	-10	49473	23321	147.5	15955.5	162	142	15214	9191.5	29992.5	156	308	5163	16888.5	18282	112	1053	648	8042
PLATE2	1	HC-287K	3929	12666.5	183	-216	71.5	337.5	-294	-435.5	11020	801.5	-258.5	22488	-337	5048.5	32576.5	31296.5	54660.5	-64	-152.5	35626.5	35033	1530	522	711	-214.5	25
PLATE2	1	HC-288K	9794	1809.5	6202	6700.5	2943	4520.5	1235	-378	36564	4426	-181	19472.5	-210.5	13791	40586	41637	123440	13692.5	-167	79888	75364	13455.5	544	-133.5	-254	23425.5
PLATE2	1	HC-289K	59800	21744	35796	2225	40480.5	33523	-133	-171	70940	41440	670	69751.5	497	2267	6498	68643.5	83736	53802	296.5	76937.5	89620	38184.5	398	8568.5	482	142232
PLATE2	1	HC-290K	45033.5	2940.5	23428.5	1861	30215	27233.5	-94.5	-143.5	49135	25576.5	35.5	4718.5	-80.5	260.5	972.5	12260.5	88265.5	920	63.5	61200	57955	25816.5	232.5	1629.5	-3.5	26159.5
PLATE2	1	HC-291K	26898	4402	18546	13205.5	10535.5	15662	1380	-322	41739	19346	-171.5	20580	-157	3761.5	18501	30542.5	121759.5	211	-200	13625.5	109729	16992.5	465	-180	-65	10234
PLATE2	1	HC-292K	12692.5	7165	3963.5	245	6921	4347.5	892.5	-66	28754	6409.5	237	37231	99	13936.5	1805.5	15172.5	67359	282	114	117960	117571.5	3302.5	243	291	228	3499
PLATE2	1	HC-293K	6679.5	5817.5	1556	8677	1925.5	1793.5	573	-373	44834	3250.5	214.5	16854.5	-276.5	11593	96235	121644.5	159940.5	5158.5	-57.5	121415.5	111876	6239.5	580.5	1450.5	209	144425.5
PLATE2	1	HC-294K	-27.5	-172	-214	-212.5	-209	-169.5	-163	-213.5	-6.5	114.5	261.5	40292.5	188.5	3025	2899.5	30741.5	46462.5	2018.5	124.5	71802.5	63965.5	353.5	334.5	75	859.5	40532.5
PLATE2	1	HC-295K	377.5	-147.5	-137.5	-196.5	-167.5	-88.5	200.5	-198	91.5	455.5	572.5	16103.5	66.5	5552	22949.5	29850.5	73791	15375.5	270.5	61189	39630	707	334.5	496.5	9543	10563.5
PLATE2	1	HC-296K	3458	2268	1286	4605	1502	1330	-401	-481	10014	2031	-209	37283	-200	4031.5	929.5	27663	102360	5196	-272	152184	132465	5733	671	-251	-269	62475
PLATE2	1	HC-297K	48119.5	18734.5	31553.5	21384.5	32044.5	28856.5	-1027.5	-1113.5	102765.5	39596.5	-423	46976.5	-807.5	40007.5	1869.5	40350.5	199066.5	4330.5	-544.5	144432.5	154177.5	44509.5	1396.5	-73.5	-193.5	191480.5
PLATE2	1	HC-298K	57394.5	58388	40086	30100.5	32659	35732.5	341	-75	97462	33070.5	50	29437	75.5	2913	2547.5	38120	88093	6592.5	48	70362	71801.5	46095	199	179	81	13231
PLATE2	1	HC-299K	62000.5	154829	35380.5	50529.5	31964.5	33792.5	-144.5	-140.5	169304.5	47787.5	694.5	41630	78.5	-49.5	10297.5	17317.5	83400	6533.5	197.5	72889	16666	60972.5	288.5	44.5	9	21624.5
PLATE2	1	HC-300K	856	6837	-887	-968	-560	-802	-949	-973	3945	-4	-918	31015.5	-858.5	-247.5	12700.5	15489	32558	4922	-787	35962.5	20379	129	1123	-521	-808	-235
PLATE2	1	MBL-164	8400.5	1397	2297	95	4197	2649	290	-43	12012	5160.5	139741	186252	8230	925	25228	15063	76446	7540	154	125139.5	98702	3143	284	219	1885.5	21812
PLATE2	1	MBL-165	113699.5	29165.5	66994	11626	90255.5	53820.5	11294	589.5	131556.5	77036.5	2580.5	175108.5	2540	4138	3982.5	37631.5	158222.5	40442.5	458	144044	121171.5	77299.5	276.5	817	1125.5	110283.5
PLATE2	1	MBL-167	81	36	32	32	30	63	10606	30	135.5	24	59717.5	11960	117	52	61145.5	69223	61568	3541.5	426	26	54850.5	57	81	2401	273	2158
PLATE2	1	MBL-168	2904.5	1321	56.5	-18.5	159.5	158	3043.5	2678	1398.5	870.5	173.5	40110.5	258.5	2460.5	14769.5	31564.5	23818.5	344.5	105	107780.5	80612	259.5	128.5	584.5	145.5	896.5
PLATE2	1	MBL-169	42735.5	159.5	462.5	62.5	1534.5	500	58.5	6.5	5539	4747.5	63803.5	12319.5	123.5	4151.5	1191.5	7100.5	55394.5	263.5	45.5	56605.5	57290.5	818.5	85.5	173.5	123.5	7996.5
PLATE2	1	MBL-170	798.5	118.5	64.5	4.5	338	458.5	198	-29.5	1297.5	772.5	63101.5	9611.5	108.5	312	6338.5	17664	29089	2201.5	75.5	17435.5	110492.5	54.5	147.5	2979	2015.5	10671
PLATE2	1	MBL-171	280.5	8.5	-80.5	-88.5	-41.5	-27.5	-52	-75.5	32.5	85.5	167.5	14143.5	64	642	2069.5	11604.5	85698.5	587	3879.5	18473.5	58895.5	59	194.5	4734.5	50	51697.5
PLATE2	1	MBL-172	1404	257	391.5	4	505.5	365	781	-8	1749	1193	1155	63767	763	6598	34290	23939	51656	8823	203.5	50217	51725	524	122	176	146.5	4761
PLATE2	1	MBL-173	15052	3886	3655	215	7162	3588	7118	37	31705	10430.5	112194	11415	167	349	3226	22085	18715	628	141.5	4016	114993	4808	148	195.5	1085.5	5374
PLATE2	1	MBL-174	43468	14167	13190.5	741	20640.5	9116.5	2579.5	1390	40291.5	22000.5	1102.5	43422.5	162.5	1704.5	11647.5	5423.5	75777.5	386.5	258.5	66078	64158.5	14332.5	335.5	323.5	101.5	11472.5
PLATE2	1	MBL-175	4763.5	251.5	746.5	-34.5	885	728.5	-21.5	-76.5	3643.5	1890	42.5	8779	4.5	37255.5	25670.5	39060.5	83961.5	989.5	285.5	78946	57523.5	854.5	172.5	2506.5	13.5	16619
PLATE2	1	MBL-176	37002	18768.5	14961.5	2293.5	22104.5	10211	1120.5	3	61566	33186.5	579.5	24640.5	205	9741.5	27496.5	37585	89740.5	1252.5	2873.5	71472	61474.5	23178.5	174.5	138.5	195	53409
PLATE2	1	MBL-177	138	2474	-32.5	215.5	-8.5	27.5	464.5	-64	15274.5	64	292.5	35886.5	130.5	849.5	406.5	1280.5	25158.5	10434.5	115.5	94599.5	92680.5	251.5	159.5	71.5	160.5	6141.5
PLATE2	1	MBL-178	32907	13048.5	23355.5	11784.5	44194.5	23732.5	96.5	-166.5	14422.5	15535.5	-94.5	8029	-46	1438.5	3175	4013.5	17026.5	235.5	-55	9991	11149.5	14665.5	248.5	39.5	92.5	1049.5
PLATE2	1	MBL-179	37501	4615.5	15222	4959	8983	9473	17861	5984	87577	22660	2363	76083	8688	1140	2111.5	5280.5	77271.5	1268	163	65972	60522	17804	213	516	693	28075
PLATE2	1	MBL-180	22925	582.5	2968.5	-99.5	6038.5	2564.5	8904	-164.5	47409	11190.5	-50	7222	-56.5	3630.5	273.5	19064	81992.5	26649.5	69.5	65883.5	46358	3427.5	267.5	494	0.5	73401
PLATE2	1	MBL-181	39639	16608	25232	3183	27094	21153	94.5	44	41970	20491	1144	33218	273	2905	24740.5	39273	27209	873	315.5	15306.5	19485	13387	120	95	39068	141
PLATE2	1	MBL-182	11791.5	11044.5	3440.5	164	4834.5	4141.5	21219.5	166.5	11627.5	5083.5	60612.5	66874	2425.5	71.5	7417	11245	43429.5	1382.5	131.5	56499.5	49873.5	4529.5	122.5	742.5	1008.5	33090
PLATE2	1	MBL-183	12745.5	21631.5	8288.5	1303	7880.5	5325.5	620.5	3	19712.5	11690	194.5	3949.5	62.5	6003.5	11461	11425.5	25904.5	9875	212	37169.5	35524.5	11529.5	98.5	136.5	120	8919.5
PLATE2	1	MBL-184	46354.5	23801.5	30542	3385.5	38494	32050.5	24281.5	1243.5	65754.5	33330	90146	49964.5	2021.5	698.5	108232.5	91780.5	121428	5772	247.5	103525.5	51769.5	26498	122.5	6370.5	1775	3186.5
PLATE2	1	MBL-185	4.5	11333	-77.5	-109	-59	44.5	4796	1071	80	103	725	60740	273	1178	426	26442	31594.5	3638	198	155601.5	118025	205	224	146.5	284	1356.5
PLATE2	1	MBL-186	116118.5	5487.5	10952.5	2870	74679.5	10596.5	40278.5	545.5	126720.5	76496.5	67173.5	25906.5	338.5	10563.5	6177.5	13860.5	72565.5	6057.5	101.5	21131	89943.5	24204	188.5	4795	17108.5	16789.5
PLATE2	1	MBL-187	37069.5	1540	21748.5	946	17864	18275	21.5	12	37446	11716	21029	23108.5	625.5	19212	15874	14288	51476	1765	271	35104	374	9753.5	119	225	922.5	20172
PLATE2	1	MBL-188	161386.5	76430.5	122713	51821	152510	104924.5	70364	1522.5	202048	153355	169213	172618	21944.5	865	47948	88895.5	159307.5	32512.5	420	49353.5	140856	106524	197	4266	4113	29120
PLATE2	1	MBL-189	36141	15676	15476	5428	21928	16581	785	2.5	55792	24328	128455	40105.5	896	6218	2550.5	7628	82298	531	333	115453	150733.5	16993	122	1839	12522	23368
PLATE2	1	MBL-190	1048	541	355	66.5	409	447	308	348	1721	514	641	31309	582	51874	40015	12840	45225	8436.5	455	88252	153100	335	155	312	621	11746.5
PLATE2	1	MBL-191	117064	34210	91255	22636	103080	81726.5	5317	-504	149008	99515	558	5991	-353	22305	70884	49942	83748	2198.5	-80	114950	122982	65011	728	1413	1241.5	64303
PLATE2	1	MBL-192	16173	251	7782	10026	2137	7529	46244	2093	53624.5	12899.5	380	6316	-733	1478	2433	18527	49329	36556	-497	72522	41308.5	22194	1124	730	-132	35048
PLATE2	1	MBL-193	1879	30643	545.5	658.5	829	711.5	78102.5	5182	21925.5	1595.5	6557.5	70710.5	1594.5	2647.5	1737	1746.5	67191.5	101295	784.5	9968.5	205925	5143.5	284.5	2515.5	2658.5	17116
PLATE2	1	MBL-194	2008.5	3380	798	745	851	551	67002	1275	3434.5	1419	131530	69584	5448	-4	1470	19725	62820	17897	358	142247	49887	3912	200	1067	14591	2076.5
PLATE2	1	MBL-195	10231.5	14132.5	2355	12672.5	1465.5	1890	945.5	-150.5	21484.5	4900	498.5	43922.5	194.5	3582	25871.5	1994.5	154391	12962	109	146416.5	72508.5	28659	360.5	540	408	175081.5
PLATE2	1	MBL-196	404.5	1375	147.5	374	-67.5	126.5	17360	326.5	2992.5	541	277.5	36440	-100	537.5	1537	280.5	114392.5	6815	-19.5	93611	69081	10928	440	-123	-132	114861
PLATE2	1	MBL-197	586.5	1279	334	33	251	299	358	24	2532	301	214	45106	209	64677	14796	12389.5	46077	1341	110	43974.5	115015	446	103	1256.5	168.5	16634.5
PLATE2	1	MBL-198	45189	19277	25287	2665	23585	23505	20032	6563	50753.5	30337	999.5	10139	-73.5	11333	11668.5	34827	104485	15813	7246	150745	157040	18706	305	152	290	105307.5
PLATE2	1	MBL-199	51618.5	47334.5	64174.5	41210.5	41735.5	58987.5	40.5	20.5	76719.5	43632.5	10472.5	1760.5	107.5	663	373.5	7938	29899.5	162.5	467.5	31956	43667	44306.5	102.5	825.5	146	2598
PLATE2	1	MBL-200	4996	2181	1758.5	75.5	4012	2121	1278	-30	12015	3908	2687	26543	350	18396.5	15165	20990.5	83953.5	262	221	90385.5	77110	3450	169	205	166	7078
PLATE2	1	MBL-201	17781	1005	7739	599.5	11994	7200	12225	-1	20877.5	15192	84971	83817.5	470.5	32005	45281	42219	49005.5	9246	87	35890	54775.5	7394	122	149	4165.5	7556
PLATE2	1	MBL-202	16019	15900.5	10089	931	9612	6467	8794	7696.5	35313	10029	926.5	25487.5	157.5	536	3859	11332	80670.5	217.5	226.5	53387.5	42145	10130	116	237.5	597.5	27429.5
PLATE2	1	MBL-203	97744	52420.5	99149	19014	85907	77521	26	-20	110688	80457.5	518.5	15365	66	20076	6593	11616	9605.5	3127	114	87141.5	67238.5	80686	123	164	148	3311.5
PLATE2	1	MBL-204	278.5	6397	55	-37	17	182	13297.5	594	260	101	92915	132868.5	814	2907.5	7372	9414.5	27267	18767	143	67072	83044	528.5	153	2677.5	8744	5444
PLATE2	1	BL771	9530	518	341	381	1232	385	361	-5.5	12260	4383	548.5	22831.5	388.5	28.5	1334	8734	36884	6201	152.5	45578.5	123006	2021.5	156	243.5	119	4452
PLATE2	1	BL773	50681	5128	32675	1070	29453	26505	21090	857	52805.5	31578	78866	88749	1513	466	1612	4942	20336	559	87.5	4561	56896	11022	92	114	4141	27534
PLATE2	1	BL774	3364	686	20	1981.5	167	141.5	10040	533	505.5	1437	9471	8829	469	394	19437	10812	16039.5	5743	238	95984	57699.5	223	157	1140	26600	665.5
PLATE2	1	BL775	5117.5	885.5	51	2338	200	206.5	15030.5	935.5	722.5	2103	14970.5	10343.5	580	432.5	28575.5	12343.5	21492.5	7347.5	293.5	132840	117484.5	268.5	215.5	1430.5	34151	1052
PLATE2	1	BL776	73.5	78.5	34.5	20.5	64.5	61.5	54.5	39.5	493	65.5	61146	65978.5	10017.5	545.5	31977.5	41929	74227.5	31338.5	119.5	503.5	68789.5	179.5	103.5	303	3399.5	24871.5
PLATE2	1	BL777	1323.5	5890.5	238.5	-1	978.5	622.5	1211.5	-2.5	2865	197	64031.5	16047.5	550.5	362.5	16185	15998.5	30601.5	2963.5	17	83670.5	54799.5	93.5	177.5	3516.5	896.5	7631
PLATE2	1	BL778	388	-95.5	864	-201	5053	557.5	-355	-354	500	361.5	100816	39212	453	878	1107	1065	37784	1741.5	-21	97548	100770	1319	547	1960	25114	5092
PLATE2	1	BL779	7681	13491.5	6734	1746	4314.5	6326.5	1462.5	27.5	25761.5	5477	30309	17696	294.5	1067	20483.5	21431.5	24859	2100.5	96.5	17113.5	12095.5	8308	81.5	1141.5	923.5	4372.5
PLATE2	1	BL648	674	27	-5	-46.5	425	52.5	4783	-36	858	192	55312	8154	118	78	4967	17655	73512	12498	1177	72666.5	44275	143	168	958	1411.5	9278
PLATE2	1	BL702	2555	218	-90	408	2395	3	22811	-102	915	70	84277	110509	10362.5	2844	4224	16321.5	4798	17898	358.5	78930.5	66660	602	359	1419	23725	957
PLATE2	1	BL705	1299.5	1153.5	985.5	783.5	1349.5	788.5	8612.5	-3.5	5375.5	960.5	43982	32363	814	49	14141.5	17247.5	14983	4142.5	180.5	29152	25884.5	826.5	141.5	256.5	14934.5	549.5
PLATE2	1	BL722	82.5	-8.5	-67	-56.5	-7	-4.5	22721	63.5	58.5	175.5	45810.5	34226	631.5	13	719.5	4265.5	12676.5	39173	69	25794.5	77023.5	188.5	163.5	770.5	1496.5	3025.5
PLATE2	1	BL735	136	568	55	-103	1776	110	8792.5	-14	138	149	107479	27104.5	783.5	1887	1704	26864	62190	16879	130	128615	112883	1129	213	583	13160.5	53279
PLATE2	1	BL736	336	66	30.5	-28.5	24	59	83	33	124.5	155	45040	37431.5	1992	605.5	11270	10886.5	33638	1981.5	179.5	54969	5382	146	134	528	4011.5	3344
PLATE2	1	BL740	389.5	1867	36.5	-61	250.5	-1	3222	-145	300	31	62745	21158	423	0	2050.5	11831	57398	285	36	55753	60757	116	275	5	1913	1107.5
PLATE2	1	BL742	89	115	-1	-68	18	55.5	201	22.5	56.5	56	15515	45619.5	443	5116	144983	209683	197617.5	4282	457	93810	119014	335	309	314	271	718
PLATE2	1	HC19-NM061	64.5	-57	-14	-122	-114	581	424	-115	36	44.5	175	50918	294	5571.5	2704	39196	104616	909	265	83068	7162	245	266	130	457.5	31496
PLATE2	1	HC19-NM062	-5	8262.5	-332	-226	-288	-221	-210.5	-305	-129	34.5	3	32467.5	-132	3320	2711	14586	65771	2381	-61.5	105496	107781	-36	528	1883	1366.5	58265
PLATE2	1	EBV-FEMALE-NEG	38.5	25.5	24.5	40.5	48.5	61.5	45.5	25.5	69.5	28	75.5	43.5	70.5	1068.5	295.5	299	11482.5	73.5	37.5	112.5	62	51.5	51.5	95.5	106.5	539.5
PLATE2	2	EBV-FEMALE-NEG	35	28.5	27.5	39	31	56.5	57	12.5	70	17.5	112.5	55	75	1056	255	380.5	12029	62	47	97	105	45.5	51	97	100	713
