Plate	Inplatecount	Sample	FcR2A_N	FcR2A_zebra	FcR2A_Eadp501	FcR2A_RBD wuhan	FcR2A_AMA1	FcR2A_MSP1	FcR2A_HRPII	FcR2A_FL spike	FcR2A_pp28	FcR2A_EBNA1	FcR2A_VCA	FcR2A_BSA	FcR2A_CelTos	FcR2A_CSP
PLATE1	1	BACKGROUND0	36.5	43.5	42.5	34	78.5	77	57.5	37.5	15	-16	5.5	128.5	103.5	96.5
PLATE1	1	AF-MIX-S1	73.5	2939.5	-102.5	224.5	16898.5	20616.5	5689	57.5	5587.5	26159	13533.5	277.5	225	899.5
PLATE1	1	AF-MIX-S2	37.5	3351.5	-62.5	112.5	18478.5	27807.5	6378.5	-31.5	1871	28024.5	16193.5	225.5	41.5	545
PLATE1	1	AF-MIX-S3	-69.5	926	-85	23	14236.5	22836	3012	-58	582	18684	14915	225	23	168
PLATE1	1	AF-MIX-S4	-19	1	-42	30	3089.5	12162	751	-29	78	8009	4699.5	189	48	187
PLATE1	1	AF-MIX-S5	-6.5	4.5	-13	32.5	1367.5	4048.5	229.5	8.5	43.5	3375.5	1413.5	138.5	25	115.5
PLATE1	1	AF-MIX-S6	37	45	21.5	52	322.5	1944.5	107.5	36.5	40.5	527	308.5	83.5	90.5	102.5
PLATE1	1	AF-MIX-S7	39.5	35.5	11	16.5	83.5	256	74.5	0	35	71	140	100	70	97
PLATE1	2	BACKGROUND0	72	75	56	58	58	99	90	62.5	73	24	42	142	83	109.5
PLATE1	2	AF-MIX-S1	25.5	7222	-295	198	39695.5	47097.5	13034	-96	9186	41144	30811	507	84.5	1115
PLATE1	2	AF-MIX-S2	30	1506	-72	72	9742.5	19283.5	4369	10	1123	13590	11855	242	16	215.5
PLATE1	2	AF-MIX-S3	35	568	-49	106	12825.5	22192	4265.5	-17	1085.5	22329	11713	230	65	286
PLATE1	2	AF-MIX-S4	4.5	28	-19	32	3794.5	14596.5	586.5	-23	86	7995	4153	207	41	178.5
PLATE1	2	AF-MIX-S5	48	41	19	48	769	4024	259	30	42	1935	1009	132	88	126
PLATE1	2	AF-MIX-S6	11	28.5	0	17	222	1294.5	106	-0.5	9	440	261	94	81.5	120
PLATE1	2	AF-MIX-S7	20	20	-6	55	72	117	61	17	17.5	20.5	163	99	79	196
PLATE1	3	BACKGROUND0	30.5	25.5	24.5	134.5	405	857.5	62.5	36.5	15	41.5	13.5	139.5	83.5	111
PLATE1	1	POST-VACC-S1	84304.5	-2367	-4882.5	116478	-3348.5	35217.5	-4683.5	76321.5	1044	87383.5	51834.5	5361.5	9581.5	-4269.5
PLATE1	1	POST-VACC-S2	73667	-1360.5	-1575.5	142611	-612.5	19437	-1480	71386.5	117	98907	30157	1868	4238	-1273
PLATE1	1	POST-VACC-S3	15399	-625	-678	44780	-324	1388	-628	18765	189	44757	6736	863	417	-496
PLATE1	1	POST-VACC-S4	12183	-199.5	-201	104134	247	3632	-152	42045	42	39719	4948.5	427	96	-77
PLATE1	1	POST-VACC-S5	2967	2.5	-9	65271.5	2847	5689	50	19218	51	18226	1213	193	118.5	98
PLATE1	1	POST-VACC-S6	3844	18	5	58857	49026	52857.5	285	16271	157.5	24665	3173.5	221	115	120
PLATE1	1	POST-VACC-S7	146	-3	-7	29011	945	1164	44	2781	50	3073.5	130	197	29.5	90
PLATE1	4	BACKGROUND0	47	22.5	28.5	91.5	34.5	33.5	49.5	22.5	1.5	-8.5	5.5	199.5	36	102.5
PLATE1	2	POST-VACC-S1	81122.5	-303	-4448.5	95264.5	-3057	34613	-4277.5	71063	-726.5	71268.5	42276.5	5099.5	7142.5	-4062.5
PLATE1	2	POST-VACC-S2	71986	-1146.5	-1586	127916	-634.5	17082	-1546	68827	1	93370	35033.5	1987	5074	-1240.5
PLATE1	2	POST-VACC-S3	16877	-262	-284	64709.5	-34	1824	-264	27986	55	34007.5	7309	527	573	-136
PLATE1	2	POST-VACC-S4	13356.5	-114.5	-109	102589.5	128	562.5	-97	43101	106	40980	4519	329	368	32.5
PLATE1	2	POST-VACC-S5	1139.5	-8.5	-24.5	30470	33	11.5	-0.5	9767.5	65.5	8021.5	153.5	152.5	86.5	60
PLATE1	2	POST-VACC-S6	707	16	10	57625.5	59	38.5	67	12591.5	37	10805	368.5	118	99	74
PLATE1	2	POST-VACC-S7	76	27.5	1	22627.5	6	13	50.5	1672	21.5	1144	17	103	65.5	118.5
PLATE1	1	HC-001K	3317	-18	-57	569	37629.5	41530	8083.5	-3	10848	33079	17716.5	292	2015	2643
PLATE1	1	HC-002K	30	9900	-76	2084	12412	9711.5	15023	1865	3317.5	8124	7223.5	274	200	8864
PLATE1	1	HC-003K	1842.5	267.5	182	3574	41149	64700.5	25706.5	57.5	2811.5	40305.5	26117.5	319.5	1825	20255
PLATE1	1	HC-004K	-7.5	3832	-49	1030	10170.5	27015	268.5	98	3071	18644	18529.5	243	276.5	78
PLATE1	1	HC-005K	3039.5	47.5	41.5	5371.5	10438.5	28575.5	702.5	245.5	11851	508.5	2533.5	187.5	366.5	91.5
PLATE1	1	HC-006K	26021.5	69	26.5	7019.5	10353.5	11216.5	2283	15356.5	593	11395	9459	244.5	1421.5	2137
PLATE1	1	HC-007K	33822	3505	210	28621.5	27184	28290.5	16988	27845.5	18402.5	17513	17490	393	2265	1636
PLATE1	1	HC-008K	17542.5	2165	-74	18888	15440.5	33395	3336.5	20074	3675.5	5283	8765	888	6838.5	2689
PLATE1	1	HC-009K	72.5	219.5	19.5	43.5	1919	17620	672	-12	7350	23892	10930.5	195	97.5	70
PLATE1	1	HC-010K	137.5	539.5	106	136	20927	19604	11688	48	411	13729.5	8121.5	195	2583	1201.5
PLATE1	1	HC-011K	2019.5	101	89	182	15233	45163	5694	445.5	670.5	31317	21805	138	132	326
PLATE1	1	HC-012K	1914.5	13.5	0	42	16157	26806	7719	132.5	9211	15635.5	9430	190	96	149.5
PLATE1	1	HC-013K	5374.5	30	6.5	11290	2974.5	20085.5	443.5	7202	116.5	19583.5	9755.5	261.5	210.5	198.5
PLATE1	1	HC-014K	3019.5	32	24.5	89	73542	108407.5	992	0	2338.5	98678.5	44847	180	251	2678
PLATE1	1	HC-015K	12152.5	5306.5	813.5	254	9259.5	17474	7082.5	-150	4681.5	18443.5	9273.5	785.5	4248.5	362
PLATE1	1	HC-016K	10826	557	82	11089.5	4841	12074.5	1286	7878.5	4390	12099.5	5101	118	376	388
PLATE1	1	HC-017K	13928	-91	-228	3041	20087.5	30774	5314	3287	5956	14740	5336	430	828.5	5519
PLATE1	1	HC-018K	1680.5	162	27	228	26103.5	44876.5	2635	4	3667.5	16409	17732	242	773	1532.5
PLATE1	1	HC-019K	56988	54034.5	131.5	74175.5	82250	115461.5	45423.5	39242	78521	83106	80368	379	3152.5	207
PLATE1	1	HC-020K	7747.5	497.5	85.5	8198	19608.5	20999.5	28402	11557.5	19038.5	13756	7056.5	190.5	1703.5	175.5
PLATE1	1	HC-021K	48903.5	-6698.5	-6951.5	43201	23196.5	81294	-870	73538.5	18133	29446.5	30382.5	7254.5	3703	1177
PLATE1	1	HC-022K	1495.5	1612	564	872	24655	30381	29240.5	-1.5	28681	36539	23629	276	6831.5	21165
PLATE1	1	HC-023K	1169	117.5	196	3911	56884	80115.5	27150.5	-44.5	36834	32386	55241	438	92	15656
PLATE1	1	HC-024K	13605	91.5	105.5	5486	17340	34664	1943	10824	4728	15300	16035	224	516	1042
PLATE1	1	HC-025K	11695.5	131	4.5	19889	12120	16162	2311.5	10182	12397	5312.5	11431	229	111	1696
PLATE1	1	HC-026K	4438	64.5	73	28956	12591	34658	910.5	23094	1163.5	12148	14109	241	628	265
PLATE1	1	HC-027K	19466.5	2162	11	36665.5	47739.5	127346.5	1369	16346.5	11655	41159	54514	287	39	6875
PLATE1	1	HC-028K	31458.5	127	-101.5	27158.5	12979.5	14736.5	8726.5	21125	794.5	10758.5	14670.5	521.5	252.5	102.5
PLATE1	1	HC-029K	334.5	40.5	89.5	277.5	32974	107894	4982.5	-4.5	61179	41996	20440.5	248.5	1203.5	104.5
PLATE1	1	HC-030K	-44.5	-244.5	-317.5	1013	26955.5	47290.5	10026.5	-131	9556.5	22017.5	17204.5	701.5	444.5	985.5
PLATE1	1	HC-031K	-30	2323	-121	44949	70747	93500	89657	272.5	57859.5	11135.5	17007	534	1267.5	42280.5
PLATE1	1	HC-032K	15481.5	-103	-130.5	14864.5	1265	29124	32	6365	174.5	-126	-33	940	-45.5	-100
PLATE1	1	HC-033K	19760	-98	-298	21448	20466.5	21733	33012	15327.5	27618	40231.5	26203.5	564	1311.5	3967
PLATE1	1	HC-035K	9337	-31.5	-98	13706.5	10914.5	9028.5	2101.5	9230	3515.5	2301	3718	359	74	2794
PLATE1	1	HC-036K	35186	-87.5	53.5	44435.5	29380.5	66560.5	16265	43294.5	30566.5	26586.5	25434.5	865.5	689.5	17861.5
PLATE1	1	HC-037K	18351	-47.5	-39	16777.5	14290.5	21077	477.5	2032	3924	5368.5	7728.5	421.5	218.5	129.5
PLATE1	1	HC-038K	61	-23.5	-94.5	695.5	8278.5	67810.5	932.5	131.5	18244	27482	25144	551.5	3598.5	215.5
PLATE1	1	HC-039K	1727.5	249	-15	880	4441	26606	730	146	7630	15577	7860	857	880	223.5
PLATE1	1	HC-040K	96.5	122.5	49	122.5	5362.5	52993	1720.5	18.5	10386	43412.5	26294	245.5	99	261
PLATE1	1	HC-041K	8436.5	341	47	14500.5	6546	18006.5	3535.5	10204.5	694	9565.5	6994	367	1176.5	129
PLATE1	1	HC-042K	18162.5	-42.5	-18.5	14346.5	4497.5	18230.5	579	4949.5	1478.5	11847.5	8459.5	245.5	272.5	879.5
PLATE1	1	HC-043K	15422	82	30.5	18963	11455	23114	2621	14456	8065	403	872	129	182	407.5
PLATE1	1	HC-045K	16743.5	41.5	40.5	9091.5	6225.5	39085.5	745	10487.5	799.5	733.5	31.5	113.5	184.5	194.5
PLATE1	1	HC-047K	4543.5	2157.5	233.5	11345.5	4693	23769.5	3874	7781.5	938.5	13391	4844	112.5	213.5	2292.5
PLATE1	1	HC-048K	6926	13.5	4.5	20293	22996	45487	3438.5	12988.5	22688	25835.5	10108	167.5	825.5	9133.5
PLATE1	1	HC-049K	112.5	2180.5	63.5	160.5	18971.5	58068.5	2867.5	3.5	4296.5	30593.5	29304.5	97.5	360	189.5
PLATE1	1	HC-050K	274.5	942.5	772.5	278.5	53657	66659	7856	122	4045	63397	40062.5	220	767	4836.5
PLATE1	1	HC-051K	28466.5	67	33	1152	1577	20118	206	980	1470.5	24988	19628	103	81.5	101
PLATE1	1	HC-052K	1246	27	6.5	17299	8385.5	22978.5	3151	15440	124	18028.5	5825	128	136	104.5
PLATE1	1	HC-053K	315.5	177.5	93.5	1268	7035.5	43247.5	1041.5	285	40601.5	975.5	2019	296.5	1449.5	426.5
PLATE1	1	HC-054K	39430	36373	125	34787.5	34548	72846	2765.5	35791.5	27112	13806	20589	351	202	1251
PLATE1	1	HC-055K	21510.5	14017	-16	24830	13866	33942	2815	21214	11303	16789	16789	193	315	62
PLATE1	1	HC-056K	10786	89	8	12936	10053	16426	4345	11650	3353	8465	6990.5	157	1783	2062.5
PLATE1	1	HC-057K	10076.5	60.5	25.5	15336	11372.5	19559.5	3579.5	14545.5	8902	17483.5	8687	148.5	138	183.5
PLATE1	1	HC-058K	NA	NA	NA	NA	NA	NA	NA	NA	NA	NA	NA	NA	NA	NA
PLATE1	1	HC-059K	60827	56	-217	77479	7173	97301	1524.5	28574	13293.5	89842	88724	600	374	111.5
PLATE1	1	HC-060K	967	-583	-648	3223.5	18468.5	37059	7144.5	-526.5	1438	19130	13507	920	1	10861
PLATE1	1	HC-061K	6494.5	5233.5	175.5	3457	40693	56363.5	22855.5	3471.5	16423	37066.5	22673.5	182.5	553.5	9664.5
PLATE1	1	HC-062K	36366	67	22	42912	3130.5	44885	1245	35499	736	289.5	20205	119	134.5	100
PLATE1	1	HC-063K	30116	10238	35	30755	1995	38909.5	397	17069	7407	210	11170	130	836	102
PLATE1	1	HC-064K	226	2649.5	-28.5	876	22518	64135	20545	46	6108	35018	28539.5	178	16770	9858
PLATE1	1	HC-065K	13380.5	35246	2222	11367.5	9553.5	37333	514.5	10981	40058.5	30581	33866	258	1167	589
PLATE1	1	HC-066K	5289	400.5	-56.5	727	29650	45104	1475	161	23229	42594.5	33528	231	962	4840
PLATE1	1	HC-067K	10697.5	519	52.5	11371.5	34533.5	42654.5	5670.5	10090.5	546	24474.5	16537.5	114.5	488.5	1080
PLATE1	1	HC-068K	1478	8.5	42.5	16528.5	2868.5	27067.5	2035.5	11032.5	8804.5	11636	9936.5	236.5	83.5	171.5
PLATE1	1	HC-069K	6778	42.5	-26.5	16425.5	7457.5	17190	1018	8427	923	8982	7765.5	397	-15	-4
PLATE1	1	HC-070K	15709.5	3810.5	95	25085.5	20489	27446	11948	19052	6280.5	16252	13406	268	19645	3920
PLATE1	1	HC-071K	4948	149	-27.5	4369.5	756.5	10967	206	7048	6761.5	11377	10059.5	270	165	49
PLATE1	1	HC-072K	2428.5	85	52	6792	8775.5	35050	676.5	1884.5	11414	22014	15754	191.5	374.5	1789.5
PLATE1	1	HC-073K	3334	-152	-158	2105	1612	37233	555	1082	2886	19715	11481	392	213	461
PLATE1	1	HC-074K	171	57	69	818	22064.5	51660	11703	33.5	451	143	23262	187	355.5	5964
PLATE1	1	HC-075K	4181.5	166.5	-85.5	3422.5	16084.5	21408.5	10495.5	790	2894.5	13723.5	9909.5	352.5	1617.5	686
PLATE1	1	HC-076K	11916	73	11	2075	45563	77782	30428.5	6221.5	5583.5	50592	35926	251	329	133.5
PLATE1	1	HC-077K	5730.5	9.5	-25.5	19164.5	583	17989.5	145.5	12522.5	7146.5	20852	17955.5	224.5	99	90.5
PLATE1	1	HC-078K	17043.5	3069	17	12608	16362.5	33090.5	3948	8901.5	11178.5	13984	9472	201	426.5	86
PLATE1	1	HC-079K	2315.5	12	-3.5	11183	13650	16363.5	6546	7361.5	612	6012	7142.5	164.5	262.5	482.5
PLATE1	1	HC-080K	14014	3990	13	20522	1190.5	21184	232	12047.5	5614.5	18606	11435.5	121	189	153
PLATE1	1	HC-081K	13617.5	4065	1.5	23559	14608	23741	407	12029.5	832	15757	12344.5	118	194	2709
PLATE1	1	HC-082K	16857.5	18044	-6	12168	59102	48130	296	10678	10661	52042	53958.5	227	132	206
PLATE1	1	HC-083K	74.5	22286.5	104.5	2092.5	25046.5	30578	2189.5	28.5	1848.5	14986	25833.5	238.5	168	895.5
PLATE1	1	HC-084K	293	15	10.5	18952	6135.5	26844	1182	19522.5	6582	3850.5	10591	254	366	907
PLATE1	1	HC-085K	76.5	-4.5	-2	403.5	8631.5	33068	2388	63	2595.5	10947	10088	303	207.5	92
PLATE1	1	HC-086K	707.5	12407	-22	111	41168	100941.5	2278.5	-14	90517	112791	24129	415	1721	234.5
PLATE1	1	HC-087K	580	2123	-7	19455.5	32458	59510	18703	12167.5	10350	33814.5	23117	731	2604	162.5
PLATE1	1	HC-088K	6816	57161.5	-1.5	15209.5	92562	138285	13882.5	11257	4858.5	90190	68874	274.5	430.5	51344.5
PLATE1	1	HC-089K	4344.5	7201.5	-60	15132.5	23439.5	120929.5	12392	1478.5	5025.5	70633.5	44310.5	670.5	191	48.5
PLATE1	1	HC-090K	127.5	83.5	35.5	8780.5	36931.5	124224.5	3667	869.5	21967.5	74693	33463.5	340.5	137	50.5
PLATE1	1	HC-091K	463.5	15303	5	19640	37249.5	74726	13292	7849	1019	52099	32322.5	387	1726	120
PLATE1	1	HC-092K	2168	66.5	14.5	18198	21095.5	50748.5	2486	9613.5	869	21529	18700	255	185	400
PLATE1	1	HC-093K	13822	38145.5	-302	62757.5	54318	109039	37985.5	29797	10777	98661	44350	563	723	916
PLATE1	1	HC-094K	13528	92.5	49	12205	21020	66401	8468.5	12546	5901	46659	12210	170	2046	425.5
PLATE1	1	HC-095K	435	102	104	59	20963	30212.5	15418.5	112	6521	25719	12027	113	741	117
PLATE1	1	HC-096K	62810	436.5	256	33419.5	80625	172481	35963	52181	17669	105146	88312	282	1078	8276
PLATE1	1	HC-097K	27233	186	58	29103	28921	49769	12722	19044	3015	20800	18063	162	998	12776.5
PLATE1	1	HC-098K	78085	2720	-192	84106	54202.5	95854	37209	80982	59791	61707	42809	473	10015	13253
PLATE1	1	HC-099K	20093	154	3	11039	7952.5	24529	4267	10244.5	1466	16181	4679	117	1366.5	1258
PLATE1	1	HC-100K	10539.5	244.5	-19.5	19756.5	18684.5	24729.5	2994	7545	3509.5	19003.5	14219.5	293.5	126.5	795.5
PLATE1	1	HC19-KC005	1118.5	48	525	177	24908.5	46498	6516	9	16754	15	18761	399	281	695
PLATE1	1	HC19-KC006	191	2081	31	382.5	19822	30246	759.5	-57	7951.5	20073	10965	342	108.5	1533
PLATE1	1	HC19-KC007	36	8948	17	264	18005	18712.5	17252	45	289.5	20674	16796	220	153.5	4393
PLATE1	1	HC19-KC008	891.5	-20	-5.5	1608	44240	73242.5	30439.5	353	15342	33986	39324	411	2132.5	2211.5
PLATE1	1	HC19-KC012	23.5	28.5	25	232	14621.5	15252.5	14146.5	-10	4603	5494.5	6599.5	210.5	80.5	75.5
PLATE1	1	HC19-KC015	3543	2585.5	1143.5	497.5	20342.5	15830.5	18277.5	313.5	12116.5	12409.5	10533	289.5	1344	11941.5
PLATE1	1	HC19-KC016	1209.5	122.5	95.5	410	17706.5	19577.5	20581.5	30.5	2055.5	8358.5	10837.5	244.5	1560.5	2455.5
PLATE1	1	HC19-KC017	22857.5	453.5	638.5	1837.5	26255.5	44093.5	3497.5	90.5	3473.5	8765.5	16177.5	340.5	7812	14412.5
PLATE1	1	HC19-KC019	292	17	53	64.5	11068	9744	7752	1196	7282	6026	3407	194	99	271
PLATE1	1	HC19-KC021	4455	545	346	230	25915.5	25482	5284.5	57	7980	14912	4409	202	338	9810
PLATE1	1	HC19-KC022	637.5	4731.5	2101.5	877.5	10626	15906.5	13985	-51	6798	4825.5	12593.5	501.5	360.5	8806.5
PLATE1	1	HC19-KC024	219.5	490.5	249.5	3427	39974.5	68316.5	17963	150.5	25855	1248.5	825	159.5	1889	7459.5
PLATE1	1	HC19-KC025	1309	663	671	1242	16462	34231	30787	12	10406	10839.5	10117	326	4325	1370
PLATE1	1	HC19-KC026	7666.5	78	-181	873	37971.5	56345	54657	144	7123.5	12232	26441	452	1917	20487.5
PLATE1	1	HC19-KC027	29.5	-8.5	-26.5	32.5	11083	21787	18947.5	37.5	466.5	10959	11300.5	190.5	217	4105.5
PLATE1	1	HC19-KC028	2071	-136.5	-109	3193	69542.5	101363	1420	-154	766.5	66155.5	30879.5	849	974	27344
PLATE1	1	HC19-KC029	3345	82434	-705	1439	89300	86118	21759	-571	25113	69729	63730	1712	2450	53283
PLATE1	1	HC19-KC030	-881	-981	-1059	91.5	44067.5	88341.5	3067	-889	3942	38057	20653	1313	-536	8938.5
PLATE1	1	HC19-KC033	60	321.5	-64	65.5	41213	100690	24949.5	-41	31621	76101	31667	267	315	1025.5
PLATE1	1	HC19-KC035	98	441.5	-43.5	110.5	45967.5	109619	27354.5	-33.5	33216.5	72005	32213.5	245.5	351.5	1233.5
PLATE1	1	HC19-KC036	36963	68908	623	488.5	68760	101389.5	27245	16	9060	79195	15967	309	2154	54344
PLATE1	1	HC19-KC038	24968	11874	167	5864	76485	111532	57952	-135	24717.5	56811	55773.5	556	11	4919
PLATE1	1	HC19-KC039	37031.5	13804.5	299	2700.5	98789	129958.5	33495.5	421.5	11184.5	65178.5	56522.5	719.5	9768.5	10559.5
PLATE1	1	HC19-KC040	37.5	-4.5	724.5	161.5	18120	84531.5	2122.5	99.5	9926.5	32684	38945.5	253.5	795.5	381.5
PLATE1	1	HC19-KC041	6756.5	2.5	414.5	610.5	79299	83997.5	6785.5	-505.5	12994.5	42119	52794	1060.5	8318.5	1673.5
PLATE1	1	HC19-KC047	174.5	167.5	55.5	271	64018	105019	36999.5	30	2819	70291	49214.5	215	22184	1548
PLATE1	1	HC19-KC048	220	23112	-134	555	57909	101544	13261.5	17.5	31039	48248.5	16235	348	7400	18995
PLATE1	1	HC19-KC049	808	22240.5	1890	738	64005.5	59307	86199.5	-6	10537	37055.5	35493	410	531.5	29471
PLATE1	1	HC19-KC050	24390.5	295.5	36.5	14999	26341	51876.5	38396.5	395.5	18460	26169.5	13695.5	312.5	853.5	3176
PLATE1	1	HC19-KC051	281	9.5	-66.5	467	42856	81998	26547	259	14740	46825	42719	255	-8	21859
PLATE1	1	HC19-KC057	25.5	32	27	54	36028	31545.5	36644	41.5	5824	27793	18327	126	2526	521
PLATE1	1	HC19-KC058	1079	10590.5	3099	708	13549	12426	16783.5	9.5	6998.5	11459	8738	712	677	5801
PLATE1	1	HC19-KC059	5967	26391	419	264	21544	22593	22114	126	2911	16560	12837	365	569	8196
PLATE1	1	HC19-KC060	37	103	5648	133	37784	51835	21292.5	37.5	1106.5	25033	17438	263	795	8961
PLATE1	1	HC19-KC063	837.5	1775	138	154	12919	33879	6427.5	79	2700	10663.5	14811.5	199	1836.5	8129
PLATE1	1	HC19-KC064	1631	15937	1952.5	213.5	44673.5	42050.5	34796.5	-0.5	5106.5	23049.5	14132.5	330.5	1535.5	1196.5
PLATE1	1	HC19-KC065	836.5	85.5	-35.5	215.5	15539.5	19600.5	21379.5	-70	674.5	16452.5	9266.5	358.5	1407.5	4822.5
PLATE1	1	HC19-KC066	314.5	16117.5	-40	474.5	41881	45873	65535	450.5	11928.5	47036	27465.5	363	246	23268.5
PLATE1	1	HC19-KC067	355	18016	-81	12	13624.5	27106	149	-88.5	2819.5	10951.5	4229	312	123	1082
PLATE1	1	HC19-KC068	1204	437.5	-10	696.5	17806	27329	20338	449.5	7729.5	15153.5	6085.5	567.5	555.5	14070
PLATE1	1	HC19-KC069	7149	56	-89.5	139	14286	19167	26842.5	-47.5	1998	15237	8611	313	260	72
PLATE1	1	HC19-KC070	1051.5	5220.5	500.5	1185.5	10328	14716	16339	1822	8525.5	6288	10056.5	403.5	4567.5	8496
PLATE1	1	HC19-KC071	746.5	2153	476	122	16357	51302	5851	-36	17303	15429	19710	249	416	29
PLATE1	1	HC19-KC072	7039.5	-210.5	-352	5426	29628	52278.5	16627	-87.5	12406	17003	18429	823	1928	9459
PLATE1	1	HC19-KC073	1779.5	53	-13	265.5	24393	40907	18827	51.5	7254	8060	18941	265	13179	8999.5
PLATE1	1	HC19-KC074	28.5	4849.5	-1.5	79.5	36366.5	62734.5	4337.5	-39.5	2853.5	45170.5	30413	152.5	332	5826.5
PLATE1	1	HC19-KC075	556	735	1525	624	17365	21494	19715	128	11938	13958	7398	244	1079.5	10817.5
PLATE1	1	HC19-KC076	-172.5	-191	-203.5	72.5	16184.5	34873.5	4029.5	-148.5	6054.5	16808	7072.5	413.5	25	2741.5
PLATE1	1	HC19-KC077	5366.5	159	79.5	1786.5	18444.5	24729	11981	-34	12773.5	10267	14677	396.5	222.5	22026
PLATE1	1	HC19-KC078	-16	-55.5	-90.5	677.5	30070	35966.5	14475.5	-33	4644.5	15843.5	20900.5	301.5	1114.5	7259
PLATE1	1	HC19-KC081	-137	915	-178	31	11473.5	30201.5	720	-138	2974	13308	7521	421	608	6828
PLATE1	1	HC19-KC082	2394.5	2005	5845	521.5	29105	31226.5	1148	19	529	19285.5	19947	160	228	1705.5
PLATE1	1	HC19-KC083	-12.5	15489	42	177.5	43670.5	86371.5	6065.5	-28.5	2415	50126	10878	215.5	141.5	54551.5
PLATE1	1	HC19-KC084	24662.5	-79	-95.5	834	46457.5	92100.5	21400.5	-46	15388.5	49867.5	26053.5	428.5	11269.5	14920.5
PLATE1	1	HC19-KC086	-406	-446.5	-261	2636	25725.5	24938	2370	-386	4735	14231	3044	814	939.5	9681
PLATE1	1	HC19-KC087	3303.5	448	60	1335	34946	54882	34113	982	21796	29677	13131	1014	1600	23917
PLATE1	1	HC19-KC088	39861.5	-108.5	-407.5	295.5	70232.5	114780.5	84375	-200	3622	65146	45495.5	649.5	416.5	-118
PLATE1	1	HC19-KC089	11330	59142	2639.5	5453	73079	98307	72862	4134	38385	48672	63704	1259	31793	66350
PLATE1	1	HC19-KC090	2188.5	4248	1155.5	276	14586	103387	11646	-189.5	41857	48084	48107	547	813	-144
PLATE1	1	HC19-KC091	2770	-50.5	-145	1528	13178.5	35007	9748.5	62	6906	13130	6475	349	641	4523
PLATE1	1	HC19-KC092	2319.5	29	-30	272.5	30410	59287.5	24285.5	-35	7102.5	11673	24252	292	12621.5	9588.5
PLATE1	1	HC19-KC093	60.5	6152.5	-13	142	41623	84095	6864	-10.5	5044.5	57783.5	40688	188	293.5	6854
PLATE1	1	HC19-KC094	1335	714.5	2415.5	1131.5	17596.5	20219.5	25100.5	250.5	12567.5	17641.5	13118.5	446.5	1892.5	15600
PLATE1	1	HC19-KC095	8280	4034	138.5	466	18540	17285	21893	8	7007.5	5438.5	18026.5	826	148	835
PLATE1	1	HC19-KC096	-1034	1510	-2081	736	22444	23721	19729	-165.5	4235.5	19205	15806	2579	-828	6301
PLATE1	1	HC19-KC097	182	171	110.5	4827	16456.5	34978	31101	12	1801	8974	12458	263	6606.5	1696
PLATE1	1	HC19-NM031	1218	-429.5	-433	-24.5	3986.5	59426	272.5	-78	4927.5	49264.5	22793	712.5	7064.5	4387
PLATE1	1	HC19-NM032	-43.5	-47.5	-95	66	11916.5	66239.5	457.5	-101	3096	77085.5	25534.5	354.5	-40.5	-71.5
PLATE1	1	HC19-NM033	-45	238.5	-85	62	3373.5	45072.5	843.5	-65.5	6609.5	35081.5	17700.5	296.5	142.5	-3
PLATE1	1	HC19-NM034	-240	-279	-423	355	2231.5	33595	-163.5	-169.5	8520	37141.5	30458.5	666	-231.5	-187
PLATE1	1	HC19-NM035	-1244	-1732	-1760.5	290.5	1197.5	45351.5	-1484.5	-1370.5	1684	68743.5	50244.5	2013.5	-1463.5	-1376.5
PLATE1	1	HC19-NM036	-266.5	-350	-380	178	4965	66677	-14.5	-273	1489	50766.5	39955	613	-158	-157
PLATE1	1	HC19-NM037	-2.5	-2	-12	6521.5	2756	46457.5	427	-6	13609	35589	22906.5	200	55	50
PLATE1	1	HC19-NM038	44197	-256	-304	75	9604	100446.5	976	-245	3986	94584	50698	488	-56	-167
PLATE1	1	HC19-NM039	307	-99	-115.5	979	1315	116408	2612	-98	6262.5	69624.5	59588	288	312	-12
PLATE1	1	HC19-NM040	-13	27252.5	-189	60	763.5	67535	232	-80.5	699	58206	29990	393	73	-24
PLATE1	1	HC19-NM041	-313	-364	-394	19381	8577	50973	86	-231	2702	1928	295	578	803.5	-173.5
PLATE1	1	HC19-NM042	-693.5	94	-919	573	4226	40219.5	-641.5	-637.5	3856	34323	36433	1158	58.5	-623.5
PLATE1	1	HC19-NM043	0	15202	-131.5	205	15914.5	37271	90	51	11389	27474	26823.5	343	235	81
PLATE1	1	HC19-NM044	75.5	734.5	-112	185.5	17167	86725.5	1784.5	-142	52682	83350.5	67611.5	499.5	115.5	-53.5
PLATE1	1	HC19-NM045	101	183.5	-79	-14	1189	83943	147	-120	207	50960	43992	351	238	518
PLATE1	1	HC19-NM046	250.5	46592.5	33	131	1009	63598	210	-32	1277	90490.5	69255	316	241	141
PLATE1	1	HC19-NM047	-638	-321	-685.5	78	629	34978	-571	-478	21953	48139	21770.5	857	-231	-522.5
PLATE1	1	HC19-NM048	421	-24	-27.5	112	1402.5	87176	960	-92.5	28576.5	66909	8678	392	116	-46
PLATE1	1	HC19-NM049	-318	-344.5	-387.5	102.5	2748.5	85192	-38	-301.5	27927	68951	22749.5	562.5	-207.5	-186.5
PLATE1	1	HC19-NM050	700	-391.5	-803.5	125	3977.5	57559	251.5	-905.5	6046.5	64938.5	11184.5	1370.5	-882.5	-710
PLATE1	1	HC19-NM051	70455	12105	-187	3027	69508.5	108296.5	71527	125.5	5223	64011.5	48443	507	18539	33959
PLATE1	1	HC19-NM052	115	292	-145.5	126	24106.5	34337	26707	-15	4256	14023	24654	437	4845	4850
PLATE1	1	HC19-NM053	958.5	-188.5	-38.5	2166	122889.5	156670.5	46156.5	281.5	34386.5	97034	57721	558.5	17644	4301.5
PLATE1	1	HC19-NM054	-83.5	-207.5	-337.5	220.5	1413.5	78712.5	1154.5	-252.5	33149	81608.5	67261.5	689.5	82	-238.5
PLATE1	1	HC19-NM055	-381	-459.5	-507	523.5	709.5	57700.5	-216.5	-408	12363.5	36487	33157	647.5	-96	-371.5
PLATE1	1	HC19-NM056	-22819	-17459.5	-23487.5	4641.5	-12929	64118.5	-22671	-3205	52189	78170	51049	24156	-9361	-14343
PLATE1	1	HC-201K	18	-68	-127.5	46497.5	2833.5	62327.5	83.5	11473	36324	1420.5	2042.5	274.5	-25	-65.5
PLATE1	1	HC-202K	18162.5	50985.5	-609	44496.5	6341.5	59288.5	188	23237.5	56939.5	32225	47222.5	1066.5	2756.5	864
PLATE1	1	HC-203K	-239	-538	-518	395	12666.5	75980.5	-174	139	20792	44879	70414.5	855	513	-87
PLATE1	1	HC-204K	21718	17110	22	18798	2040.5	26462.5	-34	15103	800	13494.5	12274	1480	130	-56
PLATE1	1	HC-205K	15291	114	-96	18506.5	605	32626	-41	10011.5	36686	26193.5	24220.5	608	533	176.5
PLATE1	1	HC-206K	11.5	15059.5	-181.5	1757.5	1258.5	40217.5	130.5	170.5	20236.5	24889.5	12602.5	315.5	-68.5	-63.5
PLATE1	1	HC-207K	-5369	-5350	-5458.5	-1945	-4970	47269.5	-945	-4930	6388	744	-2166	5718	-4920	-5231.5
PLATE1	1	HC-208K	2996.5	-137.5	-152	45594.5	5788.5	54957.5	406.5	26479.5	15246.5	36743.5	22853	299.5	1054.5	14.5
PLATE1	1	HC-209K	491.5	23545	-653	735.5	-486.5	22199	-560	1229.5	4028	17614	12484	816	-542	-537.5
PLATE1	1	HC-210K	991	55	-12	858	348	20560	108	1324.5	13022.5	32627	22613	197	92	70.5
PLATE1	1	HC-211K	30063.5	-244.5	-363.5	18544.5	931.5	31888.5	-39	15173.5	9157.5	22878.5	28946.5	524.5	-26.5	-230.5
PLATE1	1	HC-212K	80630	235	7	54136	708	49710.5	118	27654	1243	57535	31098	243	445	325.5
PLATE1	1	HC-213K	14479	-77	-89	5848	653	18955	92.5	952.5	155	33839	8616	285	-26	10.5
PLATE1	1	HC-214K	36110.5	-183.5	-210	65330.5	778	51712.5	230.5	33065.5	20656.5	47139.5	30282.5	442.5	169.5	-85.5
PLATE1	1	HC-215K	28	5892.5	-22	15296	135.5	36385	348.5	10226.5	463	16006.5	10154	179	3290.5	66.5
PLATE1	1	HC-216K	2275	-41	-32	40713	2013	37771	377	30996	1382	12606.5	12258.5	208	112	53
PLATE1	1	HC-217K	69141.5	12616.5	-1008.5	47175.5	-754.5	34869	-875.5	22894	11616.5	29064	27319	1136.5	-727.5	-851.5
PLATE1	1	HC-218K	17985	-181	-235.5	25501	4115.5	41718.5	116.5	18418.5	17187	19992	19114	514	196	129.5
PLATE1	1	HC-219K	13134.5	325	-8	12632	3485	20317	249	2064	4214	16320	6011	121	88	73
PLATE1	1	HC-220K	7753	-23.5	-74.5	13450	2670.5	24626	413.5	23064	428.5	14391.5	11921	419	276	74
PLATE1	1	HC-221K	39938.5	-343	-325	59463.5	1345	86949.5	121	25112	20481.5	26595	33415	1188	-131	-188
PLATE1	1	HC-222K	24261	7	66	26222	101	37570.5	364.5	15794	13039	25789	13239	260	369.5	102
PLATE1	1	HC-223K	20057.5	-47	-70.5	23775	42	49892.5	51.5	1899	1297	51980	40426.5	312	15.5	-8
PLATE1	1	HC-224K	38693	8.5	-25	36252	1072	39309	111.5	32078	159	31052	24095	198	1537	67.5
PLATE1	1	HC-225K	87	2414	-28	834	3178	60924	485.5	-4	3788	38102.5	35947	207	182	149.5
PLATE1	1	HC-226K	15041	6356	-1500.5	35787	-913.5	40954	-1062.5	21200	14902	22090	27302	1724	-699.5	-1156
PLATE1	1	HC-227K	31345	-40	-75	70635	3651	116187	953.5	38382	26612	57976	53437	281	3091	64.5
PLATE1	1	HC-228K	8141.5	-779.5	-895.5	26336	567	38459	-707.5	18136	21226.5	26074	15122	1116	390.5	506
PLATE1	1	HC-229K	44772	1835	-93.5	10508	1185	55789	66.5	4258	7360	62484	42753.5	232	42	78
PLATE1	1	HC-230K	14279	960.5	-34	37838	141	38556	294.5	29364	6238	32500.5	27345	175	123	62
PLATE1	1	HC-231K	-117.5	6519	-143	225	587	57715	38	-116	553	24071	57681	336	659	-3
PLATE1	1	HC-232K	21518.5	24	-42	14601	238	73776.5	248.5	7521	91.5	62200	26286	185	4285	32.5
PLATE1	1	HC-233K	28876	-17.5	-32	54286.5	778.5	34122.5	71.5	27005.5	2769	46075	39129	161	1129	78.5
PLATE1	1	HC-234K	711	-98.5	-81.5	9235	2730.5	54039.5	54.5	4977.5	184	44824.5	35928.5	407.5	54.5	50
PLATE1	1	HC-235K	6101.5	-256.5	23.5	11667.5	1060.5	11405	11.5	15271.5	2919.5	6534.5	6808.5	1220.5	45.5	-60.5
PLATE1	1	HC-236K	29627	-1280	-1275	37679	2548	19500	-907	24381	5602	18633	17572	1919	125	-625.5
PLATE1	1	HC-237K	12224.5	-230.5	-238.5	24383	7076.5	48070.5	119.5	16285	486	32582.5	30244.5	514.5	-53	8831.5
PLATE1	1	HC-238K	45939.5	-375.5	-339.5	45004.5	1629.5	46828.5	-248.5	25478.5	1663.5	26847.5	3783	661.5	720.5	-100.5
PLATE1	1	HC-239K	20151	-657	-710.5	12165	42	36825	-414	6448.5	1850	28864	15154.5	1017	-325	-141
PLATE1	1	HC-240K	85145.5	7311	-937	48479	-483	67719	-282	37393	10945	51387	30858	1213	-80	-820
PLATE1	1	HC-241K	8587	991	-244.5	26490	368	37952.5	-90	21689	9614	23422.5	12659	585	-46.5	-93
PLATE1	1	HC-242K	1	-327	-344	221	619.5	53277.5	-19	-114	648	36865.5	20363	577	-110	-236.5
PLATE1	1	HC-243K	25234	257	-232	21539	1208	38304	79	16132.5	10634	27230	24070.5	473	449	-159
PLATE1	1	HC-245K	23074	2732.5	-411	27157	461	34684	-100	14551	20074	30498.5	17690.5	603	-162	-252
PLATE1	1	HC-246K	6523	5177	-12	37865	4248	48837	671.5	17484	18032	40112	23392	239	98.5	52.5
PLATE1	1	HC-247K	37607.5	-198.5	-190	23282.5	2227	27137.5	29.5	9799.5	866.5	21709.5	14765.5	439.5	-13	-96.5
PLATE1	1	HC-248K	48282.5	1540	234.5	97073.5	3795.5	95887.5	2260.5	55662	18105.5	78346.5	65014	302.5	249	-16.5
PLATE1	1	HC-249K	25001.5	-27.5	-64.5	10718	444.5	25515	205	25423	4435	12498	9052	215	210	57.5
PLATE1	1	HC-250K	24393	90.5	14.5	55962	1523.5	48104.5	171	33768	224.5	36995.5	47488.5	321.5	67	12.5
PLATE1	5	BACKGROUND0	71	42	67	21	48	87	184	30	40	11.5	62.5	177	120.5	129.5
PLATE1	1	MBL-125	421.5	1834.5	6989.5	322	757	20039.5	432	140	9025	10902	19299	432	187	63.5
PLATE1	1	MBL-126	-404.5	13759	-507	16481	-291	32858	-247	-536	6024	18899	24658	1060	-526	-531
PLATE1	1	MBL-127	82	73	42	126	1209	77258	499	19	4227	23163.5	35458.5	205	5224	94
PLATE1	1	MBL-128	608.5	-41.5	6.5	896.5	31857.5	102511.5	730	-157	634.5	29633.5	58305.5	1319.5	21695.5	-114.5
PLATE1	1	MBL-129	-1327.5	7127.5	-1623.5	454.5	2138.5	21285	-1510	-494.5	2028.5	35552.5	17943.5	2129.5	341.5	-740.5
PLATE1	1	MBL-130	774.5	1480.5	10738.5	36	391.5	46762.5	200	47.5	8374.5	35358	25070.5	385.5	588.5	50
PLATE1	1	MBL-131	3.5	93241.5	-22	76	133410	131642.5	11189.5	-35	33673.5	115048	120910	462	2744	29111
PLATE1	1	MBL-132	-1.5	-28	-54.5	104.5	8865.5	42742	99.5	-21.5	7538.5	42776	22555.5	300.5	538.5	-20.5
PLATE1	1	MBL-133	364.5	1227	-235	181	2247.5	67744.5	-32	-150	34077	97512	84214	571	347	-42
PLATE1	1	MBL-134	2032.5	825	31	393	26057	29581	797	35	841	11738	18849	220	227	2439
PLATE1	1	MBL-135	-1532.5	-1862.5	-2074	682	33238	83990	-641	-1422	56527	49638	66882.5	2437	262	-1622.5
PLATE1	1	MBL-136	25	33233	-57	111	689.5	52177	204.5	-32	31180.5	18794	27371	252	24	4939
PLATE1	1	MBL-137	52	48755.5	-21.5	101	1267	76641	322.5	-14	37898.5	50946	50592	240	36	6442
PLATE1	1	MBL-138	1289.5	41179	-835	-75	1510.5	26193	-552	-606	1921.5	20947	18027	1065	-221	-581.5
PLATE1	1	MBL-139	233	59	14	212	87443	86531	11483	41	44834	630	20552.5	307	1475	2236.5
PLATE1	6	BACKGROUND0	86	14	7	39	148	5963	78.5	-36	18	-83.5	-34	326	5	48
PLATE1	7	BACKGROUND0	50	64	30.5	31	37	51	141	32	39	10	54	100	78	87
PLATE1	8	BACKGROUND0	65.5	69	43	59	46	47	96	36.5	30.5	174	24	127	86	125
PLATE1	9	BACKGROUND0	61.5	36.5	49.5	51.5	44.5	56.5	83.5	27.5	39.5	166.5	54.5	115.5	97.5	114
PLATE1	10	BACKGROUND0	52.5	34.5	25	23	31	42	60	7.5	32	65	14.5	140	58	93
PLATE1	11	BACKGROUND0	70.5	67.5	55	53.5	76.5	98.5	93.5	47.5	41.5	326.5	103	111.5	84.5	122.5
PLATE1	12	BACKGROUND0	58	70.5	41	65	53	68	75.5	36.5	69	218	245	143	98	108
PLATE1	13	BACKGROUND0	24.5	41	28	32	42	55.5	70	23	-2.5	121	419	114	100.5	71.5
PLATE1	14	BACKGROUND0	14	33	6	-11.5	6.5	39.5	37.5	-0.5	-1.5	31.5	3.5	158.5	50.5	49.5
PLATE1	15	BACKGROUND0	11	47	14.5	28.5	24	18.5	40	10.5	37.5	-5	-17.5	87	75	75
PLATE1	16	BACKGROUND0	60	55.5	29.5	61.5	165.5	458.5	113	16	38.5	671.5	517.5	105.5	86.5	105.5
PLATE1	1	MBL-151	-1590.5	-2365.5	-2325.5	376	-502.5	28925.5	-1988	-1419	32404	39566.5	18752.5	2643.5	-2002.5	-2226.5
PLATE1	1	MBL-152	1748	14371	-2	9285	23580.5	36309	20524	2866	7024	21072	15497	210	1691.5	735
PLATE1	1	MBL-153	5333	13500	4	4245	18255	22543	15950.5	688	6925.5	14171	9709	221	5036.5	2199
PLATE1	1	MBL-154	858.5	2280.5	261.5	1215.5	48660	70238	53815	-3.5	47302.5	55776.5	27172.5	267.5	1726	4582.5
PLATE1	1	MBL-156	2914	376	138.5	17600.5	9999.5	31982.5	12893.5	13674	12145.5	11341.5	5309.5	350.5	513	9158.5
PLATE1	1	MBL-157	17747	-89.5	-76	27783.5	26129.5	36793	22035	28194	1824	6066	14235	638	846	2892
PLATE1	1	MBL-158	97	16992.5	230	36	29298.5	37100	14239.5	14	122.5	35594	12581	172	381.5	139.5
PLATE1	1	MBL-159	25886.5	-62	-42.5	18621.5	12201.5	86071	484.5	3270.5	16671.5	71860.5	75441.5	310.5	1300.5	628.5
PLATE1	1	MBL-160	-408	8363	-449.5	110.5	2174	25496	-91	-308	17809	11053	9032	667	-251	-284
PLATE1	1	MBL-161	33827.5	19617	-293.5	34272	95927.5	142756.5	65864.5	5114.5	2509.5	89404.5	68590	695.5	651.5	27.5
PLATE1	1	MBL-162	63425.5	250	-306.5	40616	5160.5	72424.5	174	9046.5	50698	43490	31127.5	624.5	-123.5	-277
PLATE1	1	MBL-163	-4127	-4688	-2496.5	-544	98277.5	130132	62044	-4288.5	32277	80246	43591	5428	14508	49704
PLATE1	1	BL763	-117.5	24461.5	-126	13	55072.5	69944.5	43	-159.5	499.5	64310	53772	413	-36	-61
PLATE1	1	BL764	34.5	42553	43899	179.5	536.5	97947.5	1904	237.5	7751	119639.5	86702	295.5	439.5	210.5
PLATE1	1	BL765	28	-40	-73	61	2312	41417.5	609	-63	13057.5	43391	5210	245	967	125
PLATE1	1	BL766	3420.5	162.5	-42.5	15128	38467.5	43543	4995.5	49.5	11524	36335	15756.5	514.5	6696.5	3610.5
PLATE1	1	BL767	600.5	11678.5	730	73.5	70743.5	177996.5	103350.5	-65.5	477.5	625.5	151970	332.5	408.5	9898.5
PLATE1	1	BL768	745	25915	137.5	296	20669	43239.5	10827	-6.5	20452	23394.5	11011	305	1704	2528
PLATE1	1	BL769	217	4152	-6	38	25783	53429	1523	8	4455	28292	22954.5	152	134	16454
PLATE1	1	BL770	23	29871	45.5	5271	41013.5	92153.5	5345.5	39.5	18568.5	50.5	36212	135.5	454	21055
PLATE1	1	MBL-059	-983	-1265.5	-1172.5	1059	29462	19095	7008.5	2102	5435	10459.5	13164.5	1822	699.5	1386.5
PLATE1	1	MBL-108	-8	13204.5	-51.5	79.5	34942.5	79147.5	1766.5	-163.5	5808.5	38979.5	35557.5	1006.5	-197	-141.5
PLATE1	1	BL739	4705	37727.5	722	675.5	64609.5	78067.5	5299	-83	5573	69297	48460	901	2289	1386
PLATE1	1	BL654	429.5	17499.5	338.5	125	23053.5	30113.5	18115	115.5	1336.5	7123.5	19004.5	155.5	1410	12786.5
PLATE1	1	BL671	2255.5	-2134.5	-2638	-441	17445.5	34553	11529.5	-2023	13762	22429	5804	2844	-2195	3019
PLATE1	1	BL683	784	519	170	287.5	35653	46339	5148	117	5124	20997	32334	216	19013	9063.5
PLATE1	1	BL701	3776	730	122.5	68.5	36377	48717.5	28108.5	27	1144.5	28610.5	27618	119	388	1163
PLATE1	1	EBV-MALE-NEG	125	-58	-5	340.5	616	52625	73	108.5	2163.5	162	711	294	10531.5	464
PLATE1	2	EBV-MALE-NEG	81	-105.5	-48.5	264.5	475	40939.5	34	86.5	1701	114	586	312	10050	357
PLATE1	1	EBV-FEMALE-NEG	-493.5	-531	-517.5	-226	2383.5	5765	-481	-404	36836.5	13	145	686	331	1483
PLATE1	2	EBV-FEMALE-NEG	-474	-489	-500.5	-145.5	2183.5	6807	-445	-424.5	32602.5	252	292.5	643	352.5	1298.5
