Plate	Inplatecount	Sample	IgA1_RBD alpha	IgA1_N	IgA1_RBD beta	IgA1_RBD omicron	IgA1_RBD lambda	IgA1_RBD gamma	IgA1_zebra	IgA1_Eadp501	IgA1_RBD delta	IgA1_RBD wuhan	IgA1_AMA1	IgA1_MSP1	IgA1_HRPII	IgA1_Tetanus	IgA1_HCoV-229E	IgA1_HCoV-NL63	IgA1_HCoV-OC43	IgA1_pp28	IgA1_pp65	IgA1_EBNA1	IgA1_VCA	IgA1_FL spike	IgA1_BSA	IgA1_CelTos	IgA1_CSP	IgA1_HCoV-HKU1
PLATE2	1	BACKGROUND0	2.5	-3	9	13	-2	26	20	-9	18	33	32.5	-1	35	-11	40	72.5	50.5	20	14	-3	5	1	73	103.5	86	-5
PLATE2	1	AF-MIX-S1	-1561	264.5	-2852	-2752	-2653	-2444	-2738	-2426	-1788	830	1191	-1500.5	-2524.5	-1813.5	4260	2675.5	5767.5	1426.5	-924.5	1499	4814	-449	3239	960	-192.5	3121
PLATE2	1	AF-MIX-S2	-495.5	-8.5	-768.5	-770.5	-756	-633	-653.5	-555.5	-550	169	360	-398.5	-500	-348	1212.5	592	1640.5	287	-72.5	186	1685.5	-171.5	936.5	161.5	-26	509.5
PLATE2	1	AF-MIX-S3	-681	-70.5	-1018	-1032.5	-999	-866	-910	-710	-749	267	407	-534	-665	-408	1696.5	852.5	2306	438	-26	264	2099	-243	1237	325.5	-97	829.5
PLATE2	1	AF-MIX-S4	-207	7	-248	-259	-245	-204.5	-191	-154	-175	63	121	-126	-107.5	-114	415	245	557	76.5	-37	47	503	-82	365	111	21	148
PLATE2	1	AF-MIX-S5	-52.5	8.5	-83	-97	-82	-43.5	-41.5	-42.5	-44.5	72	95.5	-38.5	-3.5	-33	192.5	144.5	253.5	63.5	28.5	53	187.5	-13	178.5	164.5	89.5	70.5
PLATE2	1	AF-MIX-S6	-47	-2	-64	-55	-48	-29.5	-20	-54	-23.5	54.5	64	-37.5	8.5	-38	95	109	122	50.5	4	12.5	91	-20	146	149	61	23
PLATE2	1	AF-MIX-S7	-50	-32.5	-42	-40.5	-45	-23	-37	-54	-30	15.5	53	-51	0	-51	44.5	64	63	4	-16	-2	24	-26	132	133	52	-21
PLATE2	2	BACKGROUND0	-8.5	-11	-8.5	-17.5	-1	15.5	6.5	-21	18	9	28.5	-15	31	-28	26	47	31	-5	-6	-5	-9	-4	88	95	89	-12
PLATE2	2	AF-MIX-S1	-1673.5	-231	-2729	-2692	-2598.5	-2357	-2652.5	-2334.5	-1808.5	794	1181.5	-1502.5	-2407	-1854.5	4161	2585.5	5772	1158	-847	1297	4269	-444	3159	590	-494	2920
PLATE2	2	AF-MIX-S2	-1198	-119	-1727	-1728	-1666	-1511	-1585	-1371.5	-1264	400.5	623.5	-965.5	-1359	-878	2571	1378.5	3654	463	-437	706	2888.5	-444.5	2010	167.5	-403.5	1405
PLATE2	2	AF-MIX-S3	-767.5	5	-1060	-1066.5	-1014	-899	-914	-743.5	-801	152.5	477	-552	-712	-465	1797	819	2404.5	311	-74	301.5	1984.5	-260.5	1264	181	-138.5	781
PLATE2	2	AF-MIX-S4	-148.5	40.5	-181.5	-202.5	-196	-157.5	-132.5	-93.5	-120	95.5	170.5	-87.5	-31.5	-64.5	434.5	255	569.5	111.5	24.5	81.5	477	-8	305.5	164.5	88	161.5
PLATE2	2	AF-MIX-S5	-95.5	-1	-94	-117	-114	-80	-66	-67.5	-70.5	64.5	109	-66	-32.5	-57.5	177.5	136.5	263	28.5	-19	29.5	191	-29	214	129	59	48
PLATE2	2	AF-MIX-S6	-46.5	-3	-59	-62	-44	-30	-21.5	-46	-26.5	46	70	-44	7	-37	139	112.5	160	56	-7	35	90	-3.5	144	144	80	16.5
PLATE2	2	AF-MIX-S7	-33	-27.5	-38	-52	-45	-18.5	-11.5	-45.5	-20	23.5	64	-28.5	6	-35.5	55	72.5	72.5	28	-15	15.5	50.5	-5	127.5	138.5	66.5	-17.5
PLATE2	3	BACKGROUND0	3.5	4.5	20	25.5	21	35.5	26	-6	30.5	22.5	32.5	3.5	53.5	5.5	32.5	77.5	34	12	14	5.5	-0.5	13	65.5	99.5	88.5	-3.5
PLATE2	1	POST-VACC-S1	4175	-95.5	5639.5	-1476.5	4651.5	4195.5	-370.5	-1333	4051	4443	1794.5	-1632.5	-1630	-1566.5	1858.5	4428.5	10001	1362.5	-396.5	-155	1397.5	1613.5	3287.5	1822.5	419.5	6764.5
PLATE2	1	POST-VACC-S2	4727	81	3261.5	-409.5	3940	2737	-177.5	-284	5595.5	3343	296	-455.5	-263	-224	698.5	1076	3915.5	311.5	-103	330	1372.5	766	909	325.5	38.5	1164.5
PLATE2	1	POST-VACC-S3	1969	-1	526	-134.5	638	726	-45	-68	1739	1218	71	-108	-24	-32	162.5	202	876.5	68	-31.5	49	260	145.5	257	149	71	140
PLATE2	1	POST-VACC-S4	589	-6.5	114	-38	189	151.5	-1	-18	531.5	534	66	-38	18	-32	65	122	276	16.5	1	18	59.5	56	134	135	76	26.5
PLATE2	1	POST-VACC-S5	65.5	7	22.5	10	30.5	66.5	15.5	-5	82	80.5	27.5	6.5	23.5	-13	41	89	82.5	12.5	21	-8.5	-0.5	10.5	82.5	125	100.5	3.5
PLATE2	1	POST-VACC-S6	22	-4	16.5	-3	15	38	18	-5	35.5	42	29.5	-9	41	-10	29.5	66	45	19	15	-4	2.5	8.5	78	119	96	-2
PLATE2	1	POST-VACC-S7	20	-1	29.5	19	10.5	43	29.5	-0.5	29.5	22.5	23	11.5	56	-4.5	42.5	66.5	40.5	21.5	22.5	-12.5	-2.5	0.5	72.5	97	102.5	-0.5
PLATE2	4	BACKGROUND0	31.5	18.5	31.5	24.5	17.5	49	33	4	34.5	34	33.5	13	49.5	-4.5	42.5	81	43.5	19.5	28.5	-0.5	15	-1.5	57.5	118.5	125.5	4.5
PLATE2	2	POST-VACC-S1	5916.5	149.5	5972.5	-1051	5380.5	4796.5	-368	-991	5556	5098	939.5	-1259.5	-1104	-1011.5	1729	3473	8675	1130	-514	144.5	2344	1106	2390	1401	149	5095.5
PLATE2	2	POST-VACC-S2	5527.5	22.5	3213.5	-494.5	4447.5	2973	-300.5	-369.5	5791.5	4214	423.5	-584.5	-383.5	-361.5	762	1301.5	4607	347.5	-121.5	360.5	1321.5	636.5	1125.5	513.5	48.5	1631.5
PLATE2	2	POST-VACC-S3	1233	-2.5	147.5	-110.5	457.5	494.5	-16.5	-51	1332	868	79.5	-90.5	-16.5	-56.5	154.5	262.5	823	78.5	-39	34.5	237.5	106.5	233.5	161.5	49.5	108.5
PLATE2	2	POST-VACC-S4	182	-7	60.5	-41	83.5	92	0	-30.5	211	196	23.5	-38	24	-34	51	116	210.5	2	-1	11	54	36	126	133	56	7
PLATE2	2	POST-VACC-S5	69	8	34.5	-7	31	61	27	-3.5	112	97	45	-4	38	-21	33.5	78.5	102.5	20.5	5	11	17	24.5	83	121.5	84	3.5
PLATE2	2	POST-VACC-S6	10.5	-7.5	10	-16	1	41	16.5	-15	28	23	20	3	39	-15	31	68.5	41	10	6	-2	-5.5	-18	81	104	92	-3
PLATE2	2	POST-VACC-S7	17.5	8	18	12.5	17.5	47	30.5	-7	30	23	33	7	47	-2.5	48	74	61	11.5	12	7	7	6.5	62	111.5	97	-6
PLATE2	5	BACKGROUND0	8	11	3.5	-4	4	42	17.5	-2	32	34	54	14	40	0	78	93	827	23	19	10.5	46	14	84	121.5	106	35
PLATE2	1	HCAM-002-S1	-2674	-2916.5	-2297.5	-2421	-2579	-2404	-3323	-3387	-2767	529.5	1333	-1467	-3264	-2658.5	4764.5	3355	6073	7745	34	370	4508.5	852	3823	789.5	342	1414
PLATE2	1	HCAM-002-S2	1076.5	-359.5	-225	-462.5	12.5	-196.5	-549	-584	961.5	1282	148	-345.5	-495.5	35.5	1800	680.5	1445.5	1263	112	118.5	2366.5	212	830.5	209.5	-66.5	104.5
PLATE2	1	HCAM-002-S3	329	-48	-64	-93	-16.5	-22.5	-73.5	-96	302	351	75	-67	-48.5	125	386	182	234	188	0	9	494	5.5	214	123.5	66.5	3.5
PLATE2	1	HCAM-002-S4	71	4	-5	-13	-0.5	34	-2.5	-16	70.5	78.5	70	-19	11	55	147	107.5	273.5	91.5	19	20.5	124	17	107	118	94.5	4
PLATE2	1	HCAM-002-S5	12	9	11	2	18	30	9.5	-9.5	35	25.5	30.5	-7	43	1	68	80.5	59	22	9	-6.5	46.5	18	80	107.5	87	-7
PLATE2	1	HCAM-002-S6	3.5	3	6.5	8.5	6	41	30.5	-17	19	5	12	-6	46	-9	55	82	51	6	12	1	10	3.5	73	84.5	87	-4.5
PLATE2	1	HCAM-002-S7	14.5	6	24	16.5	16	40	41	-6	46.5	14.5	28.5	11	39	-0.5	62	80.5	50.5	25.5	25	1	13	21	68	111.5	116.5	21
PLATE2	6	BACKGROUND0	19.5	-5.5	12.5	24.5	18	43.5	24.5	-0.5	33.5	25.5	19.5	0.5	47.5	-2	36.5	80	43.5	19	2.5	0.5	15.5	-0.5	69.5	107.5	102.5	-1.5
PLATE2	2	HCAM-002-S1	-2049	-2433	-1501	-1905.5	-1760	-1811	-2836	-2911	-1988	552	921	-1236	-2766.5	-2137	4714	2939	4632	6084	-123	368	4492	548.5	3281	598	33	1185
PLATE2	2	HCAM-002-S2	1006.5	-391	-203.5	-488.5	-11	-135	-635	-621.5	997	1184.5	323.5	-359	-540	75	1976	809.5	1361.5	1452.5	52	149	2917	264	890	248.5	-22	172.5
PLATE2	2	HCAM-002-S3	478.5	-95	-77	-149.5	-35	-48.5	-125	-128	299	408.5	42.5	-110.5	-81	121	391	172.5	234.5	206	-16.5	-30.5	379.5	30	247	83	23.5	-21
PLATE2	2	HCAM-002-S4	80	-14.5	-27	-21	-12	11	-9.5	-38.5	50.5	91.5	30.5	-18.5	6.5	50	166.5	90	95.5	68.5	20	-4.5	131.5	10.5	120.5	95.5	77	-8.5
PLATE2	2	HCAM-002-S5	6.5	-6.5	6.5	-2	15.5	43.5	18.5	-9.5	30	42.5	38.5	5.5	34	12	70	91.5	58.5	49.5	13.5	0.5	34	6.5	76.5	100.5	92.5	1
PLATE2	2	HCAM-002-S6	14	23	24	14.5	15	55.5	29.5	2	28	23	35.5	12	46	5	68	84	52	18	29	0	15	8.5	64	111.5	109	1
PLATE2	2	HCAM-002-S7	8.5	-5.5	7	11.5	17.5	29.5	21	3.5	19.5	2.5	26.5	5.5	43.5	-9	34.5	73	33	4.5	18	-9	-0.5	-4.5	70.5	94	88.5	-7.5
PLATE2	1	HC-101K	2247	-1397	-826.5	455.5	4395	-502.5	-2294.5	-2054.5	12658.5	6144.5	1513	-851.5	-2222	-1844.5	1512.5	2378.5	63447.5	890.5	-1139.5	458.5	2520	757.5	2829.5	687.5	2416	40520.5
PLATE2	1	HC-102K	1030	-306	106.5	-201.5	-395	204.5	-988	-730	2028	1045	1925.5	60.5	-912	-487	6961	8158.5	10454.5	734.5	-11	-20	2825	12	1507	678.5	2307	4941.5
PLATE2	1	HC-103K	-1328.5	-1517	-2539	-2376	-2565.5	-2265	-2838	-2680	-661.5	2585.5	76.5	-1960	-2742	-2724	-870	2657.5	8760.5	-33	-2303	-131	4487	-595	3486	1428	-987	144
PLATE2	1	HC-104K	782.5	-749	-504	-12	-770	-461.5	-1162	-785	2006	899	1132.5	-892	-1043.5	-1052	-389	907.5	7485	344	-676	261	790	400	1557	822	-332.5	225
PLATE2	1	HC-105K	773	-969	-275	-264	-664	-611	-1331	-1164.5	2344	2190	572	618.5	-1243	-1300	1154	3128	2000	300	-891.5	-18	2045.5	945.5	1663	578	-281	2344
PLATE2	1	HC-106K	507	4486	422	-913	-591.5	59	-1114	-914.5	2058	916	669	145	-972	-868.5	7322	10218.5	4304.5	2077	-432.5	-72.5	2444	-46	1593	586	518	10535
PLATE2	1	HC-107K	7092.5	-141.5	6521.5	-174.5	6195.5	5042.5	-825.5	-517.5	11246.5	5309	191	139.5	-743	-623.5	2816.5	1441	3815.5	1393.5	-440	212	1643.5	1054.5	1200.5	612.5	5611	263.5
PLATE2	1	HC-108K	262	2703.5	-703	30104.5	-377	-381	-1065	-982	832	755.5	1356	2.5	-872	-944	-437	343	492.5	1415	57	2181	1554	133.5	1742	531	-121	-51
PLATE2	1	HC-109K	11392	-800.5	4699.5	-605	7751	4318.5	-1109	-1130	12958.5	8000	-75	-902.5	-1062.5	-1113	-270	4489.5	5421	2362.5	-741.5	-130	2015.5	977	1310	250	-595.5	3089
PLATE2	1	HC-110K	-6345	-8810	-7901	-9209	-7741	-8179.5	-9785	-9318.5	-3947.5	2453.5	4487	-7829	-9705	-8010	-4201.5	3966	-3779	46209	-8623	-2859	2523.5	-2300	10051	4376	-5488	-7880
PLATE2	1	HC-111K	1550.5	-820.5	8065	1566	992.5	5217.5	-1311	-810	2386	651.5	830	-335	-1204	-1206	605.5	2392	1086	7012	599	343	2478	-65.5	1703	297.5	-291.5	-234.5
PLATE2	1	HC-112K	5730	-217	1286	-465.5	4309.5	1008	-858	-646	11043.5	3934	1232	1051	-718	-730	428	2041.5	14507	797	80.5	-18.5	1017	715	1275	340	3433	-91.5
PLATE2	1	HC-113K	609	-598.5	-617.5	52	394	-165	-948	7	-219	838	1178	-203	-744	563	1177	566	8702	2636	-376	275	1639.5	129	1405	523	-236	654
PLATE2	1	HC-114K	-53.5	144	-357	-470	-412	-113	-513	-531	946	499	269.5	2458	-451	-531	-43	479	3188	875	-263	6.5	298	-102	785	1194	-77	-165
PLATE2	1	HC-115K	3941	-1207	710	-1484.5	424	698	-1728.5	-1020.5	7390	3249	1109	-893.5	-1633	-1630	-189	2107	4694	6893.5	-894	2758	3068	889.5	2066	1019	206	-316
PLATE2	1	HC-116K	-584	-463	-1349	-1127	-963	-1085	-1221.5	-924	-310	1224	450	350.5	-1259	-981	158	2089	1968.5	46.5	-1074	19	5668	-149	1637	1032	184	-1017
PLATE2	1	HC-117K	-298	28042.5	-437	-482	-962	-301	-965	-692	-181	319	-235	-516	-868	-904	3111.5	2639	10147	1042	-533	89	6889.5	-145.5	1254	252	-4	202
PLATE2	1	HC-118K	1605	-248.5	-42	599	819	433.5	-680	-668	14653	1654	-122.5	-157	-554	-549	43	1286	2586	610	-384	390.5	8784.5	207	932	701.5	23	3
PLATE2	1	HC-119K	-2250	-3056.5	-3615.5	-3655.5	-3292	-3333	-2585.5	-3592.5	-1207.5	3062.5	312.5	-3099.5	-3476	-3101.5	-2008	592.5	23328.5	-741.5	-3139.5	-873.5	5432.5	-457.5	4001.5	1160.5	-2299.5	-358
PLATE2	1	HC-120K	3618	-920	3083.5	87	3892.5	2606.5	660.5	-1314	3725	4082	718	-1174	-1532	-1489.5	1112.5	2588	8397.5	540.5	-869.5	-254	6885	1392	2086	792	-19.5	8081
PLATE2	1	HC-121K	-236	-462	-547.5	-559	-519	-344	-562	-567	-425	266	374	55	-344	-564	4453.5	3614	5798.5	21	-46	113	180	-75.5	769	234.5	-36	2835
PLATE2	1	HC-122K	710	40.5	-81.5	49.5	-194.5	-2.5	-476.5	-395.5	1002.5	1573.5	305.5	443.5	-373.5	-409.5	3585.5	3626.5	5469	2072.5	-214	246.5	1324	199.5	789.5	471.5	50.5	300.5
PLATE2	1	HC-123K	-1426.5	-1974	-2116.5	-1756	-1929.5	-1895	-2012	-1979	-1449	860	1026.5	-1215	-2039.5	-2076	559	3226	11863	-447.5	-930	-460	3596	-451	2358	852	-826	297
PLATE2	1	HC-124K	8689	-720	276	-489.5	-1070.5	190	-1121.5	-1060	-708.5	518.5	243.5	-497	-1024.5	-849.5	327.5	6661.5	22566.5	529.5	-500.5	3871.5	1174.5	-69.5	1435.5	1141.5	63.5	801.5
PLATE2	1	HC-125K	2239	-2509.5	-835.5	-2149.5	361.5	-1002.5	-3205	-2500.5	5687.5	4621.5	285	-2161	-3140	-3138.5	-1102.5	9798.5	1528.5	-138	-1018.5	-588.5	2471.5	278.5	3607.5	1171	-1367	-1723.5
PLATE2	1	HC-126K	588.5	1373.5	-500.5	-261.5	-263.5	-225.5	1202.5	-191.5	142.5	545.5	22	-380.5	-386.5	-192	3312	824	6617.5	301.5	572	111.5	5509.5	-151	818.5	342.5	146.5	1711
PLATE2	1	HC-127K	27812.5	-1157	9028.5	-773	7615.5	7253.5	-1991.5	-1923.5	33393	14696.5	123	-1183	-1888.5	-1491.5	-207.5	695.5	7390	3653	-1071	50671.5	5234	1647	2501.5	872.5	-262.5	5615.5
PLATE2	1	HC-129K	4377.5	233.5	2527.5	-325.5	3271	1415.5	-815	-819.5	4967.5	3944.5	288.5	-151.5	-795.5	-666	97	820.5	1148.5	4064.5	-404.5	220.5	1755.5	566	1090.5	521.5	39.5	-358
PLATE2	1	HC-130K	1150	-928	-1013.5	848	-968	-747.5	-1302	-1145	1355	1197	1031	2991.5	-1195.5	-1173	313	639	1232	1753.5	-760.5	-254	3106	-180.5	1673	445	1257	-390
PLATE2	1	HC-131K	-38.5	-557.5	-894	-981	-801	-737	-1030	-1049	788.5	1439.5	-71.5	-521.5	-963	-810	-46	333.5	5486	897	-688.5	-67.5	12311	-76.5	1332	506	-237	-262
PLATE2	1	HC-132K	37761.5	-1483	7559.5	-1149.5	13793.5	7861.5	-546.5	-2043.5	31677.5	25022.5	1664	-867.5	-2259.5	-2280.5	9042.5	26932.5	39956.5	43.5	5738.5	-608.5	5782.5	5787.5	2764.5	1304.5	-247.5	502.5
PLATE2	1	HC-133K	-669.5	-1071.5	-1263	-1270.5	-1272	-1131	-1171	-1259	-200	533	-157.5	200	-1214	-1258	572.5	699	9531	1315	-790	263.5	3280	-175	1629	2442	-469	482
PLATE2	1	HC-134K	11386.5	-647.5	2708	-646.5	3098	2614	-532.5	-655.5	12511.5	6389.5	796.5	713	-875.5	2616	622.5	773	29221.5	382.5	-638.5	-38	962.5	58	1355.5	715.5	173	144.5
PLATE2	1	HC-135K	3676	-799.5	1903	-1135	374.5	1773	-1214	-1213.5	2234	3418.5	1908	-737	-1163	-1191	-163.5	361	3207.5	567.5	-889	508	11707	290.5	1417	967.5	-347.5	-782
PLATE2	1	HC-136K	22	-238.5	-844	-471.5	-459	-266	-915	-238	-299	555	666.5	-863	-905.5	-781	1769.5	4202	8806.5	518.5	-419	3746	6007.5	-103	1280	935.5	83	3379
PLATE2	1	HC-137K	-7	-3798	-4696	-4759	-4740	-4546	-4807	-4752	-3546	2509	92.5	-1149	-4609	-4674	-1196	565	14901.5	1115	-2631	-362.5	3652	-907	5167	3931	2	731.5
PLATE2	1	HC-138K	-1078.5	5026	-1437	-490	-1717	-1327.5	-1141.5	-1052.5	7547.5	790	-263.5	-1131	-1850	-1829	52	1409	37014	304	-1185	-450	4014	221.5	2185	501.5	2080	3955
PLATE2	1	HC-139K	321.5	-783.5	-918.5	-919.5	-520.5	-330.5	-1004.5	-840	-345	575.5	-55.5	-639.5	-897	-945.5	263.5	869.5	1322.5	301.5	-476.5	-152.5	769.5	-217.5	1349.5	632.5	-336	-465.5
PLATE2	1	HC-140K	7017	-763	1398.5	-829	2526.5	1718	-1444.5	-1444	7398	6172.5	83.5	-436	-1322	-1367.5	-42.5	763	35790.5	151.5	-911	-192.5	3561	294	1865	711.5	-377	884
PLATE2	1	HC-141K	5823	196	520	-78.5	4063.5	783.5	-315	-458	13464	4760	176.5	-87	-503.5	-456.5	70	1464.5	18338	9112.5	-255	39767	2670	691.5	953	458	47	2
PLATE2	1	HC-142K	-705	-849.5	-1141	-993	-561.5	-984.5	-1070.5	-974.5	-693	502.5	246	107.5	-858.5	-1001.5	-354.5	234	15243	93.5	-657.5	17072.5	4443.5	-35.5	1337.5	534.5	-352.5	-199
PLATE2	1	HC-143K	-227	-92	-859	-765	-472	-430	-866	-834	-234.5	656.5	611	122.5	-808	-730	-18.5	243	10243	273.5	-569	15	6675.5	-84	1132	576.5	-166	39.5
PLATE2	1	HC-144K	10079.5	-1769	3101.5	-1462	4046	2247	-2105	-2032	10458	8596.5	3913	-1184	-1992	-2012	10027	8547.5	7991	4561	-971	-212.5	3697.5	1194	2554	679	447	-800.5
PLATE2	1	HC-145K	-82.5	-761.5	-833.5	-777	-480.5	-284.5	-1193.5	-1116.5	336.5	905.5	35	-514.5	-1105.5	-1006.5	1223.5	1609	3563.5	170.5	-796.5	-27.5	1105	-218.5	1467.5	681.5	-314.5	-672.5
PLATE2	1	HC-146K	6568	3738	-424.5	1846	2740	18	246	-889.5	10148.5	3350	1133.5	-2	-1162	-1194	1001.5	823	9629.5	2221	223.5	1940	8010.5	307	1806	517	2819	464.5
PLATE2	1	HC-147K	363	-2440	-2637.5	-2726	-2029.5	-2349.5	-2876	-2802.5	1348	3288	581	5757.5	-2663	-2733	85	1446.5	16517	3229	-2029.5	-237.5	2181.5	753	3220	2275	1192	1470
PLATE2	1	HC-148K	-759	-800	-1125	-872.5	-1143	-980	-1202	-912	49.5	910	423	-711	-1146.5	-799	1477	1310.5	16963.5	261	-560	69	1423.5	97.5	1584	635	-573.5	1601
PLATE2	1	HC-149K	405	-546	-379.5	-326	-419	-208	-953	-897	3324	863.5	316	-509.5	-788	-668.5	-158.5	175	4791	365.5	218	-34	2992	694.5	1324	642	-311.5	-326
PLATE2	1	HC-150K	-420.5	200	-977	-982	-813	-663	-942.5	-947	-224	789.5	1	-88.5	-904	-916	2595	3092	443	459	-599	2089	5365.5	16.5	1259	770	-163	-356
PLATE2	1	HC-151K	1392	-673	-844	-574.5	-805	-648	-1106	-1025.5	-134	1399	1229.5	2674	654	-284	10385	15180	14604.5	1819	-477	88	1865	-69	1435	349.5	930	2383.5
PLATE2	1	HC-152K	118	3555.5	-861.5	-594.5	235	1774.5	5120	3542	937.5	601	1804	18425	10957.5	8721	1199	2776.5	16012.5	6646	2876	-212	1543.5	308.5	1746	1880	67	-323
PLATE2	1	HC-153K	6105	-872.5	-870	-944.5	2673	-749	-1968.5	-952	9227	6264	4442	1728	-1529	-1680	949	5085	24182	887.5	1886.5	-160	4604	2895	2759	1645.5	2012.5	3745.5
PLATE2	1	HC-154K	-544	-1303	-1825	-1786	-1609	-1364	-2010	-1724	-839.5	841	4029.5	-777	-1935	-1889	-116	258	10497.5	572.5	-1253	-218	1702.5	-238	2451	1188.5	284	123
PLATE2	1	HC-155K	1207.5	-927.5	-939	-1008.5	-455.5	-584.5	-1516.5	-1335.5	1764	1419.5	1714.5	304	-1499.5	-1284.5	528.5	4226	4072.5	2576.5	-2.5	-100.5	20767	-10.5	2011.5	778.5	380.5	1830
PLATE2	1	HC-156K	-1227	-2192	-2860	-2878.5	-2989	-2580	-3708	-2883	94.5	1355.5	8460.5	1568	-3528.5	-3551.5	1233.5	1785	1052	5034.5	-1946	-1143.5	3826	765	4210	1030	-891	-817
PLATE2	1	HC-157K	263	-494	-276	-400.5	-452.5	-440	-1100	-954	1042	835	630	3189	-1166	-1198	-8	836.5	5233	973.5	-637	-335.5	11951	752	1610	541	21	9413
PLATE2	1	HC-159K	9208	343	1220	279	4403	587	-601	-170	55228.5	10442	2846.5	5891	-518	-101	1245	6181	29534	1787	-284	2522	2874	3212	1226	930.5	3996	2798.5
PLATE2	1	HC-160K	-2497	-2913	-4485	-4661	-4315	-4118	-4455	-4107	-1641	2970.5	606.5	-3738	-3947.5	-3804	-2340	4565.5	-1524	150	-3916	638	2964	-1073	5113	3141	-428	-2916
PLATE2	1	HC-161K	-332	-956.5	-1449	-1432	-1337.5	-1048	-1270	-1517	-457	1529	1328	-683	-1565	-1336	-113	4341	10194	830	-874	262	32097	-114.5	2002	1093	-116	1867
PLATE2	1	HC-162K	11173.5	101.5	6310.5	16	10518	6570	-592	-163	25405.5	7126.5	556.5	254	-540	-261.5	23347	22432	30849	1576	99.5	22	6779.5	1537	895	270	228	1990
PLATE2	1	HC-163K	5906	-1020	3604	-173.5	4156.5	4235.5	-1426	-1301	17496	4416	413	1597	-1323.5	-1326	1180	5224	17290	327.5	-227.5	-365	1405	145	1761	1374	-484	17655.5
PLATE2	1	HC-164K	-7347	-7433.5	-8011.5	-7815.5	-8063	-7861.5	-8101.5	-7896.5	-6264.5	2361.5	787.5	-5737.5	-7679.5	-8044.5	-5946.5	-73	-476.5	-2230.5	-6184	-2198.5	3597	-1412.5	8476.5	5515.5	153.5	-6738.5
PLATE2	1	HC-165K	8991	17	3796	136.5	3510	2364	-871	-383.5	16986.5	6451	556	330.5	-773	-750	4496.5	7760	36643	17112	-526	4297	7027	557	1298	580	633	-146
PLATE2	1	HC-166K	-237	-555.5	-698	-671	-627	-89.5	-706	-667	134	963.5	1739.5	-363.5	-728.5	-681.5	242.5	9080	6222.5	653.5	2073	-120	3853.5	-232	1014	542.5	-118	-67
PLATE2	1	HC-167K	395	3	-103	-77	-166	58	-263.5	-124	475	626.5	168	26	-184	-207.5	134	1449	23226.5	544	-68	311.5	728	62.5	593	257	-61	5377
PLATE2	1	HC-168K	9921	-695	2802	1184	5624	2029	-1131.5	-1051	13089	7118	-67	-506	-1056.5	-967.5	1052	686	5407.5	262.5	-648.5	-164	4219	695	1418	341.5	-359	-269
PLATE2	1	HC-169K	3375	-85	415	-8.5	3316.5	652	-214	-288	17209.5	2572	686	345	-243	-227.5	120	333.5	4758	792	31	139	4021.5	527	492	252	209	-100
PLATE2	1	HC-170K	1109	-274	-175	-658	215	-142	-774	-684	4293	1153	711.5	941	-621	-663.5	2464	210	9911	346.5	-469	1209	4840	-8	1090	345.5	-116.5	-38
PLATE2	1	HC-171K	3530	-484	-1058	-1016	-840	-914.5	-1091	-1026	1058.5	2238.5	223	-571	-983.5	-941	1030	20925	30073	2317.5	-136	2090	1164	-83	1419	273	-63	2516.5
PLATE2	1	HC-172K	955.5	-1297	-1353.5	-1219	-1387.5	-1185	-1488.5	-1177	207.5	932.5	207.5	-1223.5	-1388.5	-1437.5	3226	320.5	986.5	883	-803.5	-126	2906	-452.5	1828.5	634.5	-165.5	-951.5
PLATE2	1	HC-173K	3093.5	-1659.5	604.5	-1289.5	-1303.5	265.5	-1845	-1203.5	153.5	3524	213	-1138.5	-1757.5	-1415.5	4648	6876.5	8963.5	-251	-1208.5	-226.5	6503.5	750	2158.5	1148	-838.5	12911.5
PLATE2	1	HC-174K	1744	228	-40	-1106.5	-807	262	-1667	-1573.5	1064.5	958	-507	-1724.5	-1605	-1384.5	163.5	554.5	30030	1439.5	-651	911	1919	-190	2285	3278	-387.5	17818
PLATE2	1	HC-176K	11447.5	-1150.5	3496.5	946	6649.5	2529.5	-1392	-1691	16909.5	8292.5	1209.5	-1327.5	-1705.5	9.5	2637.5	4646.5	5888.5	-286.5	-129.5	-521.5	16178.5	1274	2186.5	495.5	1835.5	-463
PLATE2	1	HC-177K	-199	-640.5	-850	750	-708	-532.5	-1188.5	-772	-243.5	713	-70.5	-1029.5	-1033	-1122.5	2054.5	29942	4211.5	418.5	-461.5	-240.5	2562	-147.5	1561.5	493.5	-136.5	-659.5
PLATE2	1	HC-178K	4429	-365	1273	-761.5	870	1998	-839	-811	4084	3091.5	391	-604	-732.5	-685.5	-272	481	1054	1651	-353.5	-23	2925.5	337	1134	335	-161	-499
PLATE2	1	HC-179K	2774.5	1201.5	-669	-219	-424.5	-208.5	-628.5	52.5	240	1111	527	95	-397	-392	1883	2874.5	4088	680	-109	345	3400	-282	979	716	2840.5	398
PLATE2	1	HC-180K	1017	-33	-238	-135	-73	-175	-676	-311	2672	921	-21	1056	-597	-446	10377	11357	13957	257	-382	-137	286	47	965	817	9758	-3
PLATE2	1	HC-181K	7050.5	-1484	445	-1093	3736	1102	-1700	-1803	18874	6534	2998.5	205	-1640	-1723	-417	653	4049	2730	-1231	-64	1499.5	2367	2189	855	464.5	295.5
PLATE2	1	HC-182K	3823.5	426	1157.5	-298	1171	1486.5	-1362	-1080	5813	3183	838.5	1487	-1284	-1190	8150.5	8156	13675	253	-365	284	5206.5	1811	1724	677.5	2276	-320.5
PLATE2	1	HC-183K	-982.5	-1321.5	-1566.5	-1497.5	-1479.5	-1371.5	-1538.5	-1508.5	-1174.5	516	315	2441	-1376.5	-1435.5	-129.5	1054	14281.5	145.5	-511.5	3.5	3371.5	-265	1834.5	198	-632.5	734
PLATE2	1	HC-184K	495.5	-482.5	-568	-875.5	-149	-192	-1393.5	-1086	328.5	650.5	5813.5	26	-1108	-1292	10460	2405	10372	658.5	-101	-224	17836	-124	1855	838	1181.5	-5
PLATE2	1	HC-185K	11016.5	-2923.5	4615.5	-2792	10178.5	3517.5	-3228.5	-3058.5	11198.5	9561.5	1384.5	-787.5	-3101.5	-2881	-2082	1357.5	819.5	-686.5	-2373.5	-155.5	4655	1829	3554.5	2806.5	-1023	-2284.5
PLATE2	1	HC-186K	2680.5	-151	-797	-1067	-217.5	-320.5	-898.5	-988	1585	1554	355.5	155	-652	-773	2988	993.5	3867	1870	-313	31.5	4501	-132.5	1415	775	1676.5	80
PLATE2	1	HC-187K	-332.5	-366.5	-799.5	-670	-802.5	-605	-864.5	-776	3016.5	332.5	820	1648	-723.5	-784.5	1059.5	108.5	1511.5	2151.5	-397.5	-162.5	2122.5	-145.5	1181.5	504	-201.5	-237.5
PLATE2	1	HC-188K	103728.5	-540.5	28783.5	353.5	20504.5	24643.5	-1201.5	-976	88062.5	40058.5	2636	-164.5	-1085.5	-1070.5	435	1316.5	5209.5	162.5	-600.5	-20.5	3434.5	-23.5	1496.5	1669.5	-590.5	1382.5
PLATE2	1	HC-189K	-352	-1744	-2145	-2176.5	-2081	-1576.5	-2328	-2222	-682	711	840	-1778.5	-2227	-2291	-240	1168	7376.5	2053	-1444.5	-81	22181	-275.5	2679	1139	-193.5	5609
PLATE2	1	HC-190K	-51	357.5	-879	-772	-649.5	-583	-1194	-663	818.5	891	5.5	1704	-1015	-902	-262	1447.5	6311	2397	93.5	3465	5214	628.5	1651	588	139	8752
PLATE2	1	HC-191K	-622	-932	-1787.5	-1826	-1373	-1071	-1819	-1545	-1109	1355	401	-1235	-1552.5	-1350	1472.5	3555	5771.5	1739.5	-1128	29	1778	-108.5	2366	1178	587	447.5
PLATE2	1	HC-192K	1581	51	952	32	910	1008.5	-8	-40	1476	1204	112	8	11	-48	60	87.5	1227.5	116.5	-2	12.5	103	210	146	127	178	136.5
PLATE2	1	HC-193K	-774	-719.5	-1570.5	-1565.5	-1608	-1443	-1612.5	-1613.5	-389.5	489.5	442.5	-828.5	-1495.5	-825.5	-89.5	225.5	1983.5	464.5	-580.5	-20.5	362.5	-197.5	1907.5	213.5	3121.5	-101.5
PLATE2	1	HC-194K	591	-119	197	-219	63	302.5	-418	-127.5	186	503	271.5	-56	-367	1455.5	184	240.5	891	239.5	-192	-39.5	644.5	536	654	340	172	-45
PLATE2	1	HC-195K	-3225	-3031.5	-3564	-3612	-3776	-3482.5	-4209.5	-4075	-3096	272	-26	-1929	-4098	3274	-1518	551.5	90831	-1316	-3348	-590	1879.5	11842	4560	562.5	-2465	6014
PLATE2	1	HC-196K	2206	-162	725	1722	1729	613	-723	-168	10295	2048	1527	60.5	-576.5	-436	301	1807	7843	535.5	134	279.5	9197	482	1089	460	28264.5	-218
PLATE2	1	HC-197K	1001	-121.5	-186	-524	574.5	37	-524	-567	395	709.5	470.5	3898.5	-477	-199	110	3753	21757.5	442	-245.5	22	25577	-8.5	861	624	57	4363
PLATE2	1	HC-198K	-3277	-3540	-4055	-3480	-3751	-3451	-4106.5	-3711.5	-3016	1722	299	-2071	-3969.5	-3687.5	-859	1083	454.5	25113	-3122	-21	3864	-1027	4481	2395	-2323.5	-3118
PLATE2	1	HC-200K	12872.5	-119.5	9362.5	397.5	12524	9208.5	-494	-478.5	14672	7786	1019.5	96.5	-557	-431.5	-93.5	1406.5	19986.5	523.5	-426	4.5	2195.5	2138.5	962.5	327.5	-242.5	-157
PLATE2	1	HC19-KC098	1144.5	1734	-8	-565	-265.5	-72	-659	-492.5	1033	658	35	3269.5	-519	-373	187	3253.5	2197	1122	-304.5	-102	953	-235.5	1106	370	1204	9647
PLATE2	1	HC19-KC099	2806.5	-366	-1224.5	-601.5	-1156.5	-120	-1485.5	-1335.5	-74	1591	-31.5	379	-1107	-1364	-78.5	1534.5	19448	1063.5	-503	-10.5	3299	-270	1969.5	1207	812.5	4811.5
PLATE2	1	HC19-KC100	1446	-332	838	-233	1530	1933.5	-195	-763	3473.5	572	375.5	-650.5	-827	-839	247	2925	9698	2313	-402	11	1375	-223	1206	591.5	-150	2330
PLATE2	1	HC19-KC101	1232	1380	-1301	-1597	-1084	-1000	-1721	-1709.5	1283	1478	1105	-724	-1607	-1642	960.5	3326	41237	5671	-814.5	3539	18160.5	-356	2125	1476.5	141	19715.5
PLATE2	1	HC19-KC102	-942.5	-798	-1768.5	-1603.5	-1444	-1225	-1695	-1351	-816	527.5	430	-926	-1538	-1626	-381.5	442.5	3592	1300.5	2201	458.5	2411.5	-340	2143	1453.5	292	1601
PLATE2	1	HC19-KC103	18	-817	-1203.5	-1113	-870.5	-949	-1241	-1031	-821.5	861	500	-196	-1141	-1201	962	1141.5	1706	1391	-735	99.5	1697	-188	1557	291	1291	-63
PLATE2	1	HC19-KC104	330	-426	-846	-839.5	-695	-581	-866	-798	121.5	726.5	793	-382.5	-707	-742.5	729	719	772	675	-499	176	2388	-178	1232	717	-112	138
PLATE2	1	HC19-KC105	-460.5	-103	-1551	-1514.5	-1287	-1123	-545	-750	-644	492	97.5	-386	827	704	1652.5	2913	3389	1859	1339.5	1252	3655.5	951	1820	1187	-78	6643
PLATE2	1	HC19-KC106	744.5	81	-349	-411.5	417	-74	1248	-338	1848	549	309.5	5864.5	-384	-391	248	2254	1144	435	-255.5	493.5	701.5	-25.5	710	625	346	788.5
PLATE2	1	HC19-KC107	477	97	-930	-929.5	-896	-708.5	-987	-990	-449.5	640	-59	-459.5	-931	-980	154	819	22321.5	1201	-642	-15	1670	-82	1292	342	-359	1243
PLATE2	1	HC19-KC108	349.5	714	-418	-309	-268	-225	152	-275.5	33	375.5	254	566.5	108	-219.5	8490	2647	22789.5	312	-114	415	3019	116	698	329.5	492	5148
PLATE2	1	HC19-KC109	199	-284.5	-1003.5	-889.5	-814	-504	-1051	-988.5	-351	561	456	-31.5	-914	-987	496	2916	11044	1450	973	296	1943.5	-37.5	1368	561	995	1680.5
PLATE2	1	HC19-KC110	89	-250.5	-379	-391.5	-257.5	-222	-415.5	-397.5	37.5	233	261	1380	-314.5	-368	99	859	2383.5	322.5	-257.5	30	339.5	-37.5	613.5	232	-49.5	1838.5
PLATE2	1	HC19-KC111	-263	1530	-1204	-955	-1000.5	-861	-1219	-1021	-813	432	538	742	-1085	-1097	933.5	13439	6030	1046	-684	1386	1064	-173	1614	673	69	977
PLATE2	1	HC19-KC112	15543	-31.5	-579	-604.5	92	-381	-881	-814	512	6734	871	1734	-703	-768	-323	2345	9682	281.5	942	1460.5	2371	-74	1221	833	4123.5	79
PLATE2	1	HC19-KC113	-942.5	-890	-1468	-1364	-1233	-1161	-1485	-1363	-219.5	495	451.5	2218.5	-1377	-1432.5	562	1909	6627	278	-861	-30.5	3103	-445	1727	693	670	-38
PLATE2	1	HC19-KC114	-140	-564	-1020.5	-983	-915	-691.5	-960.5	-946	253	500	504	1497	-824	129	390	4319.5	31443.5	1872	-562.5	325	3559	-157	1409	439	-239	10626
PLATE2	1	HC19-KC115	-1584.5	-2453.5	-2592	-2564.5	-2224.5	-1845.5	-2512	-2588.5	-1876.5	346.5	-343.5	-2308.5	-2718.5	-2601.5	-583.5	4329.5	14191.5	416.5	-1707.5	-401.5	4232.5	-780	3281.5	612.5	61.5	-714.5
PLATE2	1	HC19-KC116	-62	-771	-1479	-845	-689	-426	-1746	-1565.5	4194	1673.5	884	-94	-1689	-1374	-709.5	484	4996.5	15202	-32.5	59	3141.5	-256	2294	1352	-393.5	2636
PLATE2	1	HC19-KC117	-3570.5	794	-4874	-2564	-4506	-4497	-4939	-4037.5	-3189.5	2348	1.5	-2937	-4774	-4657	-2094.5	1351	4344.5	-1023.5	-3132	-629	8525.5	-1215	5368	3021	-2437.5	-313
PLATE2	1	HC19-KC118	-1456	-2648.5	-2930.5	-2828.5	-2178.5	-2343.5	-3251.5	-3151.5	-1857	2540.5	1381.5	-2339	-3197.5	-3198.5	-669.5	6354	22719	7387	-2211.5	588.5	3390.5	-477.5	3798.5	1758	-700.5	19723
PLATE2	1	HC19-KC119	259	684	-850	-662.5	-747	-684	-591	-731	-2	671.5	354	-490.5	-748	-699	1168.5	676.5	17265	1220	-594	-27	17722	-191.5	1054	2769	348.5	2980
PLATE2	1	HC19-KC120	-692	-902.5	-1248.5	-1978.5	-1564.5	-1334	-1873.5	-1919.5	-610.5	901.5	181	-1018	-1803	-1748.5	418.5	3624	2365.5	2219	-1149.5	158.5	6139.5	-311	2302.5	814.5	-59.5	3328.5
PLATE2	1	HC19-KC121	-930	-1202	-1709	-1609	-1538	-1148	-1675	-1654	-1511	598	-188	-79	-1577	-1620	-563.5	1506	41359	5762	-915	-301.5	3234	-280	2185	840	-254	31137
PLATE2	1	HC19-KC122	1180	543	-612	-537	30	120.5	-287	-210	86	591	388	2055	228	153	417	4491.5	6490	547.5	-29	101.5	828	-105	924	467	97.5	181
PLATE2	1	HC19-KC123	-183.5	-513	-713	-1134	-1077	-242	-1210.5	-793	-643	530	115	8747	-994	-1134	-31	1491.5	12319	680	-514.5	-53	1163	-120	1540	218	395.5	6306
PLATE2	1	HC19-KC124	652.5	34	-984	-952	-951.5	-847	-904	-793	-564	491	36	93	-832	-758	164	2884	20335	1010	-403	-32	4438	-254	1209	371	-53	6786
PLATE2	1	HC19-KC125	732	-253	-369	-254.5	-144	135	-564	-472	3539	1695	286	-474	-394	-329	2541	2586	6218	732	155	-122	358	-92	1022	659.5	-23	3169.5
PLATE2	1	HC19-KC126	2182.5	3458.5	-392	-366	-304.5	-70	-514.5	-359.5	240	1615	797.5	812.5	-342	-325.5	787	1072	9327	3444.5	5.5	235.5	696	76.5	836.5	547.5	450.5	3340
PLATE2	1	HC19-KC127	-9005.5	-9654	-9855.5	-9883.5	-9844.5	-9522.5	-7802	-9720.5	-9220.5	5430.5	-224	-7482.5	-9764.5	-9824.5	-5069.5	1442	1391.5	-4135.5	-7772.5	-112.5	3250.5	-3098.5	10274.5	6306.5	-6412	-8703.5
PLATE2	1	HC19-KC128	-737.5	-394	-950	-770	-935	-801.5	-844	-620	-746.5	446.5	484	-513	-740.5	-590	1364	2541.5	1288	1432.5	-448.5	198	833	-98	1244	479	-259	-199
PLATE2	1	HC19-KC129	-1409.5	-1562	-2052.5	-2115	-2137.5	-1732.5	-2138.5	546.5	-996.5	575	578	1313.5	-1813.5	-1899	-59.5	673.5	7930.5	22.5	-1017.5	-253.5	58676.5	-383.5	2820.5	649.5	517.5	-1349.5
PLATE2	1	HC19-KC130	-1098.5	-1835	-2385	-2037.5	-2105	-1892.5	-2097	-2297	-590.5	1861	2646.5	3513.5	-2177.5	-2250	91	1659.5	3337.5	1604	1715	430.5	29618.5	-103	2959.5	1181.5	274.5	-1137.5
PLATE2	1	HC19-KC131	-469	-544	-1389.5	-1346	-1120	-951	-1288	-1244	127	830	1126	1170.5	-1198.5	-1222.5	186.5	2172	11343	3721	11567.5	-182	2464.5	-221	1712	706	-244	1056
PLATE2	1	HC19-KC132	-1012	-1140	-1928	-1569	-1595	-1552.5	-1979	-1971.5	-987	583	-48.5	-833	-1845.5	-1840	-647.5	129	2300	377	6300	-245	841	-124	2350	551	-433	217
PLATE2	1	HC19-KC133	-525	-465	-1028.5	-420.5	-823.5	-793	-1128	-964	2534	647.5	848.5	-143	-981	-1075	-184.5	1421.5	7700.5	254.5	487.5	-95	1355	-122.5	1413	618.5	-207.5	181.5
PLATE2	1	HC19-KC134	-221	-92	-707	-142.5	-535	-597	-784	-750	239	1688	11053	7037	1550	-791	3033	4601	42849.5	869	-264	7590.5	46851.5	-112	1118	251	5281	2920
PLATE2	1	HC19-KC135	-322	-129	-1833	-1574.5	-1546	-1472.5	-1928.5	-1505	46	744	2091	-316	-1688	-1763	1964	2730	22986	1551	-1186.5	784	41396	-318	2354	1434	5412	406
PLATE2	1	HC19-KC136	-599	452	-1254.5	-1246	-377	218.5	-574	-169.5	-927.5	567.5	409	1669	1408	1470.5	-8	3928	2987	5496.5	-457	410	6963.5	-117	2054	955	15	-428.5
PLATE2	1	HC19-KC137	-848.5	-1514	-1736	-1798.5	-1620	-1628	-1806	-1820.5	-593	1062	615	-957	-1801	-393	2042	2457.5	7568.5	206	-1341.5	918.5	4996	-167	2147	831	-687	4997.5
PLATE2	1	HC19-KC138	-6115.5	-7087.5	-7336	-7305	-5493	-6979	-7300.5	-7249.5	-1931	3514.5	64.5	-5112	-7081.5	-7068.5	-5059.5	1160.5	20785	-1429	-3430.5	-1175.5	30561.5	-2195.5	7722.5	4039.5	-4149	-1414.5
PLATE2	1	HC19-KC139	246.5	313	66	-413	-50.5	140	-476	-476	905	404	3525	629	-388	-415	38	288	12048	644	3	1212	3692	-37	757	483	413	739.5
PLATE2	1	HC19-KC140	602	4191.5	-430	-544	-130.5	24	-504	-475	372.5	527	177	-333	-380	-470.5	3379	2210	5964	880	-227	122.5	7805.5	50	816	561.5	809	926
PLATE2	1	HC19-KC141	812	-228	-792	-811	-265	-669	-928.5	-328	574	590	3668	-180	-868.5	-825	233.5	9636	15610.5	721	1291	215	7535	-155	1382	238	897	1736
PLATE2	1	HC19-KC142	-882	-1377	-1640	-1083.5	-1463	-1343.5	-1519.5	-1249.5	-988.5	607.5	891.5	-265.5	-1422	-1475	1116	1847	2538.5	124.5	-1017.5	-175.5	6290.5	-347.5	1863.5	465.5	-122.5	-770.5
PLATE2	1	HC19-KC143	566	-537	-1041.5	82	-650.5	-622.5	-325	-511	1415	1522	84.5	1458	-810	-843.5	1421	2101	2609	5325	-444	58.5	3230.5	-197	1318	690	636.5	-244
PLATE2	1	HC19-KC144	-314.5	383	-593	-396.5	-518	-407	-331.5	-309.5	-243	88.5	600	338.5	-456	-483	484.5	3945	15100	379.5	-337.5	59.5	27601	-133.5	803.5	811.5	502.5	1233.5
PLATE2	1	HC19-KC145	227.5	-282	-848	-656.5	-943	-509	-990	-944	355	584	1586.5	1348	-839.5	-809	2920	7762	8628	807	-604	221	747	-106.5	1358	453	1283	2854
PLATE2	1	HC19-KC146	90	280	-363.5	-416.5	-443	-195	-440	-387	-28	306	437	848.5	-379.5	-210	687.5	737	3946	239	-175	383.5	484	-48	677	210	855	-101
PLATE2	1	HC19-KC147	-630.5	-779.5	-1044.5	-1075	-1032	-890.5	-1102.5	-1126.5	-656.5	278.5	308.5	-331.5	-1015	-1042	-162	824	4248.5	1108.5	-154.5	522.5	709	-140.5	1355.5	154.5	1338.5	217
PLATE2	1	HC19-KC148	-6751.5	-6715.5	-8636.5	-8788	-8504.5	-8447.5	-8743.5	-8683.5	-5713.5	2601.5	170	-5122.5	-8669.5	-8704.5	-1902.5	1431.5	24390.5	63235.5	-7427.5	-1364.5	6059.5	-2817	9365.5	4557.5	-3825.5	8816.5
PLATE2	1	HC19-KC149	-685	-1421	-2364	-2444	-1602	-1594	-2441	-2451	-611.5	870.5	648	242	-2355	-2243	-684	325	7124	141	-1481	58.5	3569.5	-242.5	2720	548.5	-889.5	-1079
PLATE2	1	HC19-KC150	-200.5	-359.5	-861	-800	-779.5	-737.5	-814	-756.5	-179.5	503.5	242	-451.5	-772.5	-800.5	385	435.5	9881.5	176.5	-454	45.5	292.5	-94.5	1077.5	385.5	408	-247.5
PLATE2	1	HC19-KC151	-847	1110.5	-1491.5	-1617.5	-1183.5	-715	-1595.5	-1645.5	-1213.5	391.5	398	-1000	-1663	-1442.5	-250.5	1105	2790	1387.5	-1131.5	449	1795.5	-70.5	2221.5	690.5	-239.5	311.5
PLATE2	1	HC19-KC152	-439	-1035	-1449	-1136	-1262	-1230	-1359.5	-1026	359	1312	398	595	-1320.5	-1333.5	112	377	5960	1439.5	-935.5	200	1000	-214	1748	687.5	-296	141
PLATE2	1	HC19-KC153	421.5	-276.5	-1227	-1079.5	-833	-608.5	-1470.5	-864	-376	1319.5	553	-796.5	-1307.5	-1127.5	268.5	862.5	2042.5	2158	-912.5	535	1457.5	196.5	1868.5	1241.5	204.5	-506.5
PLATE2	1	HC19-KC154	68.5	461	-265	-658	-691.5	427	-627.5	-790.5	-409	371	60.5	-624	-732	-693	515.5	213	1488	1843	1755	3958	9094	-240	1082	504	-107	-25
PLATE2	1	HC19-KC155	94	-422.5	-250	-985	-714	-291	-988	-891.5	2617	761	314	2899	-744	-856	1589	1821	5079.5	2572	-607.5	245.5	1769	-133	1393	473	423	-318
PLATE2	1	HC19-KC156	-838	-654	-1896.5	-1548	-1389	-1610	-1996.5	-1672	-662.5	1459	996	-1655	-2243	-2043.5	-830	1883	8942.5	6732	-1412	544.5	5209	-117.5	2790	4729	8285.5	28862
PLATE2	1	HC19-KC157	-369	50.5	-569	-541.5	-415	-408.5	-506	-484	-263	95	-30.5	-198	-425	-482	-77.5	336	2249	549	-297.5	22	574	-148	735	246	-20	139
PLATE2	1	HC19-KC158	-554	-561	-1098	-1085	-1098	-1001	-790	-1101.5	1237	402	184	-881	-1034	-1080	-38	1347.5	1411.5	461	-581.5	-60.5	1238.5	-345.5	1320	375	-49	328
PLATE2	1	HC19-KC159	15716	-106.5	-566.5	-482	103	-365	-837	-739	1853.5	6458	862	2395	-667	-771	-301	2109	9480	322	1167	1348	2180	120.5	1208	592.5	927	200
PLATE2	1	HC19-KC160	-467	-68	-823.5	-790	-669	-575	-883	-843	76	298	426	151	-804	-794	9923	12120	13122	555.5	-425	716	1052	-118	1158	639	-32	-139.5
PLATE2	1	HC19-KC161	-516.5	-607.5	-952.5	-791.5	-823.5	-726	-983.5	-873.5	-234.5	273.5	-25.5	-728	-917.5	-975	42.5	1833.5	3211.5	4015.5	-185	-47.5	1307.5	-246.5	1261.5	363.5	125.5	-107
PLATE2	1	HC19-KC162	-314	2211	-1079	-882	-883	-762.5	-1115.5	-947	-760	396.5	521.5	664	-992	-1000	973	13815	5413.5	1085.5	-670	1286.5	1242.5	-175	1437	505	223	1037
PLATE2	1	HC19-KC163	-190	-383.5	-476	-421	29.5	-338	-376	-323	1157	139.5	114.5	-36	-393.5	-320	-22	5890	8851.5	371	-206.5	143.5	2954	-82	726	381	326	3297
PLATE2	1	HC19-KC164	133	273	-24	-312.5	-121	1522	-974	-937	206	802	10681	4841	-746	-871	-73	1842.5	11689	665	-476	6848	51622	219.5	1368	2021	293	1748.5
PLATE2	1	HC19-NM057	-1490	-1680	-1840	-1790	-1662.5	-1486	-1893.5	-1819	-700	425.5	436	209	-1840	-1892.5	-885	-189	-162	48	3954.5	-317	3008	-255	2174	659	-764.5	1157
PLATE2	1	HC19-NM058	-7	-500	-1259	-1275	-1145.5	-1183	-1395	-1080.5	-406	1004.5	982.5	-345	-880	-1120	-376	10758	17245	3975	1650	448	7888	-270	1943	792	-406	3966
PLATE2	1	HC19-NM059	1337.5	-264	-565	-801.5	-684	-407	-841	-640	589	674.5	962	225.5	-261.5	-683.5	1562.5	1798	4154	1652	-385	761.5	732	-124	1163	332	-259	782
PLATE2	1	HC19-NM060	336.5	-799.5	-1326.5	-1649.5	-1458.5	-1148.5	-1680.5	-1591.5	-301.5	823.5	4192	5118.5	-1021.5	-1189.5	516	6156	29425	715.5	-906.5	2496.5	17658.5	-247.5	2032.5	641.5	-335.5	2463.5
PLATE2	1	HC19-NM061	-1005	-1161	-1336	-1248	-1244	-1204	-1292	-1112	-1051.5	313	462	-801	-1248	-1320.5	11	622	30273	101.5	-821	91.5	2162	-178	1539	349	2349	17786
PLATE2	1	HC19-NM062	-121	1321.5	-791.5	-812	-672.5	-519.5	-593.5	-681.5	-483	484	361.5	-441	-674.5	-674	-131.5	475.5	11010.5	673.5	-321.5	179.5	3315.5	179	1020.5	435.5	59.5	17321
PLATE2	1	HC19-NM063	929.5	-31.5	-684.5	-830.5	-868.5	-523.5	-861.5	-651.5	-179.5	731.5	995.5	-144.5	-773	-482.5	4760.5	4065	16864.5	767.5	-485.5	179.5	853.5	-153.5	1157.5	832.5	467.5	3091.5
PLATE2	1	HC19-NM064	-178	16609	-748	-648	-686.5	-592	-707	-514	-239	390	795	-286	-550	584	667	2211.5	4218	801.5	-374.5	1360	2029	-71.5	1001	452	19	512.5
PLATE2	1	HC19-NM065	-427.5	2591.5	-752.5	-496.5	-683.5	-545.5	-774.5	-379.5	-563	588	383.5	-414.5	-675	-688.5	-78.5	426.5	10317.5	1476.5	-394.5	3493	1824.5	-56	1019.5	465.5	-135.5	181.5
PLATE2	1	HC19-NM066	2974.5	3324.5	689.5	-242	-184	916.5	-514	-270	813	1390	517	181	-356	-343.5	486	8299	17565	3318.5	-52	149	17187	-105	960	673	107.5	474
PLATE2	1	HC19-NM067	-679	-707	-1270	-1392	-1108.5	-598.5	-1498	-1445	-484	687	886	-401	-1422	2070	2575.5	2139	39727.5	1057	1216	60.5	1005	-221	1896	870	-263	15577
PLATE2	1	HC19-NM068	-28.5	-149.5	-894	-826.5	-612.5	-455.5	-707	-413	1364.5	866.5	931.5	-451.5	-692.5	-698.5	49	864.5	10113.5	1511	-202.5	205.5	1251.5	-158	1211.5	777	117.5	602.5
PLATE2	1	HC19-NM069	716	-93	143	-190.5	-165	489	-370	-312	-128	707.5	322	432	-257	-252	537.5	7513	11139	1092	-158	861.5	4931.5	-54.5	676	360.5	15	1017
PLATE2	1	HC19-NM070	1292.5	-951.5	-1101.5	-1827	-1326	-813.5	-1596	-1738	-803.5	1193.5	1284.5	1473	-1614.5	3863	-296.5	2183.5	14280.5	1082.5	-310.5	392	1550.5	-266	2270.5	626.5	-369.5	4783.5
PLATE2	1	HC19-NM071	1039	-658	-779	-749	-758	-491	-865.5	-756	256	809	3169	-557.5	-739.5	-28	697	1658	1434	4330	-557	212	3061.5	146	1158	428.5	11952	-193
PLATE2	1	HC19-NM072	2846.5	-406	-68	16009.5	-1175.5	-892	-1369	-1001	-101	3160	1810	13282	-1163	-1251.5	1033.5	2186	1211	1619	-710	270	8633	-129	1772	696	638.5	655.5
PLATE2	1	HC19-NM073	235.5	-843	-1182	-1107	-1066	-924	-1218	-980.5	699	2548	3208	-263	-1117	-1143.5	107	1169	864.5	535	-654	1192	11927	-187	1542	781	2698	-85.5
PLATE2	1	HC19-NM074	4256	-383	-1428	-1605.5	-1582	-632	-1771	-1211.5	-106.5	1970	538	-1167	-1577	488	3364	3355.5	7920	1770	-768	2694.5	4841.5	-184	2215	966	-441	3112
PLATE2	1	HC19-NM075	673	-1389.5	-1527	-1185.5	-1709	-1220	-2040	-1891	599	1747	1614	-660	-1768	4299	4272	4723.5	8950.5	6459	-1163	1221	3014	574	2501	766	15	-994.5
PLATE2	1	HC19-NM076	-2473.5	-2566	-3123.5	-2941.5	-2524.5	-2844.5	-3079	-2795.5	-1992.5	1387	1014.5	-2334.5	-2902.5	-2876.5	2165.5	1447.5	35512.5	1705.5	-2002.5	-87.5	4391.5	31.5	3457.5	1120	-1133.5	40544.5
PLATE2	1	HC19-NM077	-667	-1860	-2427.5	-2427	-2369	-2191.5	-2474	-2309.5	-2153	3458	504.5	-1278	-2322	-2157	-692	5091.5	11657	3811	-1776	577	5804	623.5	2874	2098.5	1828	6486
PLATE2	1	HC19-NM078	-144	-600	-1232	-1244.5	-1011	-634	-1374	-1218	-702	813	762	234	-1157.5	-1204	619	2301	23130.5	737	-263	420.5	3049	14	1809	603	78	20283
PLATE2	1	HC19-NM079	-567	-458.5	-1917.5	-1528	-1679	-1438	-1942.5	-1793.5	-943	757.5	13213.5	-1413	-1794	-1479	-501	2143	15888	9341	-806.5	809	2242	-367	2385	881	283.5	3900
PLATE2	1	HC19-NM080	-559.5	-529	-1800	1837.5	-1064.5	-1167.5	-2299	-1360.5	-1654.5	1440.5	2532.5	-638	-2160.5	-2102.5	3334.5	4510	18053	818	5856	-253.5	4745.5	-318.5	2838.5	975.5	-916.5	9496.5
PLATE2	1	HC19-NM081	516	-364.5	-887.5	-567.5	-772	-656	-774	-684	-197	1412	546.5	21	-700.5	-624.5	-58.5	284	993	781	-327	253	1640	-9	1158	829	-270	3635.5
PLATE2	1	HC-251K	265.5	-1331	-474	-1753.5	-1750.5	352	-2107.5	-1437	2880	1843	1953	-510	-1842.5	-1865	-303.5	618.5	45530.5	5069	-1028	115	3491	474.5	2817	3437.5	-336.5	10289
PLATE2	1	HC-252K	828	-902	-1290	-1142.5	-1171	-1006	-1186.5	-1099	-549	1052	766.5	1113	-1177	-1225	-371	328	1507	638.5	-653	865	2357	83	1743	631.5	413.5	-380.5
PLATE2	1	HC-253K	14668	201	4570	-1001	8158	3745.5	-1470	-1452	17418	11606	646.5	704	-1446.5	-750	-12	2054.5	1896	416.5	-402.5	319	6234.5	2054	1861	707.5	71	-284
PLATE2	1	HC-254K	138.5	50	-221.5	-215	-246	123	-454.5	-260.5	1890.5	500.5	486	167.5	-439.5	-427.5	2788.5	3292.5	5520.5	1151.5	115.5	212.5	1099	-4.5	796.5	768.5	-137.5	6171.5
PLATE2	1	HC-255K	-1369.5	-1685.5	-1462.5	-1869.5	-1747.5	-1649.5	-2039.5	-1871.5	-376	1051.5	921.5	-579.5	-1907.5	-1965.5	-561	1066.5	133.5	450.5	-1436.5	67.5	26488	286.5	2408.5	990.5	-463	-971.5
PLATE2	1	HC-256K	8886	-286	7350	3077.5	8323	5854	-1757.5	-757.5	14707	7125	1629.5	1108	-1818.5	-1564	-440	1410	12975	6501.5	-880	5959	3508	1176	2514	2516	466.5	-472
PLATE2	1	HC-257K	1166	-204	-178	6077.5	113	870	2756.5	-1589	2860	3143.5	854	9226	-939.5	-1057	324	1561	45328.5	1111	-917	316	67307	211	2195	460	543	21087
PLATE2	1	HC-258K	2973	-1015	449	-106	825.5	966	-1780	-1353	3887.5	2774	3337.5	-129.5	-1621	-1501	-68	1293	9539	751	-1051	-62	3716	74	2243	1212.5	1992	1252
PLATE2	1	HC-259K	449.5	-249.5	545	255.5	-2.5	-80.5	-574	107.5	1249.5	462	3266	535	-459.5	-446.5	1459.5	2373	5410.5	485.5	-235.5	104	1259	11.5	928.5	795.5	321.5	-167.5
PLATE2	1	HC-260K	52	17583	-1915	-4002.5	-2432	-1085.5	-4429	-4508	14724.5	3442	320.5	-1271	-3943.5	-4327	-3070	5564	1207.5	-818	-3936	39321	55524	-230	5104	1432	-2222	-1038
PLATE2	1	HC-261K	7312	-1253	2013	-1055	4438	1603	1274	-2155	13055	5762.5	1036	-939	-2182	-1549	-851.5	2014	45852	474	-1711	291.5	4477	499	2735	1092	941	9328
PLATE2	1	HC-262K	-4269	-4620	-5845	-5718	-5518	-5395	-5837.5	-5717	-2883	2519	-26	-3291.5	-5365.5	-5708	-3166	1345	-1355	241	-4760	-151	4739	-1233	6198	1703.5	-2153	-4102
PLATE2	1	HC-263K	7630	161	2993	-594.5	3951	2318.5	-291.5	-948.5	8902.5	6629.5	868.5	2546	-1198	-1280	-442.5	672.5	8293.5	1007.5	-680	391.5	4295.5	1265.5	1751.5	1248.5	2991.5	-791.5
PLATE2	1	HC-264K	41.5	28680	-174	-1362	-1463.5	147	-1524	-1548.5	-636.5	1322	956.5	2136	-1776	-1638	-759	1165	7675	5734	-1339.5	221.5	4464	-297	2355	1028	64.5	4154
PLATE2	1	HC-265K	-1248	-1439	-2007.5	-1667.5	-1982.5	-1827.5	-2220.5	-1732	-644.5	1031	937.5	11496	-1914.5	-1688.5	-377.5	4940	5721.5	594.5	-511.5	-165.5	714.5	-577.5	2618.5	1996.5	-406.5	10862
PLATE2	1	HC-266K	1028	-336	-361	-694.5	-435.5	-164	-358	-636	10	869.5	745	772	-638	-695	1461	3530	18202	1381.5	-257	5861	1240	265	1089	296	-81	148
PLATE2	1	HC-267K	14402	-850	9315	1848	13466	7760	-1191	-1156.5	18011	11326	352	-977	-1126	82	-174.5	713	15220.5	185	685	-161	359	2121.5	1520	2007	-645	5759.5
PLATE2	1	HC-268K	12759.5	-1171.5	8090	-56.5	10365.5	6967.5	-1706	-1526	13411.5	8463.5	1046.5	-541.5	-1536.5	-609	55.5	620.5	1634.5	499.5	-948.5	-143.5	5869.5	4762.5	2107.5	727.5	-357.5	-25
PLATE2	1	HC-269K	308	421	-798	-1049	-608	-591.5	-1129.5	-1127.5	1192.5	1249	701	2227	-1038	-1046	868	1296	12486	1035.5	-650	339	622.5	405	1459	885	1274	2923
PLATE2	1	HC-270K	1180.5	-218.5	-482	879	-291	-377.5	-963.5	-919.5	1674.5	1491.5	892.5	8726	-790.5	-930.5	679	5763.5	4079	1366.5	-369.5	2750.5	6337.5	132	1518.5	504.5	1238	802.5
PLATE2	1	HC-271K	2186.5	-804.5	42.5	695.5	-49	-263.5	-1591.5	-1490.5	4523.5	2375.5	2089	8714.5	-1353.5	-1508.5	762	6239	7450.5	1200.5	-708.5	7976.5	10870.5	531.5	2315.5	639.5	3195.5	754.5
PLATE2	1	HC-272K	11504	-888.5	7807	7929.5	5736	7641	3088	-1550	20369.5	5588.5	1592	-122	-1394	-1398	945.5	1402	3164	4868	-739.5	-314	14017	620	2169	699.5	-101	762.5
PLATE2	1	HC-273K	32179	-175	21555.5	3100	23694	16821	3025.5	-191.5	30600.5	22515.5	3772.5	1285	-239	-458	2154.5	2588	26381	1796	-76	506.5	1404	4007	983	729.5	3032	36867
PLATE2	1	HC-274K	-1150.5	-1840	-1883	-1908.5	-1656.5	-1702.5	488	-1905.5	-231	995	565	-1440.5	-2032.5	-2026.5	262	594	6307.5	931	-1199	401	1327	-84	2403	678.5	-855	1388
PLATE2	1	HC-275K	8178	-628.5	5379.5	260	6346	3582	-1200	-967	8317.5	8246	1252	317	-1076	-1005	747	1406	15459	896	-353	186	5967	266	2059	860	-305	3289
PLATE2	1	HC-277K	-350	-532	-619	-601	-565	-466	-619.5	-623.5	-354.5	26.5	81	-498	-597	-624.5	185.5	1686	781.5	1400.5	-333.5	-272.5	107	-155	776	19.5	-157	1865.5
PLATE2	1	HC-278K	-811	-505	-1274.5	-1135.5	-1183.5	-1108.5	-1210.5	-1094.5	-686.5	835	504	-871.5	-1184	-1126.5	-644.5	2020.5	5038	2371.5	221	172	3529.5	122.5	1468.5	653	-211.5	12146
PLATE2	1	HC-279K	5464	-213	3196	1838	596	2371.5	447.5	-204	6937	3917	418	-117	-486	-481	61	305	18251	996	4	-13	17302	273	788	280.5	31	4366.5
PLATE2	1	HC-280K	-145	-2770	-1579	-1877	-1327	-1685	-3135	-3148	3638	2252	427.5	-833	-3067	-3106.5	-2121.5	444	10696.5	174	-2685	93.5	3449.5	-238	3354	1606	-1723	2464
PLATE2	1	HC-281K	1212.5	-18	354	21	-62	238.5	-551	-327	894	1401.5	457	-5	-423	-435.5	734	806	22515	1958	-175.5	777	833.5	541	767	269.5	3360	1583
PLATE2	1	HC-282K	15653	-1962	778	768.5	6755	777	-2309	-2298	60524	13881	704	-1429	-2188.5	-2271	1772	2181	14853	1214	-830.5	-493	2490	1305	2757	809.5	2094	644.5
PLATE2	1	HC-283K	27363.5	-595.5	21326.5	5172	23636.5	18376.5	-1627.5	-1417	36969.5	19428.5	1137.5	5087	-1456	-1511.5	4697.5	7666.5	31274.5	1566	-1055.5	15.5	2337	3246.5	2115.5	1237.5	-270.5	18273
PLATE2	1	HC-284K	2190.5	1618	1704	804.5	1782.5	1948.5	-56.5	63.5	6148	1624.5	930	-75.5	-409.5	-213.5	201	3193.5	8382.5	1369.5	-32	437.5	1849.5	358	1050.5	607.5	303.5	5816.5
PLATE2	1	HC-285K	23603	-1592	33940	10463	27936.5	24380	-2174.5	-1726.5	23008	17565	1221	-1238.5	-1946.5	-2015	-626.5	5823	4424	2812	-921	179	5507	4752	2675	1378	-798	10611
PLATE2	1	HC-286K	1896	-611	890	343.5	619	791	-768	-640	3791	1616	904	-377	-664.5	-721	2403.5	1397	5415.5	635	-218	134.5	442	657.5	964	7379	426	1559.5
PLATE2	1	HC-287K	-934	-1396	-2166	-2247.5	-1858	-1806	-2223.5	-2264	-1309.5	1568	646	-790	-2130	-2224.5	63	1392	11899	182	-1774	203	2844	-363	2560	1794	-866	-1549
PLATE2	1	HC-288K	1095.5	-1089	-1175.5	-1043.5	4305.5	-928.5	-929.5	-1212	6530	5453	954	630.5	-1323	-1241	4577	1582	2977	1183	-927.5	297.5	12345	-20.5	1731	2443	-91	-320
PLATE2	1	HC-289K	2283	-454.5	221	-686	683.5	212	-903.5	-569	2453	2228.5	624	1392.5	-849.5	-901	-78	184	29302	738.5	-355	-137	393	28	1138	744.5	-294.5	5502
PLATE2	1	HC-290K	11770	-1876	6000	-1499	8594	5765	-2078	-1986	15323	10584	1804	-1315	-1879	-1956	366.5	992	1275	503	-1448.5	-148	946	1131	2356	1052	6649	-644.5
PLATE2	1	HC-291K	8509	-633	4257.5	1190.5	1162	3034.5	-864.5	-538	6944	6458	1102	2042.5	-1023.5	-1113.5	704	991	3821	1910.5	-894.5	3338	12760	1126	1470	688.5	-116.5	3342
PLATE2	1	HC-292K	762	-53	-417	-287.5	229	-193	-352	-215	1976.5	881	388.5	1474	-339	-410	993	8572	3619.5	420	-76	33	19527.5	96.5	815	352.5	376	-67.5
PLATE2	1	HC-293K	6966.5	-208	-733.5	-746.5	-1195.5	-410	-1498.5	-1194.5	-22.5	4872.5	4227.5	-578	-1415.5	-922	11480	10297	10536.5	1172.5	-527.5	4377.5	22246.5	-36.5	1835.5	924	12329.5	4463.5
PLATE2	1	HC-294K	3614	-714	-985.5	-1045	-308	265	-1179	-873.5	-365.5	2480	275	1290	-937.5	-1216	-379	1512.5	15237	548	-847	-14.5	857	-399	1456	586	-442.5	2599.5
PLATE2	1	HC-295K	-234.5	-1119	-1428	-1546	-1361	-878	-1754.5	-1554	-692	935.5	680.5	1268	-1624	-1585	-93	991	10156	561	-810	177	573	-324.5	2039	621	-466	608
PLATE2	1	HC-296K	118.5	24.5	-594.5	-606.5	-586.5	439	-862.5	-497.5	479	1420	861.5	2246	-766.5	-825.5	-45.5	590.5	16044.5	1283.5	-443.5	921	2043	126	1153.5	623.5	381.5	7678.5
PLATE2	1	HC-297K	7522.5	288	5316	2217.5	5707	4445.5	-910.5	-659	26894	6088	773	58.5	-776.5	2	41	1203.5	2078.5	1288	-139	-14	274.5	1245.5	1419	1016	-264.5	1025
PLATE2	1	HC-298K	1361.5	-253.5	146.5	149	286.5	275	-425.5	-548.5	3339.5	1177.5	4088	-218	-567.5	-441.5	321	1160	1679.5	162	-341.5	94.5	6843	475.5	868.5	294	135.5	1309.5
PLATE2	1	HC-299K	1703.5	-401.5	153.5	106.5	-7	545	-587.5	-383	989.5	981	607.5	-60	-526.5	-599.5	868.5	4066.5	29744	1235.5	-238	69.5	1550.5	1469.5	844.5	490	669.5	6704.5
PLATE2	1	HC-300K	-656	-937.5	-1229	-1432.5	-1063.5	-773	-1445	-1400	-472	575	601	-923.5	-1333	-1363	-668	619	7681	-158	-784	274	34212	-248	1808	2085.5	-388	-1146
PLATE2	1	MBL-164	-1051.5	-2774.5	-3366.5	-3515.5	-3041.5	-3030.5	-2713	-3614	-2008.5	1774	788.5	-128.5	-3690.5	-3616.5	1206.5	7912.5	7192.5	713	15726.5	208.5	39488.5	-275.5	4536.5	461.5	-1545.5	-796
PLATE2	1	MBL-165	23309	641	12681.5	1324	15499	10299	-629.5	-650	24944	10680	3139	7442	-701.5	5552	1014	3952	11708.5	12541.5	-80	3363	14265.5	4915.5	1471	1388.5	779	11893
PLATE2	1	MBL-167	402.5	14.5	-534.5	-325.5	-249.5	-139.5	39	321.5	-184.5	437.5	223.5	2778.5	-41.5	-199	573	3594.5	18607	542.5	874.5	95.5	3225.5	-89.5	798.5	249.5	-33	188.5
PLATE2	1	MBL-168	3333	-312	-870	-863	-816	-745.5	-894	-857	-181	1567.5	860	-382	-742	-680.5	1807.5	1417	14865.5	522	3560	-182.5	840	-77	1236	206	-425	1080
PLATE2	1	MBL-169	1603.5	-29	-114	-635	480	18	-582	-590.5	2941	2723	83	-291	-476	-110	300	797	7467	573	-251	6.5	1363	-57	880	146	48	3385.5
PLATE2	1	MBL-170	-945	556.5	-1500	-1420	-1331.5	-1241	-1286	-1161	-1118	424	133.5	-469	-998	-1109	2405	453	30318	561	-420	1119.5	1203	-371	1746	557.5	-495	662
PLATE2	1	MBL-171	1235	-380	-268	-1236	-863.5	288	-1371	-1224	-404	1189.5	1711.5	118.5	-999	-786	3220	4177	9046	1503	4403	-27	1835	-211	1836	1559.5	-29	5164
PLATE2	1	MBL-172	-1061.5	-2765.5	-2889.5	-3018.5	-2508.5	-2606.5	-3232.5	-3138.5	-1535.5	1266	872.5	1742	-3147.5	-3086	-16	1162.5	4796.5	25926.5	4168.5	635	58104.5	43.5	3667.5	2270	-220.5	-2067.5
PLATE2	1	MBL-173	474	-573	-1018	-847	-413	-745	-615	-967.5	928.5	1402	199	-667	-970	-822	800	1451.5	7231	942	-36	192	667	66	1501	535.5	-271	4061.5
PLATE2	1	MBL-174	22228	-3113.5	7539.5	-4055	14487	7582	-4457	-4270	28117.5	18489.5	3182	-1376	-4271	-4136.5	3418	6617	12966	366	-2559	-332	17162.5	3140	5147	1819	-915	-1331
PLATE2	1	MBL-175	1545	-1296	-1043	-1572.5	-836	-974	-2329.5	-1964.5	47	1661	-177	-1716.5	-2348	-1890	156	2118	9092	-440.5	53106	-1338	41042	-1034	2685	-714	-1705	2070
PLATE2	1	MBL-176	721.5	-4658.5	-2229.5	-4931.5	-176	-289.5	-6931.5	-3952.5	17786.5	4183.5	5211.5	-2603.5	-6613	-6418.5	22223.5	11909	27232	2631.5	3274	336.5	10171	-427.5	8033.5	3220.5	-1945.5	10674.5
PLATE2	1	MBL-177	424	1132	-58	-73	-191	52	-3.5	-467	1805	473.5	979.5	319.5	-267.5	-415	147	1485.5	12154	1440	752	243	25947.5	-94	822	713	52	7862
PLATE2	1	MBL-178	2750.5	-1880.5	-766.5	-1728	3692.5	123.5	-2284	-3194	4670	4794	1240	-362	-2967.5	-3066	2487	6127	13295	27623	-2346.5	686.5	4267	3642	3846	2639	2541.5	-1242
PLATE2	1	MBL-179	69	16636.5	-1018	-1152	-922	-829	3766	-1580	2078.5	910	520.5	-489	-1736.5	-1635	2227.5	4149	37345	11650	-1285	-179	2097	-403	2426	1198	2599.5	6754.5
PLATE2	1	MBL-180	3586	-2252.5	1515.5	-2672	2594	1282	-2984	-2989	12133	6031	889.5	4743.5	-2462	-2802.5	1414.5	3696	23618	52	6188	-160	3437	580.5	3369	1105.5	-596	8218
PLATE2	1	MBL-181	36385	-1742	30095.5	-711	27168	20879	-2225.5	-2177	44870	25544.5	836	-1290	-2137	-2148	1209	1339.5	1430	753	-510	-294	1058.5	7772	2700	582	2151.5	-908
PLATE2	1	MBL-182	4042	2773	-58	-2142.5	1260.5	-51.5	-2206	-2076.5	4947	4375.5	212.5	-871	-2044.5	-1925.5	5654	7822	11105.5	1154.5	-1369	134	4868	628.5	2866.5	993.5	361.5	4805
PLATE2	1	MBL-183	3272	-378	84	483	1219	132.5	-1031.5	-9	5187.5	3290	254	615.5	-940	-925	2757.5	4093	36057.5	445.5	8611	3320	4423	255.5	1335	12	-440	9248
PLATE2	1	MBL-184	26725.5	159	16594	1449	14583.5	15281	-35	-36	23112	19567	330	-25	-10	-35.5	1678	1608.5	3202	6214	4006	141	89149	3266	673	502	1096	58.5
PLATE2	1	MBL-185	4285	1808	291.5	-480	2010	3003	-600	-421	1072.5	1150.5	271	10035	296	-52	-27.5	176.5	6855	2764.5	-50	-34	1100	12	1313	1223.5	-327.5	-215
PLATE2	1	MBL-186	9812	-114.5	2836	208	1157.5	3066.5	1254.5	-391.5	76719.5	6319	114	-45.5	-406.5	-353	337.5	4291.5	12344.5	1939.5	-180.5	288.5	1631	652.5	672.5	332	-33.5	11307.5
PLATE2	1	MBL-187	807	5831	-1392	-808.5	-178	-1299	-2014.5	-1743.5	3483	3003	293	1.5	-1745	118	14036	6709	14813	3725	-1278	634	1419	527	2522	1030	-513	5489
PLATE2	1	MBL-188	67884	248.5	55077	2731	6930	44214	204.5	-436.5	16529.5	10550	155.5	-431.5	-483	-432	1173.5	2135	14633	2754	-275	186	32367	4845	886	338	52	191
PLATE2	1	MBL-189	539.5	1131	-277	-241	7	-145	-338.5	-342.5	1493	569	44.5	7273	-278	-301	118	1184	32540	222.5	137	189	1418	30.5	599	208	-119	588
PLATE2	1	MBL-190	142	165	-221.5	-271	-124.5	12	-143.5	-118.5	109	191	203	853	-20	119	610.5	385	1687	419	329.5	134	1400	-38	460	240	102	183
PLATE2	1	MBL-191	26231	-825.5	10896	-587.5	18890	8262	-627	-2210	32108	18672.5	810	-2417.5	-2956.5	-2424	1255.5	-446.5	13618	8384	-2465	36.5	3444	681	4232	-746	-2206	9685
PLATE2	1	MBL-192	16025.5	3375	-1144	563.5	-2543	-647	-1085	-3233	23870	9064	3096.5	3160	-2279.5	-2681	2129	3818	23092	3028	137	2176	22543.5	426	4146	411.5	1711	5879.5
PLATE2	1	MBL-193	-490.5	-989.5	-1283	-1326	-1128.5	-1014	-841	-1165	1374	548.5	1184	11578	-1097	-998	775	44	6543	7207	-582.5	559	2714	-367.5	1775	149	-735.5	595
PLATE2	1	MBL-194	-341	-233	-635	-655.5	-536	-487	-294.5	-636	-217	448.5	48	-38	-603	-589	10.5	701	11715	888	-38	79	2088.5	-38.5	910	423.5	607.5	42
PLATE2	1	MBL-195	57	-59	-603	-527	-476.5	-484.5	-759	-543	5838	560	368	409	-694	-731	8587	181	4455	188	-143	-183	1806.5	61.5	930	466.5	61	6963
PLATE2	1	MBL-196	1245.5	-98	-585.5	-284	-498	-331	-597	-510	149.5	953	535	1081.5	-405	-557	547	146	2749	833	-310	-33	26093.5	-32	836	186	131	1470
PLATE2	1	MBL-197	7171	-271	-777	-820.5	-529	-512	-724	-550	8930	13073	774	605.5	-554	1313.5	1095	1875	2343	1944	-261	850.5	5538	-93	1093	372	-297	980
PLATE2	1	MBL-198	-3360	-4985	-4609	-5080.5	-4456	-4334	-5190	-4767.5	-3582	1964	1395	-631	-5248	-4945	10902	12023	31097	-172	3607.5	-575.5	2812	-587	5724	599	-1659	10867
PLATE2	1	MBL-199	194	-2597	68.5	-758	890	-334	-2912	-2730	2823	2191	744	2197	-2719	-2910	516	5675	13198	1050	8570	6888	1437	923.5	3383	31.5	-876	797
PLATE2	1	MBL-200	5374	-405	1027	-968	13742	1174	-32	-1045.5	5644	3104	675	2056	-931	34.5	4415	4694.5	71530	954	1486	512	2827	530	1494	312	485	12279
PLATE2	1	MBL-201	58617.5	-1197.5	19338.5	-555	35862	11106.5	-1919.5	-1458	67182.5	51035.5	-53.5	-1260.5	-1821.5	875.5	-891.5	524.5	13819.5	148	-1463.5	24.5	4881.5	7121	2182.5	1214.5	1249.5	3146.5
PLATE2	1	MBL-202	2361	-1253	415	-1601.5	1095	336	11502	-1375	3004.5	2470	1074	3934	-1247	-1324.5	10017	6093	29904.5	966.5	-140	529	47411	349.5	2331	1184	-319.5	25467.5
PLATE2	1	MBL-203	4180	-247	5415	15	6200.5	4715	-358	-358	7996.5	2942	380.5	-98	-264.5	134	907	793	1044	360	-152.5	284	84.5	456	573	348	64	587
PLATE2	1	MBL-204	-173	-331	-438	-421.5	-372.5	-289.5	513.5	-435.5	-172	215	172.5	-45	-373.5	-376.5	860.5	943.5	8394.5	141	-178.5	79	407	-44.5	592.5	197.5	-73	3846
PLATE2	1	BL771	167	-379	-395	-491	-273	-303	-522	-550.5	687	536	456	-99	-458.5	-508	605.5	1954.5	29510	150	-297	47	1392	44	850	196	365	128
PLATE2	1	BL773	9146	-311	6512	-650.5	3930	5116.5	-681	-718	8728	6107	90	-157	-602	-593.5	100.5	923.5	5685	270	-327.5	-17	5313.5	349	1346	292	-151	2668
PLATE2	1	BL774	-144.5	-303	-497	-404	-374	-290	-448	-448	-290.5	271.5	206.5	-110	-339	-394	1165.5	3624	2811.5	735	-265.5	37	3403.5	-118	689	279.5	539	129
PLATE2	1	BL775	-122	-278	-491.5	-394	-358	-298	-421	-428	-289	311	209	-67.5	-340	-366	1181	3718	2749.5	746	-247	66.5	3370	-25	658	278	609	174.5
PLATE2	1	BL776	-682.5	-799.5	-915	-898	-835	-793	-879	-847	-746	136	-42.5	-70	-836	-856.5	221.5	1298	1784	281	-536	8	1278	-243	1056	355	-347	1377
PLATE2	1	BL777	-144.5	542.5	-474.5	-396	-316.5	-287.5	-357.5	-376	-35	298.5	126.5	-346	-267.5	-306.5	7361.5	6623.5	48746.5	353.5	-71.5	151	6485.5	31.5	721.5	219.5	305	11788
PLATE2	1	BL778	-471.5	2890	-813	333	-656	-506	-541	-227	-324	281	159.5	-29	-245.5	116	442.5	280	27597	748.5	-60	17	642	-106.5	1059	359.5	79.5	819
PLATE2	1	BL779	1130	-277	203	-249	355	730	-505	-527.5	1781	948	-28	-214	-464	-503.5	2932.5	1860	11736	263	-307	-9	4315	141	695	280	-28	286
PLATE2	1	BL648	-671.5	-954	-1622	-1656	-1384	-1195	-1491	-1408	3663	863.5	172	-916	-1122.5	-1010	-424.5	3481	7004	5265.5	719.5	-30	6758	-220.5	2072	909	-579	323
PLATE2	1	BL702	-143	749	-1672	-1404	-1252	-1013	-581	-472	-152.5	903	666	4677	116	612.5	105	1459	935	928	-290	454	14043	-156	2131	600.5	912	-72
PLATE2	1	BL705	669	-406.5	35	-268.5	-468	102.5	-738	-806	160	521	-23	-212	-742	-478	1181	2000	9580	657	3745.5	477.5	9254	-145	1126	236	-360	2766
PLATE2	1	BL722	609.5	761.5	-1445	-1501	-605	-389.5	-742	-1369	109	802	1471	103	-1265	-1271	5044.5	8413	15727	341	-32	280	2616	-156	1883	930	-200	610
PLATE2	1	BL735	-573.5	-881	-1259	-1278.5	-1247	-910	-1228.5	-1126	-919.5	752	-31.5	-475.5	-937.5	-616.5	11.5	1037.5	9125.5	336	-746	-109.5	1888.5	28.5	1798.5	844.5	-437.5	3452.5
PLATE2	1	BL736	-778	-620	-1134	-1086.5	-859.5	-718	-980	-1090	-752.5	387	-35.5	2757	-1024	-913	-39	317	7996	509	-446	83	3221.5	-128	1418	466	537.5	2674
PLATE2	1	BL740	-1663.5	-2005	-3899	-4083	-3057	-3419	-3179	-3984	-2869.5	2234	582.5	639	-3666.5	-3397.5	-2154	457	33814	3151	-172	585.5	24918	-959	4699	1956	-950	-2033
PLATE2	1	BL742	-1349	-569.5	-2313	-2077	-1856	-1877.5	-1234.5	-2136.5	-1354	869	819.5	-1171.5	-2402.5	-2302.5	-709.5	1029.5	1390.5	230.5	13073.5	-512.5	4448.5	-599.5	3027.5	768	1876.5	-431
PLATE2	1	EBV-MALE-NEG	-1613.5	-2566.5	-5221.5	-4752.5	-4242.5	-879	-5339.5	-4128	-2091.5	5233.5	1045.5	-2929.5	-5044.5	-4736.5	-3250	1643.5	-1635	-333.5	-437.5	69.5	6432	-1069.5	6041.5	3501	-2696.5	-3524.5
PLATE2	2	EBV-MALE-NEG	-1389	-1397	-3417.5	-3174.5	-2774	-1227.5	-3334	-2725	-1659	2779	130	-1787	-3050	-3012.5	-1851.5	875	-1027	-561	-780	-143.5	2480	-697	3838	1264	-1871	-2166
PLATE2	1	EBV-FEMALE-NEG	255	-809	-1146	-879.5	-1102.5	-734	-1129	-1026.5	-571.5	929.5	467	-700.5	-1045	696.5	738	546	3293	543	334.5	-64.5	854	-110.5	1487	386	10070	39062
PLATE2	2	EBV-FEMALE-NEG	101.5	-189.5	-524.5	-464	-505	-317.5	-427.5	-327.5	-312	381	187	-246	-328	935	321	260.5	2829	195	142	4	242	-135	749	178	2935	21023
