Plate	Inplatecount	Sample	IgG4_RBD alpha	IgG4_N	IgG4_RBD beta	IgG4_RBD omicron	IgG4_RBD lambda	IgG4_RBD gamma	IgG4_zebra	IgG4_Eadp501	IgG4_RBD delta	IgG4_RBD wuhan	IgG4_AMA1	IgG4_MSP1	IgG4_HRPII	IgG4_Tetanus	IgG4_HCoV-229E	IgG4_HCoV-NL63	IgG4_HCoV-OC43	IgG4_pp28	IgG4_pp65	IgG4_EBNA1	IgG4_VCA	IgG4_FL spike	IgG4_BSA	IgG4_CelTos	IgG4_CSP	IgG4_HCoV-HKU1
PLATE2	1	BACKGROUND0	33	21	37.5	55	49.5	63	57	33	58	48.5	17.5	27	79.5	28	64	82.5	50	51.5	46	-6	8	28	34	83	100.5	27
PLATE2	1	AF-MIX-S1	57	34	44	57	50	79.5	54	34.5	87	80	33	94.5	80	6937	89	82.5	149	50	54	5	18	33	37	74.5	90	31
PLATE2	1	AF-MIX-S2	70	26	42	54	45	78	55.5	28	77	75	28	37.5	71.5	3469	70	81.5	85	39	46	7	2	37.5	37	74	95.5	23
PLATE2	1	AF-MIX-S3	37.5	35	35	36.5	40	61.5	50.5	25	56.5	54	23	35	64.5	1726.5	69.5	77	67.5	43.5	33	-6.5	0.5	23.5	38.5	65	92.5	22.5
PLATE2	1	AF-MIX-S4	37	24	27	42.5	37.5	50.5	40.5	15	52.5	41	15	27	81.5	744.5	63.5	69	61	42	40	0.5	-8	34	40	69	90.5	15
PLATE2	1	AF-MIX-S5	45	30.5	42.5	44.5	41	67.5	56.5	25.5	55.5	51.5	27.5	41.5	69	426	59.5	90.5	71.5	44.5	46.5	7.5	15.5	44.5	31.5	78.5	97.5	29.5
PLATE2	1	AF-MIX-S6	38	31.5	31.5	46	40	61	52.5	28.5	50.5	46	22	34	73	202	68	85	55	48	39	8	8	27	32	100	94	25
PLATE2	1	AF-MIX-S7	38.5	29.5	40	48.5	29.5	76	60.5	29.5	62	46.5	32.5	34	77.5	117	72	82	66	49	52.5	5.5	13.5	33	32	84	98	25
PLATE2	2	BACKGROUND0	37	33	43	43	52.5	59	61	31.5	59	48.5	19	29	69	25.5	76	80	64	44	44.5	2	10.5	38	32	81	88	30
PLATE2	2	AF-MIX-S1	357	34	149	73.5	131	180	54	35	325.5	350	26.5	126	91.5	7077	80	87	155	49	53	5.5	22	105	36	95.5	95.5	40
PLATE2	2	AF-MIX-S2	207	9.5	114	49	94	137	55.5	20.5	248	201	26.5	48	67	3787	63.5	80	79	41	30	-5	2.5	79	43	70.5	108	17
PLATE2	2	AF-MIX-S3	46	27	45.5	42.5	47.5	71.5	63.5	25.5	62	49.5	22.5	52.5	82.5	1784.5	69	94	66.5	38.5	48.5	6.5	2.5	35	32.5	99.5	98.5	41
PLATE2	2	AF-MIX-S4	52	27	43	40	45	74	60	16	73.5	52	28	36.5	69.5	842	75	86	61	37	39	4	8	35.5	36	82.5	79	30
PLATE2	2	AF-MIX-S5	28	45	35	31	27	65	63	31	59	48	12	31	71	329	65	96	65.5	33	42	3	1	38.5	35	80.5	80	20
PLATE2	2	AF-MIX-S6	42.5	33.5	50.5	47.5	37.5	57	64.5	29.5	60.5	49.5	27.5	32.5	68.5	243	71.5	88.5	56.5	45.5	42	1.5	11.5	42	30.5	86.5	110.5	29
PLATE2	2	AF-MIX-S7	35	36	41	37.5	34	62	59.5	37	62	43	36	34.5	80	126	68	88.5	66	44	42.5	-1	5	33	32	86	101.5	29.5
PLATE2	3	BACKGROUND0	65	30	42	38	54	73	51.5	23	73	63	17	33	71	26.5	72	87	55.5	42	32	2.5	4.5	35.5	33	82	80	29
PLATE2	1	POST-VACC-S1	60464.5	29	39823	18058.5	43591.5	40533.5	62.5	53.5	50235.5	38356.5	39	47.5	102.5	213	82.5	96.5	75.5	60.5	44.5	1.5	13.5	12637.5	40.5	78.5	95.5	27.5
PLATE2	1	POST-VACC-S2	67098	38.5	24554.5	5445.5	38243	23489.5	81.5	26.5	60901.5	61886	42.5	40	80.5	182.5	79.5	65.5	65	45.5	42.5	6	17	11075	39.5	91	114.5	24
PLATE2	1	POST-VACC-S3	18395.5	15.5	6514	922	8067.5	7120	54	25	19083	17090	27	18.5	69.5	72	72	80	61.5	31	46	-12	0	2919	47	73	122.5	11.5
PLATE2	1	POST-VACC-S4	6489	31	1680	361.5	2111.5	1973.5	60	34	5198	5697	58.5	34	78	53	78.5	87	60	69	48	6	18	775	34	85	109.5	34
PLATE2	1	POST-VACC-S5	1113	24	365.5	112.5	497	427	49.5	9.5	924	1039	16.5	35.5	56	22.5	64	85.5	66	39	44	-7	-5	266.5	42	75	83	17
PLATE2	1	POST-VACC-S6	531	34	142	56.5	185.5	203.5	52.5	21.5	425.5	406	15.5	36.5	68.5	17.5	73.5	82.5	66	41.5	35.5	-0.5	4	102	35.5	77	86	27.5
PLATE2	1	POST-VACC-S7	155.5	45.5	81.5	55.5	81	114	64.5	33.5	155.5	145	35	38	95	32	84	96	75	59.5	51	5	18	68	26	83	96.5	32.5
PLATE2	4	BACKGROUND0	108	21	54	43	60	78	49	20	104	108	24	35.5	74	21.5	63	73	69	39	51	-5	3.5	37	36	85	91.5	15
PLATE2	2	POST-VACC-S1	71142	41.5	38083	15899	48060.5	32940	74	33.5	60100	61646	29.5	45	83	171.5	74	81	78	51	43	14	26	13865	39	89.5	104	25
PLATE2	2	POST-VACC-S2	66299	43	26081	4738.5	27512.5	22415.5	66.5	47.5	55130.5	58269	41	46.5	91.5	147.5	78.5	89.5	57.5	45	41.5	9.5	29.5	10128	36.5	81.5	98.5	29
PLATE2	2	POST-VACC-S3	28327	33	9002.5	1630.5	11507	9364.5	73	28.5	22737.5	22943.5	41.5	34.5	92.5	127.5	72	89.5	65	58.5	44	4	28	3640.5	35.5	93.5	114.5	26.5
PLATE2	2	POST-VACC-S4	6735.5	26	1616	369.5	2025.5	2070	60	22	5280	4707	37	32	79	43	65	83	61	44.5	39	0.5	19	1013	41	88	101	16.5
PLATE2	2	POST-VACC-S5	1082	33.5	384	118.5	429	416	65	40	1182	802	38	33.5	73	30	83	84	70	54.5	48.5	-1.5	16	201.5	34	81	92	32
PLATE2	2	POST-VACC-S6	395.5	32	125	63	151	181	60	20	331	344.5	31.5	34	74	23	67	72.5	53	40	40	5	12	91.5	35	101	93	25
PLATE2	2	POST-VACC-S7	110.5	40.5	58.5	55.5	68	96.5	65.5	26	135	107.5	24.5	40.5	80.5	20	65	88	55.5	43	48.5	0	3	51	32.5	81.5	101	30.5
PLATE2	5	BACKGROUND0	24	16	27	33.5	33	58	39	27	51	44.5	20	20	65	5	53	77	44.5	37	38	1	0	16	43	85	78	18
PLATE2	1	HCAM-002-S1	39214	34	18434	11502	25903	15599.5	66	43	34471.5	37014.5	37	38.5	85.5	45.5	77	93.5	70	62	63	4.5	18	5967	31	90	88	41.5
PLATE2	1	HCAM-002-S2	24639	43	4151	1531.5	9556	5777	57	27	20973	17193.5	27	41	80.5	46	72	88	69.5	37.5	60	3	13	2632.5	35	88	102	24
PLATE2	1	HCAM-002-S3	6748.5	32	1075	309.5	2036.5	1035	67	35.5	6166.5	6172.5	34.5	44	93.5	48	64	97	77	52	54.5	5.5	21	708.5	31	93	87	30
PLATE2	1	HCAM-002-S4	1576	36	215	106.5	430	255	48	23	1337	924.5	24	30	77	34.5	74	85	59	43	37.5	-1	4	153	35	83	89	24.5
PLATE2	1	HCAM-002-S5	245	29	71.5	34	115	110	59	33	295	201	23	40	72	16.5	71	76.5	60	45	50	9	8.5	70	35	92	104	26
PLATE2	1	HCAM-002-S6	84	30.5	39	50	53	82	46	27	116	89	28	24.5	92	22	71	75	55	46	42	2	5	47	35	84	92.5	19
PLATE2	1	HCAM-002-S7	38	17.5	36.5	39	49	65	54.5	26	58	53	24	31	69	25	70	65.5	51	44.5	32	-6	-3.5	27.5	40	102.5	84	33
PLATE2	6	BACKGROUND0	97.5	32.5	46	54.5	63.5	87	50	33.5	115	101	23	28	76.5	20.5	74.5	84	54	44	43	-2.5	8.5	50	34	82	99	27
PLATE2	2	HCAM-002-S1	33646	32	18858	12786	25410	14810	51	28	31802	34390.5	25	38	79	47	69.5	79	64.5	40	55	-6	15.5	6368	43	76	92.5	17
PLATE2	2	HCAM-002-S2	21744	34.5	4137	1860	7840	6020.5	48	24	21699	21126	20	27	88	35.5	72	79	66	36	39	-3	-1	2736	43	78	105	25
PLATE2	2	HCAM-002-S3	7022.5	53	688.5	319.5	1685	1127	71.5	34.5	5442.5	5019.5	37.5	38.5	94.5	47.5	84.5	107	67.5	55.5	63.5	15	22.5	480.5	26.5	90	107.5	19.5
PLATE2	2	HCAM-002-S4	1198.5	28.5	180	86	329	220	46.5	29	936	619	23	26	81	26.5	73.5	87.5	52.5	42	41	0	13.5	141	36	84.5	81.5	31
PLATE2	2	HCAM-002-S5	243	36	74.5	55.5	102	111	59	25	233.5	169	26	35	80.5	19	75	91.5	49	50.5	34	-2.5	12	81	35	77	86	19
PLATE2	2	HCAM-002-S6	87	25.5	40	44.5	60	71	54.5	30	111.5	81	27.5	30	73	25	68	84	54	39	39	0	7	24	36	75	80	26
PLATE2	2	HCAM-002-S7	43	15.5	32	53.5	41.5	70	46.5	23.5	59	62	17	18.5	66	10.5	72	82	73	40	40	2	4	19	37	74.5	87	19
PLATE2	1	HC-101K	44	35	35	45	47	63.5	67	29	64	52.5	34	548	80	26	61.5	95	142	57	51	5496	120.5	36.5	37	102	95	17
PLATE2	1	HC-102K	41	41.5	44	46	49	72	64	28	64	48	30	42	89	412.5	806	726.5	615	60.5	56.5	6.5	13	41.5	36	101.5	95	179
PLATE2	1	HC-103K	45	35.5	49	39	52	64	64	35	65.5	61	32	72.5	82	360.5	78.5	96	106.5	53.5	52	-1	16	44.5	35	78	78.5	37
PLATE2	1	HC-104K	51.5	31.5	38	44	39	62	48	30.5	73	67	20	57	69	33.5	83	78	70	41	42	6	4	33	37	77.5	109.5	26
PLATE2	1	HC-105K	57.5	46	53	58	52	83.5	65	34	91	69	23	60	76	370	76	96.5	55	47	44	0	11.5	43	32	80.5	109	50
PLATE2	1	HC-106K	32	32	30	43.5	41	65	64	26	56	42	88.5	3528	104	530	71	110.5	79.5	47	40	3.5	8	33.5	37	84	103	33
PLATE2	1	HC-107K	51	33	40	49.5	44	70.5	55.5	28	70	63	28	31.5	83	36	68	89	70	49	50	4	8	43	34	84	97	21.5
PLATE2	1	HC-108K	19	23.5	25	44	38.5	51.5	60.5	21.5	54.5	26.5	43.5	506.5	68.5	17	57.5	84.5	71.5	37.5	28	-3.5	-2	27	45.5	83.5	88.5	20
PLATE2	1	HC-109K	74	26.5	41	44	60	73	63	25.5	173.5	62	59	105	81	159	69	84.5	374	38	44.5	-3	0	52	39	81.5	73.5	31
PLATE2	1	HC-110K	66.5	37	44	44	47	67	54	28.5	85.5	72	25	76	77	36	75	102.5	77	47	50	8	7.5	45	35	69	92.5	33
PLATE2	1	HC-111K	35	27	31	35	44	62	34	14	65	44	23	36	71	37	69	76	66	43.5	34	-2	8	23	46	74	98	14
PLATE2	1	HC-112K	96.5	42.5	72	48	81	88	59	29	150	97.5	22.5	75	85	975	75.5	88	77	50	53	5	6	53	37	97	93	32
PLATE2	1	HC-113K	62	33	47	33	45	67	52	20	82.5	65	22.5	1174	1278	788	77.5	90	108.5	47	46	-1	7	26	40	85	93	69
PLATE2	1	HC-114K	35	29	34	44.5	36	59	52	21	60	51	26	49	73	61.5	68	79	78.5	53	42.5	-5	3	25.5	41	91	89	30
PLATE2	1	HC-115K	117.5	27.5	43.5	33.5	50	68.5	55	20.5	113.5	87	18	1311.5	86.5	25.5	63.5	93.5	81.5	50.5	34.5	2.5	-1.5	45.5	43.5	84	96.5	14
PLATE2	1	HC-116K	28	34	26	43	39	62	54	22	62	56.5	55	234	72.5	1785.5	81.5	96	97	42	32.5	-4.5	0	29	44	75	104	22.5
PLATE2	1	HC-117K	40.5	25.5	47.5	41.5	45	63	56	26.5	62	39	22.5	91	102.5	1183	61	98	95.5	40.5	43	-6	6.5	29.5	41	78.5	107	16
PLATE2	1	HC-118K	70	36.5	40	39	53	74	62	34.5	113.5	70	37	49.5	66.5	215	78	84	76.5	64	53	11	11	41	32	98	115.5	35
PLATE2	1	HC-119K	24	40	28.5	41.5	43	75	48	22	71.5	41	16.5	70.5	89.5	5753	134.5	170	191.5	51	47	3	0	31	38	98.5	105.5	31
PLATE2	1	HC-120K	65.5	57.5	46.5	57	52.5	70.5	56	32.5	91	72	28.5	39.5	94.5	849.5	96.5	123	107	48.5	54.5	6.5	5.5	45.5	38.5	79	86.5	31.5
PLATE2	1	HC-121K	49	29	39.5	49	49	70	56	29	65	57	43	5284	3383	78	315	305	368	37.5	41	3	1016	44	38	76.5	95	29.5
PLATE2	1	HC-122K	39	31.5	43	39	36.5	68.5	56.5	26.5	56.5	55	23.5	56	105.5	133.5	246.5	220.5	147	46.5	47.5	3	-5.5	34.5	37.5	76	103.5	25
PLATE2	1	HC-123K	31	28	33.5	33	38	62	44	19.5	49	46	12	64	77	85.5	67	81	69.5	37	37	-12	-6	21.5	43	89	82	17
PLATE2	1	HC-124K	45.5	39.5	36.5	46	38.5	66	57	33.5	60.5	39.5	30.5	193	74	161.5	88.5	86.5	105.5	63.5	49.5	7.5	14.5	40	30.5	93.5	85.5	42.5
PLATE2	1	HC-125K	84.5	37	54	70	66	84.5	64	37.5	165	84.5	39	47	91.5	50	77.5	99	79	57	49	8	12	61	27	92	105.5	36
PLATE2	1	HC-126K	30.5	35.5	33.5	40.5	25	54.5	54.5	12.5	57.5	46.5	26.5	100	72.5	72.5	173.5	103.5	151.5	45.5	42.5	-1.5	2.5	24.5	44.5	69.5	90.5	23.5
PLATE2	1	HC-127K	305	44	189.5	66	169	163.5	62.5	40	271	197	26	66	72	3802.5	83	83	109	57	44	3	14.5	81	33	85	82	55
PLATE2	1	HC-129K	42.5	45	54	51.5	48	71	61	34	71	54	26.5	40	77	469	112	101	76.5	44	60	3	12	44.5	35	78	79	23
PLATE2	1	HC-130K	41.5	26	32.5	35.5	32	67	55	15	55	54	21	36	82.5	23	75	101	156	26	37.5	1.5	2	37	40	89	101	17
PLATE2	1	HC-131K	40	21.5	31.5	34.5	37	58	56	27.5	58	47	26	172	131	492	64	92	99	37.5	45	3	18.5	35	39	81	80	31
PLATE2	1	HC-132K	121.5	42.5	59	51	71.5	81.5	64.5	27.5	133.5	93.5	24.5	80.5	85.5	142.5	84.5	95	63.5	51	39.5	2.5	1.5	46.5	31.5	92.5	95.5	32.5
PLATE2	1	HC-133K	36	31	31.5	31	35	65.5	48	22	62	54	27	42	74	34	71	98	76	44	44	-2	3.5	27	40	93.5	97	23
PLATE2	1	HC-134K	47	50	34	44	48	72	61.5	28	73	50	116	5272	93	599	70	84	99	53	40	3	12.5	33	37	80	112	26
PLATE2	1	HC-135K	57	44.5	38.5	49	45	72	56	26	61	59	19	28	71.5	55.5	78	77.5	68	55	47	-4	8	34	34	91	80	33
PLATE2	1	HC-136K	43.5	29.5	32	38.5	37	71.5	56	35.5	53	46.5	42.5	61.5	89	42.5	74.5	106	71.5	51.5	49.5	7.5	9.5	34	31.5	94.5	93	34
PLATE2	1	HC-137K	42.5	39	41	54	41.5	65	63	40	66	60	218	245	233	86	89	81.5	79	959.5	54	2115	13	34.5	34	73	102.5	32
PLATE2	1	HC-138K	24.5	37	31	45.5	46	54	49	27	54.5	49	220	47	76.5	285.5	73.5	84	68.5	40	40	3	5	41	41	79.5	104	28
PLATE2	1	HC-139K	44.5	31	43	40.5	54	62	68	26	69	57	25	1467	84	270	75.5	100.5	87.5	57	58	7	6	43.5	34	86	97	28.5
PLATE2	1	HC-140K	60.5	24.5	29.5	35.5	32.5	65.5	48	26.5	58.5	38	25.5	29	65.5	165.5	117.5	111.5	85.5	54	44.5	0.5	-3.5	25	41.5	77.5	85.5	20
PLATE2	1	HC-141K	51	31	53	34	48	80.5	51.5	20.5	112	63	31.5	48	72	699	80	89.5	69	53	45	12	3.5	37	37	94	109	19
PLATE2	1	HC-142K	43.5	33	36	54	42	60	64	31	58	50	22	74	73	115	79.5	91.5	119	47.5	49	4	11	41	36	99	97	24
PLATE2	1	HC-143K	36.5	28.5	37	36	46.5	71.5	59	28.5	56	52	18.5	76	83	36	72	83	81	48	35	-3	11.5	41	35	87	78.5	24
PLATE2	1	HC-144K	248	39	99	57.5	94	119	58	23.5	209	205	25.5	149	75	27	210	208.5	249.5	44.5	53	7.5	5	77	36	84	104	18.5
PLATE2	1	HC-145K	25.5	35	35	42	51	69.5	53.5	25	55.5	58	20	269	93	67	76	97	65	64	40	-7	0.5	35	39	86	83	20.5
PLATE2	1	HC-146K	92	43	66	34	79.5	84	44	29	222	158.5	27	69	77	400	494	577	706	53.5	70.5	14	7	42	40	83.5	92	28
PLATE2	1	HC-147K	46.5	39	34	45	38.5	68.5	53	25	67.5	62	34	48	81	99	110	148	120	134.5	47	0	6	33	36	74	106	16
PLATE2	1	HC-148K	56.5	36	37.5	50.5	36.5	60.5	72	28.5	80.5	56.5	31	67.5	76.5	563.5	141.5	123.5	132.5	52.5	52	4.5	13	39	36.5	84	98	24.5
PLATE2	1	HC-149K	45	24.5	39.5	38	41	59.5	59.5	29.5	58	52	22.5	82	78.5	51.5	77.5	83.5	70.5	34.5	42	2.5	2.5	50.5	38.5	76.5	104	22.5
PLATE2	1	HC-150K	38	30.5	47.5	47.5	45.5	73	65.5	22.5	74	46.5	32.5	68	83.5	215.5	186.5	151.5	122.5	46.5	51.5	6.5	18.5	35	38.5	95.5	117.5	35.5
PLATE2	1	HC-151K	36	27	38	36.5	42.5	66.5	61	22.5	57.5	48	19.5	62	83	244	84	100.5	74	54	43.5	39.5	10	25	38	74	92	19.5
PLATE2	1	HC-152K	47.5	41	52	57	54	64	66	36	80	51	22	49	87.5	334	92	124	151	51	49	7	8.5	51.5	31	80	113	37
PLATE2	1	HC-153K	57	38	38.5	47.5	45	56	54	33	128.5	56.5	24	34	77.5	165.5	73	86	65	52.5	43	-3	10	31	36	78.5	89	29.5
PLATE2	1	HC-154K	51.5	37.5	44	50	46	66	53	33	81	40.5	26	67	73	35	68	78	73	59	56	6	7	34.5	37	95	98	35
PLATE2	1	HC-155K	38.5	33	42	46	36	67	55	28	71.5	49	32	272.5	83	677	68	98.5	99	40	53	-5	3	34.5	38	81	93.5	32
PLATE2	1	HC-156K	40	33	47	57	45.5	71	57	31	74	57	35	45	78	975	75.5	82	67.5	56	53	7	14	47	35	79	94	19
PLATE2	1	HC-157K	34	35	35	60.5	49.5	66	60	27	59	49	20	32.5	83	27	81	91	65	48.5	43	1	7	38.5	36	75.5	88	31
PLATE2	1	HC-159K	46	26	34	28.5	47	70	56	19	66.5	51	12	204	181	1457	63	97.5	58	49	37	7	71.5	36	39	87.5	87	26
PLATE2	1	HC-160K	29	29	30	43.5	41.5	56	46	23.5	60	38	21	42	76	42	75	84	67.5	43	31	1	2	37	40	89	92	29
PLATE2	1	HC-161K	36	27.5	27.5	62.5	44	60.5	57.5	29	59.5	45.5	34	54	79.5	154.5	73.5	94.5	106.5	40.5	37.5	1.5	4.5	36.5	36.5	80	92.5	30.5
PLATE2	1	HC-162K	57	46.5	48	52.5	53.5	77	59.5	38	160	60.5	28	551.5	79.5	84.5	92.5	100.5	130	54.5	45.5	99.5	13.5	32	34.5	98	96	26.5
PLATE2	1	HC-163K	30	19	28	27.5	48	64	55	13	61.5	44	16	26	66.5	15	64	91	256.5	41	34	-5	4	40.5	43	78.5	88.5	20
PLATE2	1	HC-164K	49.5	26	46	48	44	64.5	58	28.5	63	52	23	69	87	371	74	87	298	57	43	2	4.5	29.5	37	88	100	26
PLATE2	1	HC-165K	39	28	47	50	48	65	68	33	61	54	31	531.5	173	321.5	69.5	84	79	49	47	3.5	9	36	33	83.5	91	26
PLATE2	1	HC-166K	26.5	22.5	20	38	31.5	57	52	19	43	29.5	20	710	62.5	1103	112	73	160	28	36	-13.5	3	29	47	85	101.5	15.5
PLATE2	1	HC-167K	39	25	32	32.5	45	67	52.5	33	55.5	43	17.5	31	73	54	64	83	71	51	35.5	-2	1.5	29	38	82	94.5	26
PLATE2	1	HC-168K	59	36	57	34.5	60.5	62	52	16	105.5	59.5	35	62	67.5	30	88	89	119	38	42	-3.5	-4	19.5	40	76	84	18
PLATE2	1	HC-169K	41	34.5	51	57	43	68	56.5	28	90	45	21.5	40	73.5	392	71	89	82	48.5	42.5	6	2.5	33	37	87.5	101	26
PLATE2	1	HC-170K	36.5	33	37	55	43	75	59	39.5	72	61.5	32.5	36	84	30	75	82	43	58	43	13.5	19.5	36	34	91.5	98	31
PLATE2	1	HC-171K	39	41	46	44.5	47	73	69	32	67	49	44	1513	150	776	76.5	100	93	59.5	51.5	7.5	16	36	32	89	109.5	33.5
PLATE2	1	HC-172K	45.5	31.5	28.5	35.5	45.5	70.5	54.5	30	49.5	64.5	27.5	46.5	82.5	51.5	66	88.5	71	45	38.5	3.5	3	34.5	35.5	91	88	27.5
PLATE2	1	HC-173K	40.5	40	38	40	37	65	52	16.5	68	36	12	33	68.5	4919.5	77	81	62	42	38	-8	11	29	44	82.5	91	26
PLATE2	1	HC-174K	38	23.5	34.5	42	42	64.5	58.5	35	60	54	36	26	80	33	75	89	67	54	44	0	10	42	33	86.5	89.5	31.5
PLATE2	1	HC-176K	60	40	53	39.5	51	72	65	38	124	60.5	31	39	62.5	1035	90.5	98.5	80.5	46	41	7.5	13	32.5	34	90	86.5	33
PLATE2	1	HC-177K	56.5	40	59.5	56	50.5	82	66	49	93.5	70	30.5	42	83.5	60	86	100	103	48	51	5	17	38.5	32	88.5	105.5	39
PLATE2	1	HC-178K	65.5	29.5	54.5	45.5	46	82.5	50.5	17.5	73	67	23	28.5	72.5	370	73	91.5	80	35.5	34.5	-6.5	1.5	42.5	42.5	58.5	71.5	19.5
PLATE2	1	HC-179K	42	29	45	46.5	49	64	64	26	58	46	35	41	74	82	76.5	97	62.5	44.5	42.5	6	15.5	34	33	85	96.5	26
PLATE2	1	HC-180K	44	30	45	50	52	77	67	25	66	44	23.5	36.5	76	123	84.5	86.5	73	57	38	8	5	34	35	105	96.5	37
PLATE2	1	HC-181K	45.5	43.5	47	57.5	47.5	63.5	67.5	30.5	72.5	61.5	30.5	41.5	81.5	34.5	76.5	94.5	52.5	49	55	13.5	12.5	51	28.5	86.5	101.5	39
PLATE2	1	HC-182K	39	22	42	44.5	47	66	57	34	57	42.5	29	38	85	279.5	74	83	67	45	44.5	-1.5	3	31.5	35	96	104	30.5
PLATE2	1	HC-183K	37.5	43	24	38.5	46.5	58	55	22	56	53	20.5	32	78.5	263	69	100	73	39	40	2	7.5	28	39	83	76.5	19.5
PLATE2	1	HC-184K	41.5	32.5	32	47.5	47.5	69	62.5	29.5	75.5	43.5	29.5	3514	125.5	557.5	84	87.5	95.5	56.5	49	5.5	18	44.5	35.5	85	96	29.5
PLATE2	1	HC-185K	117.5	59.5	70	52	81	89	71	34	146	98	34	30	86	121	81	120	160.5	54	45	2	23	51	34	96	100	28
PLATE2	1	HC-186K	39.5	40.5	41.5	44.5	44	59.5	66	35.5	61.5	46.5	31	32.5	77.5	138	70.5	85.5	56.5	53.5	46.5	5	14	38.5	33.5	90	104.5	31.5
PLATE2	1	HC-187K	41	28	31	53	47.5	55	62	35.5	64	49	35	40534.5	913	259	73	96	78	56.5	50	3.5	9	27	39	82	98	23
PLATE2	1	HC-188K	47.5	30	42.5	51.5	40.5	64	54.5	24.5	70.5	39.5	44	2271.5	268.5	496.5	71.5	75	213	45.5	48	1.5	1.5	42	38.5	82.5	100.5	27.5
PLATE2	1	HC-189K	42.5	29.5	46	42	36.5	60.5	59.5	23.5	54.5	31.5	13.5	55.5	73	220.5	72.5	81.5	69.5	39	46.5	7.5	0.5	31.5	38.5	78	102.5	24.5
PLATE2	1	HC-190K	51.5	33	51	54	40	75	55.5	39.5	85	70.5	39.5	50	90	234	95	100	123.5	51.5	51.5	12	4	33.5	34	85.5	103	42
PLATE2	1	HC-191K	45	43	40	45.5	49	74	57.5	27.5	57.5	52	109	70	86	44	80	95	77	59	56.5	117	16.5	40.5	31	122	97	38
PLATE2	1	HC-192K	271	38.5	162	64.5	130	144.5	51	26	258.5	189	30.5	575	94	140.5	115	92.5	159	45.5	41	-6	5.5	55.5	45	76	93	18.5
PLATE2	1	HC-193K	41	34	38	47.5	43	64	58.5	29	68	67	36.5	4312.5	385.5	3046	79	95	189	53.5	55	12	10	32.5	34	97.5	111	30.5
PLATE2	1	HC-194K	44.5	41.5	33.5	50.5	53.5	59.5	51.5	35.5	57.5	64.5	22.5	43.5	72.5	26.5	68	81	57.5	59.5	44.5	5	7.5	39	33.5	96	92.5	28
PLATE2	1	HC-195K	115	39	62.5	55	43.5	89	55	24	143	90.5	40	166	73	402	81.5	99	135	55	43	-4.5	21	44	42	100	100.5	35
PLATE2	1	HC-196K	54	77	47	45.5	62.5	76	62	38.5	86	66	26.5	54	74	792	77	97	78.5	50	50	5	5	36	36	98	118.5	34
PLATE2	1	HC-197K	42	29	39.5	40.5	41	67	58	31	53	56.5	25.5	153.5	79.5	1186.5	79	88	119	39.5	54	4	10.5	44	35	85.5	116	27
PLATE2	1	HC-198K	28.5	31.5	49	37	44.5	62.5	55.5	34.5	64.5	63	29	104.5	91.5	109.5	230.5	225.5	204.5	44.5	43.5	2	11	41.5	36.5	88.5	86.5	22.5
PLATE2	1	HC-200K	46	29.5	43.5	33	46.5	76.5	52.5	27.5	64.5	58.5	22.5	45.5	70	28.5	80.5	95.5	72.5	61.5	32.5	-0.5	2	36.5	35.5	83.5	109	22
PLATE2	1	HC19-KC098	43	44	40	48	46	78	60	37.5	68	54	24	53.5	79	52.5	64	101	87	64	44.5	11.5	20	41	31	84	110.5	30.5
PLATE2	1	HC19-KC099	43	48	43	55	45	62	65	40	64	55.5	101	12987	5373.5	144.5	80.5	104.5	119.5	52.5	59	2	12.5	47	32	100	99	49
PLATE2	1	HC19-KC100	43.5	32.5	53	48.5	42	71	63	32	61.5	41.5	31	83	88	34	86.5	93	71.5	47	53	3.5	14	40	30	84.5	91	22
PLATE2	1	HC19-KC101	45	41.5	40.5	44	45	78.5	60	32.5	61	47	28	223	76.5	36	85.5	91.5	61	52.5	49	1243	12	33	31	88	92	34
PLATE2	1	HC19-KC102	49.5	22.5	37.5	48	42	60	58	23.5	61	55	198	777	79	30.5	83	104.5	74	62	59	38	9	34.5	35	91.5	120	34
PLATE2	1	HC19-KC103	46.5	20	38.5	42.5	49	65.5	59.5	33.5	63	55.5	21.5	763.5	1051.5	25.5	107.5	97.5	83.5	57.5	49	-2.5	6	35.5	37.5	80.5	81	27.5
PLATE2	1	HC19-KC104	44.5	42	43.5	40.5	39	73	53.5	32	61.5	43.5	34	225	340	58	5816	5892.5	4234	59.5	54	71	8	34	35	91	100.5	33
PLATE2	1	HC19-KC105	46	33.5	30.5	48.5	44.5	63.5	60	27.5	59.5	50.5	23.5	235.5	88	38.5	70.5	82.5	62.5	50.5	46.5	164.5	4.5	43	31.5	72.5	96.5	44.5
PLATE2	1	HC19-KC106	29	13	33	29	44	68	53	20	45	46	27	18.5	63	19	66	75.5	55	44.5	45	-4	-5	29	39	69	85	33.5
PLATE2	1	HC19-KC107	33	22.5	30	46	39	67.5	51.5	23.5	43.5	44.5	36	8196.5	104.5	277.5	86.5	83	159.5	124	44	-5.5	80.5	39.5	40.5	90.5	1114.5	20.5
PLATE2	1	HC19-KC108	44.5	34.5	43.5	47.5	36.5	69	59.5	30.5	72	69	26.5	146.5	127.5	54.5	81.5	100.5	83.5	50.5	58	10.5	5.5	35.5	31.5	91	99.5	32.5
PLATE2	1	HC19-KC109	44	22.5	29.5	36	44	63	57	30	50	43	18	44	75.5	36	62	75	60	43	45.5	6	17	28	38	63.5	115.5	27
PLATE2	1	HC19-KC110	45	21	43.5	45	52	67	62.5	30	62.5	49	29	156	96	108	73	75	63	52.5	41	-4	9	33.5	34	87	102	39
PLATE2	1	HC19-KC111	25.5	31	40.5	52	39	60	62	32.5	51	45	19	81	71	30.5	79	96.5	65	52	52	-6	2.5	36	36	91	86	36.5
PLATE2	1	HC19-KC112	41	32.5	38	54	45	72.5	63.5	34.5	65	58	40	80	89.5	31.5	86	99	69.5	51	56.5	15	12	39	32	88	96.5	24
PLATE2	1	HC19-KC113	32	22	41	42	26.5	63.5	60	22	53	48	20.5	200.5	75	37	91.5	89	59	32	48	-0.5	19.5	39	37	85.5	92.5	17
PLATE2	1	HC19-KC114	34	59	34	46.5	43.5	60.5	52	29	57.5	53	38	1497.5	117.5	47	78	81.5	74	38.5	38	21	14	37	36	87	90	34
PLATE2	1	HC19-KC115	36	23.5	36.5	29.5	25.5	68.5	54.5	17.5	65.5	48.5	22.5	36.5	73.5	20	72	81.5	57.5	36.5	39.5	-10.5	-5	24.5	41.5	76	95.5	25.5
PLATE2	1	HC19-KC116	38	45.5	39.5	43	42	67	62	35.5	64	57	37	71.5	84	1544	89	117	114	57	40	2	9	36	32	68	88.5	33
PLATE2	1	HC19-KC117	41.5	29	40	50	42	56.5	53	20	57	43	24	50	66	1554	637	705.5	514	47	43	6	0.5	29	43	75	86	24
PLATE2	1	HC19-KC118	32	23	27.5	37.5	23	56	47.5	23.5	54	38	6	93	69	25	58	92.5	60.5	37	37	5	-12	33	43	59.5	79	18.5
PLATE2	1	HC19-KC119	43.5	30	55	43	49.5	71	63	38.5	66	59	33	46	99.5	1991.5	91	91	81	55	49	0	14	40	32	89	95.5	27
PLATE2	1	HC19-KC120	29.5	27	22	33.5	39	52.5	60	25.5	42	42	172	111	67	13.5	81	86	218	41	36	-6	-4	29	43	67	111	27.5
PLATE2	1	HC19-KC121	30.5	28.5	37	37	49.5	64.5	65.5	28	61.5	50.5	25	47	88	118	84	88	64	49.5	41	-1	9.5	36	34	86.5	105	36.5
PLATE2	1	HC19-KC122	32	20.5	35.5	40	34	62	49.5	15.5	57	43	27	49.5	72	398	70	87	58	41	44	-1	5	33.5	39	89	86.5	20
PLATE2	1	HC19-KC123	48.5	55	25	40.5	46	78.5	60.5	45.5	61	231	615.5	5095	151	39	581	513	597.5	236	124	168.5	373	209.5	48	81	241	468.5
PLATE2	1	HC19-KC124	44.5	22.5	39.5	39	39.5	70.5	49.5	30	53.5	63.5	36.5	593.5	164.5	263.5	78.5	96.5	91.5	52.5	46	8.5	15.5	28.5	38.5	74.5	99	27.5
PLATE2	1	HC19-KC125	37	38	41	55	34	70	61	36	54.5	66.5	29	172	92	43	93.5	122.5	71	49.5	53.5	8.5	11	45	34	86	105	36.5
PLATE2	1	HC19-KC126	43	37.5	47	46	52.5	65	63	29.5	58	58	31	59	71.5	41.5	112.5	117	98.5	51	45	8	10	44	33	76	91.5	25
PLATE2	1	HC19-KC127	82	33	40	54.5	43.5	66	50	25	57	68	20.5	103	75.5	376.5	87	89	68	55	49	1	8	41	36	86	91.5	30
PLATE2	1	HC19-KC128	41.5	34.5	35.5	52	53.5	73	56	41	60	51.5	45.5	5614.5	176	63	88	108.5	95	57	50.5	8	18	41	28	89	91	38
PLATE2	1	HC19-KC129	36	22	34	49	40	71	58	32	54	46.5	26	114	77	23	72	93	64	46.5	41	-0.5	52	41	36	94.5	82	26
PLATE2	1	HC19-KC130	38	10	32	35	34.5	50	51	20	51	52.5	19	451	74	16	73	80	50	38.5	37	-8.5	11	25	41	74.5	92	26.5
PLATE2	1	HC19-KC131	34	22	39.5	54	40	61.5	54.5	26	52.5	41	18	76.5	62.5	102	75.5	105.5	61	35.5	35	-2.5	6.5	43	40.5	77.5	66	23
PLATE2	1	HC19-KC132	48.5	27	46	52	48.5	68.5	79	36	48	66	21	47	81.5	37	71.5	84	59	44	47	4	10.5	35	31	79	102	27
PLATE2	1	HC19-KC133	41	37	24.5	50.5	45.5	60	45.5	23	54	1356	65.5	27	107	22	157	166.5	130	2014.5	43.5	4	3.5	30	57	88	2208	25
PLATE2	1	HC19-KC134	44	30	34	50	38	70	65	33	60	67	32	42	65	23	1289	1360	797	45.5	50	9	6	33.5	37	88	82	21
PLATE2	1	HC19-KC135	39	42.5	32	48	48	72	55	35	64	63	28	1200	103	15	124	104	108	46	40	0	2.5	29.5	35	74	95.5	26.5
PLATE2	1	HC19-KC136	62	71	51.5	60	60.5	105	86.5	59.5	74	77	35	71	111	55	115.5	119.5	87	77.5	82	9.5	25.5	52	36	92	101	36.5
PLATE2	1	HC19-KC137	41.5	43	36	35	48	70	61.5	23	67	55	19	35	76	27	70	88	62	44.5	47	-1	1	36	37	89	95.5	27.5
PLATE2	1	HC19-KC138	29	28.5	23.5	39	38.5	63	54	22	50	46	5	27	65	19.5	85.5	104	81.5	33.5	50	-11	4	27	43	77	111.5	24
PLATE2	1	HC19-KC139	54.5	39.5	36.5	36	54	75.5	63	35	57.5	64.5	478	2784.5	95.5	32.5	77.5	92	72	71	56.5	8.5	13.5	30.5	44.5	85.5	90.5	20.5
PLATE2	1	HC19-KC140	51	147.5	43	35	39	61.5	53.5	25	53	37.5	49	88	158	41.5	744.5	625	580.5	2433	45	-0.5	4	25	39	94.5	94	30.5
PLATE2	1	HC19-KC141	39.5	36.5	33.5	39.5	49.5	68.5	57.5	34.5	63.5	39.5	28.5	50.5	84.5	103.5	73.5	86.5	74.5	64.5	50.5	1.5	5.5	28.5	35.5	66.5	93.5	32
PLATE2	1	HC19-KC142	41.5	32	25	37	45	63	55	29	59	58.5	29	32	69.5	78.5	67	78	71	56	44	-1	2	43	39	80	89	25
PLATE2	1	HC19-KC143	39	34.5	37.5	42	37	65	70	18	58	49.5	28	34.5	72.5	57.5	1478	1241	1527.5	56	52	4	1	39	39	77	94	25
PLATE2	1	HC19-KC144	53.5	39.5	36.5	47	44	60	66.5	28.5	62.5	55.5	27.5	51.5	79.5	235.5	84	98.5	71.5	40	35.5	4	5.5	39.5	35.5	82	99	28
PLATE2	1	HC19-KC145	27	21.5	26.5	36.5	42.5	51	46.5	20	50	41	15	128	61	47	68	95	110	47	39	-3	0	34	40	91.5	90	29
PLATE2	1	HC19-KC146	35	39.5	36	42	31.5	64	57	20	63	46	26	34	79	27	58.5	88	57	50	38	1	1	32	38	70	103	30
PLATE2	1	HC19-KC147	30	20	30.5	33.5	33.5	58	42.5	16.5	62	46.5	19.5	1143.5	303	33	289.5	324	311	47	34	3	4.5	25	41	74	99.5	31
PLATE2	1	HC19-KC148	36	38	31	52	37	63	56	33	52.5	44	35	1790.5	74.5	78	83.5	95	63.5	59.5	55	6	10	34.5	39	80	103	25
PLATE2	1	HC19-KC149	43.5	27.5	45.5	47.5	56.5	61.5	67.5	26.5	61	40.5	23.5	47.5	78.5	91.5	74.5	91.5	80.5	52.5	43.5	1.5	2	33.5	35.5	84.5	103	27.5
PLATE2	1	HC19-KC150	36.5	17	31	26.5	36	57	55	29.5	54	51	22.5	64	77	44	66.5	83	57.5	48.5	42	1	4	32	39	77	101	21.5
PLATE2	1	HC19-KC151	49	36	32.5	54.5	47	70	56	37	61.5	73	1998	2229	237	33	74.5	93	69	57.5	43	20	7.5	46.5	33	83	103.5	37
PLATE2	1	HC19-KC152	31.5	29	31	51	43	60	63	36	57	60	23	231	72	54	67	89.5	84	42	44.5	-0.5	3.5	29	39	85.5	103.5	21
PLATE2	1	HC19-KC153	37	26	52	44	36	80	61	27.5	56.5	49	29	41	82	21	78	96.5	62	51	50	-1	18	38	34	79	99	27
PLATE2	1	HC19-KC154	32	35	32	26	36	57.5	48	26	55	32	13	47	81	24.5	66	80.5	65.5	36	42	1	4	19.5	42	78	76.5	15
PLATE2	1	HC19-KC155	33	22	25	40	38	53.5	52	23	52.5	48	8	27.5	64	24	139	173.5	160	50	35	-7	-5	32	43	71	113	21
PLATE2	1	HC19-KC156	31	37	22	49	43	62	63	24	54	51	30	44	82	1492.5	58	106	88	50.5	58	1	10	47	38	86	91.5	629
PLATE2	1	HC19-KC157	36.5	29.5	28.5	47	31.5	70.5	49	30.5	63.5	49.5	24.5	166.5	77.5	124.5	65.5	77.5	73.5	43.5	38.5	-9.5	0.5	33.5	38.5	99.5	86.5	30.5
PLATE2	1	HC19-KC158	31.5	24	28	27	31	58	48	17	59.5	47.5	27	25	69	24.5	101.5	135	105.5	37	44	-7	6.5	25	43	80	114	27
PLATE2	1	HC19-KC159	37	35	35.5	30.5	37.5	55.5	58	18	46	49	23	68	70	19	72	92	64.5	44	37	5	2.5	47	43	77	84	24.5
PLATE2	1	HC19-KC160	35	36	47	42	44	62	58	28	59	42	31	53	78	20	319.5	282	247	53	50	3	6.5	32	36	88	697.5	23.5
PLATE2	1	HC19-KC161	34	34	38	49	48	76	62	17	70	34.5	29	38	81.5	107	89	87	81	39.5	39	2	12.5	26.5	34	96	105	29
PLATE2	1	HC19-KC162	32	39	31	33	45.5	64	53.5	19.5	46	57	15	62	66.5	29	64	84.5	69.5	43	44	0	2	26	38	84	91	26
PLATE2	1	HC19-KC163	26	35.5	39	31	40.5	55.5	52	22	52	36	265	616	84	128	67	82	102.5	34	45	-5	-1	25	43	80	79	34.5
PLATE2	1	HC19-KC164	41	40	50	41	36	70	59	36	57	49	22	196	93.5	75	85	98.5	81	53	52.5	11	14.5	46.5	32	95	98	34
PLATE2	1	HC19-NM057	40	31.5	39.5	42.5	47.5	66	58.5	26.5	73	55.5	39.5	37.5	72.5	31.5	65.5	88.5	76.5	61	48.5	8.5	12.5	33.5	31.5	96.5	91.5	31.5
PLATE2	1	HC19-NM058	38	35	47	41	36	60	52	31	52	45.5	15	52	77	39	77.5	86	72	50.5	46	-1	9	35	36	88	102	37
PLATE2	1	HC19-NM059	47	-7	-36	-13.5	-14	13	-3	-17	17	326.5	254.5	381.5	36	347	771	539	958.5	316	117	85	60	239	118	154.5	100	258
PLATE2	1	HC19-NM060	50	31	31.5	42.5	41	58	53	27	59	46	360	1288	228.5	129.5	63.5	86	66	75.5	36	7	6	37	42	90	87	19
PLATE2	1	HC19-NM061	41.5	37	37	35	53	66	71	23	71	45	22	31.5	75	25	74	75.5	67	64	41	13.5	20	38	33	89	103.5	29
PLATE2	1	HC19-NM062	32	19	31	41.5	39	60	44	24	48	39	21.5	34	81	27.5	69	78	48	44	41	-3	-2	33	42	83	95	20
PLATE2	1	HC19-NM063	32	19.5	50	44	43	72	60	25	57	47	23	46	85.5	63.5	93	107	81	39	46	1	5.5	30	36	71	96.5	35
PLATE2	1	HC19-NM064	37	29	37	40.5	42	64	53	27.5	55	55.5	24.5	28.5	70.5	6552	71	86	89	48.5	39	9	14	35	39	87	92.5	30
PLATE2	1	HC19-NM065	30.5	48	34.5	55	44.5	65.5	68.5	27	58	47	18	31.5	72	48	75.5	83	56	49	36	191	13	45	36	96.5	83.5	24
PLATE2	1	HC19-NM066	43	42	36.5	45	43	63.5	53.5	29.5	58.5	53	28	31	75	28	74	78	70	50	44.5	7	16	42	31	75	75	26
PLATE2	1	HC19-NM067	41	37	55	45	43	73	70	37.5	60.5	52.5	43	38.5	75	206	76	102	88	48	55	8	13	40.5	32	87.5	111	35
PLATE2	1	HC19-NM068	34.5	28	33.5	43	32	52	48.5	24	61	43	24.5	18.5	71	13	61	84	58	35	37	-9	4	31	40	92	78.5	21
PLATE2	1	HC19-NM069	36.5	25.5	31.5	35.5	42.5	53.5	59	28.5	62.5	38	29.5	30.5	78.5	29	82.5	95	68.5	56.5	54.5	4.5	9.5	40	34.5	92	100.5	25.5
PLATE2	1	HC19-NM070	31.5	23.5	38.5	32.5	32.5	57	50.5	12.5	53.5	56.5	21.5	31.5	59.5	805.5	72	95.5	68.5	48.5	41	0.5	5	33.5	41.5	87.5	91.5	25
PLATE2	1	HC19-NM071	32.5	34	40	41	43.5	63	64	35	61	50	15.5	39.5	83.5	14522.5	71	94	67	98	51	3.5	22	60	34	95	92	27
PLATE2	1	HC19-NM072	36.5	21	32	38.5	38.5	73.5	45.5	17.5	49	39.5	11.5	25.5	67	28.5	77.5	84.5	80.5	34.5	41.5	-1	3.5	31	40.5	70	80	34
PLATE2	1	HC19-NM073	40.5	35	41.5	40	46	64	51.5	31	74.5	46	30.5	41	80.5	58.5	78	87.5	78.5	43.5	44.5	10.5	14	35	32.5	85.5	88.5	26.5
PLATE2	1	HC19-NM074	48.5	35	48	48.5	53	60.5	65	42	69	59.5	34.5	43	88	2524	942	918	953	52	51	6	20	35	32	84	116.5	45.5
PLATE2	1	HC19-NM075	44	35	46	44	49.5	78	66	36	65	55	33.5	51.5	83	6131	5286	5757.5	5207	62	61.5	7.5	16	42	32	87	108.5	33
PLATE2	1	HC19-NM076	38.5	30	27	40.5	35	57	49	21	51	52.5	29	42	86	322	76.5	98	67	48	50.5	3	9	44.5	40	86.5	86.5	29
PLATE2	1	HC19-NM077	31	24	43	39	40	67	54.5	20	59	33	20	38	63.5	253	58	91	66	46.5	50.5	-5	3	35	41	88.5	91	34
PLATE2	1	HC19-NM078	41	43.5	35	40.5	42	67	61	24	69	50	29	34	90.5	40	72.5	89	71	63	55.5	7.5	8	41	36	94	97.5	43
PLATE2	1	HC19-NM079	33.5	41	38.5	59.5	45	63.5	46	18	51	51	16.5	34	69.5	58	159.5	181	251	68.5	32	0	-7.5	26	42	87	82	101
PLATE2	1	HC19-NM080	37.5	35	49	33	49.5	68	71	32	56	58	27	37	83.5	39	1464	1425.5	1405.5	52	53	17	20	36	38	96	98.5	28
PLATE2	1	HC19-NM081	52	36	37	52	44	68	65	44.5	63	57	26	49.5	86.5	38	80	91	71	55	56	15	26	49	28	87.5	85	39.5
PLATE2	1	HC-251K	51.5	37.5	51.5	38	31.5	66	51.5	30.5	56	50	30.5	1551.5	78	865.5	73	127.5	89	64	47	8.5	16.5	36.5	39.5	98	102.5	34.5
PLATE2	1	HC-252K	37	28	28.5	36	34	57.5	56	28	63	36	21	36	77	28	69	83.5	64	31	48	-1	-4	30	39	72	93	29
PLATE2	1	HC-253K	78	106	65	53	65.5	85	58.5	34	87	67.5	15	30	68.5	39	75.5	96	75	33	46.5	5	7	25	40	69.5	85.5	17
PLATE2	1	HC-254K	39.5	34.5	41.5	48.5	44.5	57.5	54	32	53.5	48.5	12.5	43	75.5	43.5	74.5	86.5	70.5	41.5	49.5	-0.5	1.5	35.5	34.5	79.5	88.5	21.5
PLATE2	1	HC-255K	36.5	22	37.5	57.5	45.5	73.5	62.5	28	77.5	47.5	33.5	31.5	85.5	41.5	73	89.5	364.5	65.5	52	2	13.5	33	33.5	98.5	97.5	26
PLATE2	1	HC-256K	40	22	38	36	37	61	55	20	55.5	39	21.5	36.5	68	26	74	79	47	42	44	0.5	2	33	38	92.5	91.5	28.5
PLATE2	1	HC-257K	34.5	23.5	26.5	28	42.5	51.5	53.5	30	55.5	35	38.5	36	69.5	19.5	78.5	79.5	62.5	35.5	46.5	-9.5	7.5	30.5	39.5	74.5	97.5	20.5
PLATE2	1	HC-258K	44	34	53	51	60	70	59	35	66	47.5	37	40	79	144.5	83	88	80.5	53	52	8	12	47.5	29	86	102.5	38
PLATE2	1	HC-259K	28	19	20	43	38	57	40	20	41.5	44	18	28	62	296	1438.5	1360	1135	42	44	-13	9	23	55	84	81	16
PLATE2	1	HC-260K	39	20.5	24	45	65.5	58.5	53	18	66	50	29.5	65	65.5	24.5	76	84	69	36	45.5	7	2	28	37	80	95	23
PLATE2	1	HC-261K	84.5	49	70.5	38.5	77.5	85.5	74	28.5	199.5	97.5	29.5	43.5	78.5	405.5	98.5	97.5	86.5	277	55.5	7.5	13.5	48.5	35.5	84	116	43.5
PLATE2	1	HC-262K	31	14	29	34	31	71	48	25	62	42	19	29.5	76.5	21	75	93	57	55	38	-8.5	-1	23	41	65.5	102	28.5
PLATE2	1	HC-263K	248	46.5	147	64	137	148.5	45	23	267	189	12.5	34.5	79	136	125	228	221	43	32	-12	-1	93	45	83	95.5	27
PLATE2	1	HC-264K	46	26.5	41	50	57.5	69.5	63	31	66	46	24	37	73	42	78	88	65	63	46.5	11.5	9	42	30	89	92.5	34
PLATE2	1	HC-265K	41.5	54	41.5	45.5	47	80	66	32.5	70	58.5	51	93	87	149	85.5	96.5	105	66.5	52	0	21	38	29	99	116.5	46
PLATE2	1	HC-266K	47.5	34.5	39	45.5	49.5	63.5	61.5	35.5	70.5	50.5	28.5	47.5	89	36.5	83	96	84.5	49.5	54.5	4.5	13.5	50.5	28.5	95	109.5	28
PLATE2	1	HC-267K	76	21.5	59	39	60	79	54	17	110	73	31.5	38	68	574.5	76	88	76	30	47	6.5	0.5	52	42	90.5	79	25.5
PLATE2	1	HC-268K	125.5	352	89.5	32	85	100.5	53	26.5	164	105.5	35	150.5	83	38	81.5	103.5	105.5	53	62	8.5	14.5	46.5	39	84.5	92	27
PLATE2	1	HC-269K	33	21	35	31	46.5	51	48	14.5	57	35	20	54	64.5	20.5	71.5	76	152	39	38	1648	4	19	42	72	100	18
PLATE2	1	HC-270K	55	27	40.5	44.5	37.5	68	56	26	68	47.5	29	40	84	48	97	108	125	46	47	5	2	41.5	34	80.5	88	44.5
PLATE2	1	HC-271K	46	39	39	47	45	69.5	51	27	62	53	22	43.5	80	50.5	94	106	114.5	41	39	4.5	7	35	34	83.5	95	27.5
PLATE2	1	HC-272K	52	53.5	40.5	55	43	57	54	27	72	58	19	39	61.5	105.5	62	87	70.5	60	36	-7	5	37.5	40	81.5	109	21
PLATE2	1	HC-273K	86	72	71	38	67	78	58	20	112	82	19	34	78	24.5	78	86	66.5	43.5	33	-0.5	-6	37.5	37	77	95	25
PLATE2	1	HC-274K	27.5	33	50	29	45	65	53	17	49.5	54	25	42	86.5	34.5	72	76	59	41	44	5	-3.5	39.5	40	83	77	23
PLATE2	1	HC-275K	44	46.5	38.5	45	37	72	53	26	73	58	22	33.5	78	25.5	1555	1480.5	1710	43	50.5	4	6.5	36	36	88	83	31.5
PLATE2	1	HC-277K	41.5	24.5	45.5	51.5	40	69.5	61.5	28	66.5	49.5	31.5	39.5	84.5	36.5	76.5	103.5	64.5	50.5	44.5	9.5	5.5	28.5	30.5	87	92.5	37.5
PLATE2	1	HC-278K	29	44.5	31	47.5	39	67	52	19	62	34	14	28	76	73	80	68	59.5	49	45	3	7.5	24	37	85	94	26.5
PLATE2	1	HC-279K	177	1332.5	130	99.5	95.5	111.5	38	31.5	345	233	55.5	183.5	70.5	1027.5	147.5	130	2492.5	116.5	57.5	489.5	33.5	113.5	61.5	98.5	93	581.5
PLATE2	1	HC-280K	41.5	52	48.5	48.5	46	71.5	55	38	73	58	24	36	85.5	31	79	95	69	50	57	4	18	38	29	100	96	39
PLATE2	1	HC-281K	76	76.5	51	68.5	61	89	63	36	78	81	31	42	86	1025	299	337	362	54.5	59.5	15.5	25	56	30	100	130	25.5
PLATE2	1	HC-282K	1714	303.5	517.5	17	1030	431	27.5	1	4155	1886	314	1929	48	161	9599.5	9354	7765	1372	222.5	11	386	462.5	102	96	135	544.5
PLATE2	1	HC-283K	185	54	120.5	62	152	138	59	17	349	150	16	72	69.5	647	76.5	134	170.5	42	45	-4	7	70	46	78	100.5	53
PLATE2	1	HC-284K	49.5	33	46.5	60	52	69	59	34.5	82	47.5	20	50.5	87.5	1921.5	71	94	205	54.5	53	0	11	47	32	85	88	35
PLATE2	1	HC-285K	68	49	73	56.5	50	82	64	34	83	87.5	34.5	38	76	157	200.5	202	379	48	57.5	10	23	47	31	84.5	108.5	46
PLATE2	1	HC-286K	45	36	41	37.5	41	77	70.5	37	59.5	47	17.5	37	78.5	37	81.5	98.5	84	54	83	-1.5	13.5	39	36	94.5	75	24
PLATE2	1	HC-287K	30	367	37	56	38	57	59	24	67	57	19.5	43	85.5	231	162	163	185.5	43	43	98	8	43	34	80	99.5	31
PLATE2	1	HC-288K	33.5	23.5	33	48.5	37.5	67.5	57	29.5	61.5	32.5	17.5	27	69.5	84.5	75.5	82.5	74.5	29.5	38.5	1	7.5	37.5	38.5	78.5	100	24.5
PLATE2	1	HC-289K	168.5	24	58	53.5	60	76.5	55	28.5	101	104	15.5	31	77	29	58.5	91	73	62	29	-3	7.5	43	38	86	102	36.5
PLATE2	1	HC-290K	39	25	37	37	37.5	62	55	26	68	54	22	32	80	21	67	86	98	55.5	33.5	-7.5	-5	30	39	78	85	24
PLATE2	1	HC-291K	58	37.5	67.5	52.5	46.5	85	63.5	24	128.5	66	19	35.5	80	407	384	397	393	55	49	6	7	37	38	96	85.5	25
PLATE2	1	HC-292K	48	32	45.5	56	56	66	57	25.5	142	52	23	64	79	255	68.5	96	77	44.5	50	7	19	39.5	35	100	107	29
PLATE2	1	HC-293K	38	25	36	45.5	29	62	50	30	59	47.5	20.5	46.5	77	625	96	115	93.5	53.5	44	1	4.5	36	39	76	89	21.5
PLATE2	1	HC-294K	27	18	32.5	28	36	58	56	15	52	41	13	32	61	174	69	74	50	32	41	-11	5	23	45	79	90.5	20
PLATE2	1	HC-295K	50.5	38.5	39.5	50.5	43	66.5	69.5	41.5	50.5	56	38.5	46.5	76	2142.5	89	103.5	81.5	47.5	49.5	6.5	10.5	46.5	28.5	94.5	104.5	37.5
PLATE2	1	HC-296K	36	31	32	46.5	40	73	52	33.5	47	47.5	18	23.5	76	908	79	88	85	52	44.5	7	8	32.5	37	90	95	44
PLATE2	1	HC-297K	105.5	31.5	82.5	54	85.5	91	54.5	22.5	291.5	89.5	18.5	30.5	70.5	441.5	70.5	100.5	167	42.5	40	-0.5	-0.5	46	40.5	96.5	113.5	37
PLATE2	1	HC-298K	87	36.5	63	55	61	92	59.5	25.5	121	82	26	36.5	85.5	493.5	78.5	107	101.5	55.5	43	5	-0.5	47.5	34	90.5	100	24
PLATE2	1	HC-299K	29	37	25.5	56	33	56	64.5	23	56	50.5	16	32.5	82.5	19	62	89.5	48	43	37	-7.5	-0.5	49	40	81	77.5	19
PLATE2	1	HC-300K	43.5	21.5	34.5	36.5	41.5	62.5	57.5	38.5	66	46	27	44.5	78.5	73.5	77.5	81.5	67.5	55.5	48.5	5.5	6.5	35.5	36.5	91.5	113	19.5
PLATE2	1	MBL-164	39	35	39.5	38	39	74	58.5	22	52.5	46.5	56	340	168	27	86	81	80	56	58	21	25.5	47	38	86	103	27
PLATE2	1	MBL-165	69	30	42	38	54.5	68.5	58	26.5	91	48	19.5	61	87	203.5	73.5	91.5	67.5	42	45	11	9	46	40	74.5	96	25
PLATE2	1	MBL-167	35	18.5	40.5	38	39.5	46	53	30	53.5	44	24.5	27	67	36	107	127.5	98	49	43	1.5	-4	24	40	87	95	21
PLATE2	1	MBL-168	48	82	34	31	49.5	51	40	12	71	59.5	26	79.5	63	151	469	400.5	542.5	64.5	40.5	10	654	31	47	85	87	69
PLATE2	1	MBL-169	45.5	36	39	44	46.5	64.5	54.5	27	66	51	30	31.5	75	1079.5	70.5	104.5	144	48.5	42.5	9.5	7.5	43.5	37.5	81.5	82.5	86.5
PLATE2	1	MBL-170	38.5	31.5	28.5	32.5	49.5	68.5	60.5	27.5	54.5	56	19.5	43.5	76.5	27.5	84.5	88	66.5	48.5	43.5	-1.5	14	37	35.5	103.5	103	30
PLATE2	1	MBL-171	36	29.5	34.5	49.5	51.5	65.5	65.5	29.5	60.5	62.5	29.5	44.5	75.5	43.5	87	98.5	82	34.5	45.5	0.5	4	32.5	34.5	85	84	35.5
PLATE2	1	MBL-172	37	29.5	38	36	45.5	69.5	50.5	25.5	56.5	40	17.5	186.5	81.5	340.5	101.5	115.5	120.5	56.5	40.5	24.5	6.5	32	40.5	88.5	88.5	30.5
PLATE2	1	MBL-173	50.5	46	44.5	45.5	52.5	75.5	68.5	38.5	75.5	65	35.5	42.5	89.5	31.5	86.5	92.5	84.5	398.5	55	13.5	23.5	36	31.5	100.5	114.5	35
PLATE2	1	MBL-174	54	31	39	42.5	42	72	69	34.5	72	55	19	47	69	365	72	90	67	46	45	8	17	38	34	82.5	86.5	15.5
PLATE2	1	MBL-175	47	32.5	48	58	51	74	62.5	27	64	58.5	24	34	87.5	1275	339	362	280	49	46	7	13	48	35	83	102	36.5
PLATE2	1	MBL-176	53	40	47	48.5	49	68	67	48.5	92	56	26	50	81.5	50	85	114	122	65.5	49.5	7.5	31.5	36	32	83	106	26.5
PLATE2	1	MBL-177	43	27	35.5	49	41	64	60.5	30	56	59	23	49	71	64	70	95	63	52	47	-2	-1	41.5	38	82	84	22
PLATE2	1	MBL-178	52	40.5	47.5	46.5	56	77	62.5	31	68	57	35.5	44	89.5	27	84	88	84.5	56	48	4.5	13	46	27	83.5	109	43
PLATE2	1	MBL-179	36.5	30	42	45.5	35	60	54	45	78	54	18	49	71	52	85	97	75.5	39.5	51.5	5	4	28	33	86	87	39.5
PLATE2	1	MBL-180	40	25.5	21.5	29	34	61	51	18.5	58	41	16	24.5	80	1308	61	75	59	39	39	-4	-1	18	43	74	73	13
PLATE2	1	MBL-181	46	31	44	38	33	61.5	54.5	31	86	41	26	53.5	60.5	16.5	150.5	164	156.5	48.5	45	-3.5	-2	34	39	81	232.5	16
PLATE2	1	MBL-182	46	34.5	36	51	34	57	66	23	60.5	58	40	484	189	21	76.5	100	74	37	43	1	17	42	35	84.5	99	20
PLATE2	1	MBL-183	48	31	23	50	53	61	44.5	28.5	64.5	56.5	16.5	38.5	82.5	314	81.5	85	76	46	49	17	12	40	43	77.5	83	20
PLATE2	1	MBL-184	38.5	51	40	38	41.5	59	72	22	56	48	19	27	76	18	16214	19801	14347.5	39	41.5	-1	8	22	39	83	89.5	27
PLATE2	1	MBL-185	33.5	16	32	38.5	38	57	49	17	57	52	21.5	35	72	19	64	74	63	41	52	22	-4	34.5	38	89	92.5	34.5
PLATE2	1	MBL-186	53	45.5	52	57.5	53.5	68.5	72	32.5	70.5	53.5	35.5	52.5	74.5	1620	72.5	111.5	96.5	52.5	59	7	11.5	44	29.5	100.5	114.5	41
PLATE2	1	MBL-187	1174	25	155	59	262	167	54.5	27	687	898	26	31	62	3116	5831	5793	6409.5	64	38.5	6	1.5	113.5	46	83	96	51
PLATE2	1	MBL-188	65	40.5	39.5	48	41	72	56.5	18	68	59	33	86	80	28	2336	1580	803	93	43	-3	10	29.5	40	80	92.5	25
PLATE2	1	MBL-189	39	25	38	56	47	68	61	28	63	64	25.5	35.5	63.5	29	98.5	119	89	48	44	7	2.5	34	35	93.5	124	23.5
PLATE2	1	MBL-190	38	45.5	29	42.5	37.5	78.5	64.5	43	58	46	36	54	95	2184.5	87	96	109.5	49	57.5	43	214	30	41	89	109	39
PLATE2	1	MBL-191	1459	76.5	923.5	200.5	1182.5	967.5	59.5	31.5	2438.5	995	30.5	33.5	77.5	190.5	382.5	222	270.5	115.5	39.5	29.5	54	157.5	39.5	89.5	85	241
PLATE2	1	MBL-192	51	39.5	55	46	45	72.5	63.5	39	74	65	31.5	42.5	84	36	72	97	87.5	44	46	18	17	46	27	98	101.5	43
PLATE2	1	MBL-193	34	27	35	45	46	63	60	22	59	53	20.5	28.5	71	22.5	81.5	80	52	39.5	46.5	-2	0.5	42	37	79	103	24
PLATE2	1	MBL-194	38.5	30	29	42.5	39	60	55.5	26	62	37.5	25	40	75.5	26	74	84	66	38	46	4	2	37	35	86	97.5	26.5
PLATE2	1	MBL-195	48.5	32.5	35	46	41	67	58	32	57	41	29	79.5	74.5	217	78.5	97	271	49	53	5.5	102.5	39.5	31	82	87	37
PLATE2	1	MBL-196	39	26.5	31	56.5	40	68	55	28	66	55	14.5	29	74	42	64	78	102	46.5	44	2.5	9	37	36	75	95.5	18
PLATE2	1	MBL-197	30	31.5	42.5	28.5	33.5	58.5	50	26.5	55	54.5	26	35.5	78.5	1284.5	62.5	90.5	85	55	52.5	5.5	14.5	38	37.5	84.5	89	27.5
PLATE2	1	MBL-198	41	47	172	50	39.5	216	53	26	63	47	35	29	73	214	110	124	101.5	43	49	3.5	2	38.5	36	79	72	30
PLATE2	1	MBL-199	44	25	36	28	45	75	48	25	66.5	41.5	86	33	65.5	87	72	88	75	36	38	2	-3	29	39	79	90	26
PLATE2	1	MBL-200	207	31.5	68	57	140	102	57	23	260	162	18.5	59	77.5	106	86.5	102	72	56	40	3	5.5	54	36	85	91	23
PLATE2	1	MBL-201	72	33.5	59	48	51	79	56	28	148	88.5	36.5	53	75.5	2621.5	91	97	69	152	47	4.5	9.5	49	31	78.5	97	28
PLATE2	1	MBL-202	29	35.5	36.5	43	40	54	45	19	59.5	48	27.5	36	71	108	71	83.5	66.5	39	35.5	-8	-4	26	39	77	87	22
PLATE2	1	MBL-203	97.5	56.5	82.5	56.5	75	93.5	58	32.5	114.5	89.5	26.5	57	81.5	545.5	83.5	103.5	69.5	47.5	56.5	5.5	14.5	66	28.5	81	101	41.5
PLATE2	1	MBL-204	34	39	39	46	43	60	59	27	52.5	59.5	27.5	56.5	78	54	79	93	70	45	39	1	8	28	35	78	93.5	24.5
PLATE2	1	BL771	41.5	41.5	39.5	47	45.5	77.5	65.5	26.5	72	43	27	64.5	82.5	30.5	75	99.5	70.5	51.5	47	9	839	42.5	28.5	89.5	100.5	30.5
PLATE2	1	BL773	82.5	48.5	56.5	42.5	41	78.5	53.5	30.5	78.5	61	34.5	41.5	82.5	50	69.5	88.5	71	53.5	47.5	5.5	20.5	33	33.5	78.5	106	31
PLATE2	1	BL774	30	41.5	39	52.5	23.5	63	55	23.5	63	41	21	47	96.5	25	72	85	57	2699	45	5	0	24.5	38	91	130	30
PLATE2	1	BL775	30.5	24	19	35.5	31	60.5	57	27	55	44	24	70.5	139	24	71	86.5	60	5477	41	6	11	34	40	84	151	23
PLATE2	1	BL776	31	32	36.5	48	32	60	52.5	19	57	31.5	23	26	84	30	142	134	124.5	42	32.5	-3	9	38.5	35	85	97	22
PLATE2	1	BL777	35	29	36	46.5	43.5	65.5	50	26.5	65	39	20.5	46	82	26	97	111	100	48	44	-2	6.5	33	34	89	89	27
PLATE2	1	BL778	45	35	31.5	36	27.5	73.5	57	24	60	51	26.5	624	127	99	83	92	56	42	41.5	6	13.5	41	32	78	97	22
PLATE2	1	BL779	72.5	47.5	41	44.5	55	84	55	31	85	71	29	52	92.5	25	141.5	141.5	108	50	48	7	11	46	30	96	94	27.5
PLATE2	1	BL648	95	19	49	32	98.5	55.5	47	28.5	184.5	86	21.5	463	70	11.5	73	86	66.5	37	39	4	-1	34	40	94	93.5	20.5
PLATE2	1	BL702	32.5	39.5	31.5	35	40.5	73.5	55	31.5	53.5	49.5	46.5	84364.5	89.5	23	83.5	84.5	74.5	49.5	39	361.5	4.5	27.5	35.5	83	95.5	16.5
PLATE2	1	BL705	48.5	39	44	47	49.5	79	71	38	71	51.5	215	4180	164	39	665	971.5	770	132	51.5	8	174.5	47	30	87	1337	41.5
PLATE2	1	BL722	32	38.5	39	49	33.5	66	59	28	54	49	33	33	74	50	94	106	88	94	35	-4	18.5	29	39	86	105	27
PLATE2	1	BL735	36.5	33	25	39	33.5	63	61.5	22	55	38	28	40	79.5	33	102	126.5	85	44	35.5	6	7	35.5	36	78	90	19
PLATE2	1	BL736	38	33	33	48	39	59.5	60	22	48	46.5	1882	857.5	249	136.5	497	544	507.5	46	38.5	2	41	36.5	41	81	84	23
PLATE2	1	BL740	33	40.5	37	44	51	63	54	25	64	56	55.5	97	97	154.5	90	105	105	56.5	51	18	38.5	43	33	94.5	110	30
PLATE2	1	BL742	36	34	37	49.5	31	71	52	19	49.5	54	7.5	31	78	169	3189	3903	3317	55	47	200.5	15	35.5	34	89	100.5	20
PLATE2	1	EBV-MALE-NEG	51.5	42	43.5	41	51	69	61.5	39	63	54.5	29	47	94	66.5	82.5	97.5	78	55	59	17	22	37	24	94	95	31.5
PLATE2	2	EBV-MALE-NEG	34	34	37	34	46	54.5	59	27.5	55.5	39	21	25	79	32	66	72	64	48.5	33	4.5	19	36	35	84	93	29
PLATE2	1	EBV-FEMALE-NEG	40.5	42.5	23.5	39	41.5	68.5	56.5	28.5	64.5	53	45.5	52.5	87.5	15897	106	103	236.5	93.5	50.5	-0.5	22.5	46.5	39.5	78.5	163.5	78.5
PLATE2	2	EBV-FEMALE-NEG	44	43	42	32	37	61	63	40.5	52.5	52	34	44	76	12076	77.5	90	197	52.5	44	1	27	37	37	82.5	120.5	64.5
